OBJECTID,HUC12,Name,RarAqRankSW,RarAqSumSW,RarFish,RarAqAmph,RarAqRept,Shape__Area,Shape__Length
1,180201590400,Gilsizer Slough-Snake River,5,0.415094,2,0,2,1166747898.65234,226741.887792187
2,180600080503,Corralitos Canyon,4,0.339623,2,3,0,235531615.335938,110700.716745614
3,180400010703,Raynor Creek-Chowchilla River,2,0.150943,0,2,0,250458905.125,209016.532456319
4,180703041300,Mission Beach-Frontal Pacific Ocean,0,0,0,0,0,69133066.96875,167295.313548621
5,180902021201,Fortymile Wash,0,0,0,0,0,6926632.6953125,21538.5911655428
6,180101070401,Cooksie Creek-Frontal Pacific Ocean,3,0.245283,3,1,0,137810692.929688,84104.026181151
7,180101070208,North Fork Mattole River,3,0.245283,3,1,0,168644753.96875,64825.5767423121
8,180101051101,Salt River,5,0.509434,5,1,1,192071839.066406,65564.7760113963
9,180101051003,Price Creek-Eel River,5,0.584906,5,2,1,188915187.941406,78362.7787222208
10,180101020604,Little Salmon Creek-Salmon Creek,5,0.679245,4,4,1,83200487.5976562,54830.9799745648
11,180101020605,Humboldt Bay,5,0.90566,8,4,1,336055616.332031,135244.551264187
12,180101010501,Lake Earl,3,0.264151,2,2,0,135351444.742188,62519.9076541145
13,180101010403,Rowdy Creek,5,0.471698,3,4,0,154981560.039062,66559.491352096
14,180101080702,Virgin Creek-Frontal Pacific Ocean,5,0.54717,3,3,1,66502422.84375,66148.7746917307
15,180101060401,Sprout Creek,2,0.169811,3,0,0,106181362.195312,54813.0908975307
16,180101060305,Fish Creek-South Fork Eel River,4,0.396226,3,1,1,100634171.484375,44208.7779255911
17,180101060402,Redwood Creek,3,0.245283,3,1,0,115169925.503906,52232.9667880266
18,180101060403,Ohman Creek-South Fork Eel River,4,0.396226,3,1,1,234766126.996094,82019.7448053749
19,180101051002,Monument Creek-Eel River,5,0.471698,3,4,0,108652021.378906,50775.8999944348
20,180101050602,Lower Larabee Creek,5,0.471698,3,2,1,179853282.539062,71841.7697229136
21,180101020408,Mill Creek-Mad River,5,0.528302,4,2,1,140390181.011719,80332.0334422687
22,180101020601,Jacoby Creek,5,0.566038,6,3,0,91405736.3554688,56234.2585760721
23,180101020405,North Fork Mad River,5,0.528302,4,4,0,220722243.335938,73291.5542393272
24,180102091005,Mettah Creek-Klamath River,5,0.45283,4,3,0,160729164.613281,85582.5916515057
25,180102091004,Pecwan Creek,3,0.264151,2,2,0,126844339.488281,52935.4860558717
26,180101010503,Wilson Creek,4,0.339623,2,3,0,61660286.953125,43900.8235418322
27,180101010401,Hardscrabble Creek-Smith River,5,0.584906,5,4,0,129899450.757812,55030.9808466707
28,180101010307,Rock Creek,4,0.320755,3,2,0,74797420.484375,41125.3173554866
29,180101010305,Hurdygurdy Creek,5,0.509434,5,3,0,139359732.046875,75837.7185888576
30,180101080301,South Fork Big River,5,0.415094,2,2,1,235823206.710938,87858.8093209294
31,180101030404,Long Valley Creek,5,0.471698,3,2,1,116559175.617188,59234.5615000597
32,180101080202,Upper Noyo River,5,0.471698,3,2,1,118233435.921875,53970.0362476497
33,180101060301,Hollow Tree Creek,5,0.471698,3,4,0,183294168.933594,71913.0900941569
34,180101050405,Pipe Creek-Eel River,2,0.169811,3,0,0,174407046.273438,79961.3677294685
35,180101050903,Baker Creek-Van Duzen River,4,0.396226,3,1,1,180272483.980469,75550.1729225701
36,180101020401,Bug Creek-Mad River,2,0.188679,2,1,0,229782836.71875,81530.8628740968
37,180102111201,Willow Creek,5,0.603774,4,3,1,197063196.585938,74656.786394368
38,180102111209,Deerhorn Creek-Trinity River,4,0.320755,3,2,0,122220114.175781,56135.1537322563
39,180102111204,Tish Tang a Tang Creek,3,0.207547,1,2,0,136351918.324219,62379.0727520633
40,180102090802,Boise Creek-Klamath River,5,0.735849,5,4,1,225113790.660156,85703.9924202342
41,180102090701,Rock Creek,4,0.320755,3,2,0,153705206.734375,60236.7651272014
42,180102090605,Swillup Creek-Klamath River,5,0.566038,6,1,1,109920971.042969,46569.2087778882
43,180102090401,Tenmile Creek,1,0.113208,2,0,0,73306100.1328125,38978.967221269
44,171003110303,Lower East Fork Illinois River,1,0.075472,0,1,0,1684036.6640625,10074.31852411
45,180101090105,Buckeye Creek,3,0.283019,1,3,0,171571426.808594,71320.2549720708
46,180101100101,Burright Creek-East Fork Russian River,2,0.150943,0,0,1,201548168.316406,72709.600008293
47,180101040507,Goforth Creek-Middle Fork Eel River,2,0.169811,3,0,0,71215078.0976562,40832.1402971278
48,180101030302,Lower Tomki Creek,3,0.245283,3,1,0,138403729.003906,69703.9938850651
49,180101050201,Woodman Creek,2,0.188679,2,1,0,110114898.988281,47705.0432967806
50,180101050206,Big Bend Creek-Eel River,3,0.245283,3,1,0,145134885.726562,66181.7662647943
51,180101050106,Casoose Creek,0,0,0,0,0,110098133.027344,49537.639184142
52,180101020202,Barry Creek-Mad River,3,0.226415,0,1,1,193894622.210938,63623.5353231823
53,180102120301,Salt Creek,5,0.45283,4,1,1,257857938.421875,97959.5472757559
54,180102100402,Crapo Creek-Salmon River,4,0.301887,4,1,0,114728576.691406,61554.4211298205
55,180102110902,Upper North Fork Trinity River,4,0.358491,5,1,0,166678061.4375,72795.0958415587
56,180102100403,Butler Creek-Salmon River,4,0.301887,4,1,0,168185806.15625,67290.5747011513
57,180102090601,Oak Flat Creek-Klamath River,5,0.490566,6,2,0,152453331.789062,56317.1542181462
58,180102061101,Grider Creek,4,0.396226,3,3,0,200613371.882812,77534.5603361442
59,180102061103,Bittenbender Creek-Klamath River,4,0.396226,3,3,0,258067562.496094,101472.043496139
60,171003090107,Carberry Creek,0,0,0,0,0,1423114.3359375,6451.47368918138
61,180500050400,Abbotts Lagoon-Frontal Pacific Ocean,2,0.132075,1,1,0,70255732.171875,103740.169223221
62,180500050304,Tomales Bay,5,0.54717,3,3,1,194700933,93095.1044953467
63,180500050303,Estero De San Antonio,4,0.358491,1,2,1,217873922.175781,93858.9765811601
64,180101100802,Ward Creek-Austin Creek,5,0.54717,3,3,1,161248130.070312,72475.4324257306
65,180101100504,Lake Sonoma-Dry Creek,5,0.433962,1,3,1,185732440.929688,81542.1153911527
66,180101100503,Warm Springs Creek,5,0.45283,0,4,1,145908418.464844,70363.1005517512
67,180101100601,Gill Creek-Russian River,4,0.339623,2,1,1,173432870.976562,77516.083281085
68,180101100507,West Slough-Dry Creek,5,0.45283,4,1,1,179968884.832031,88942.4579994672
69,180101100602,Sausal Creek-Russian River,5,0.471698,3,2,1,197259105.382812,70234.2573536136
70,180101100406,Dooley Creek,2,0.188679,2,1,0,67337100.9960938,46311.9281160097
71,180201160203,Clover Creek,1,0.056604,1,0,0,119167307.734375,56081.4302754765
72,180101040103,Baldy Creek-Black Butte River,4,0.339623,2,1,1,157218024.410156,54229.8407024675
73,180101040204,Red Chert Creek-Middle Fork Eel River,4,0.396226,3,1,1,102688223.792969,50157.5721984965
74,180201150301,Headwaters Grindstone Creek,0,0,0,0,0,169112047.253906,64517.9684037899
75,180101040201,Balm of Gilead Creek,3,0.245283,3,1,0,95077026.9023438,46013.380090716
76,180201520101,South Fork Beegum Creek,2,0.188679,2,1,0,151673855.183594,58145.0591031324
77,180201520103,Lower Beegum Creek,2,0.188679,2,1,0,112593580.0625,65625.202181927
78,180201520501,Upper Cold Fork,1,0.056604,1,0,0,176221906.179688,83373.2157794149
79,180102111101,Conner Creek Trinity River,5,0.584906,5,2,1,271363549.0625,90190.2624518503
80,180102110602,Lower Browns Creek,5,0.509434,5,1,1,151211873.851562,62136.6043072878
81,180102110801,Upper Canyon Creek,5,0.433962,5,2,0,130302205.589844,60742.5996539768
82,180102100104,Garden Gulch-South Fork Salmon River,4,0.377358,4,2,0,169962078.3125,76454.860885573
83,180102080204,Sugar Creek-Scott River,5,0.471698,3,2,1,179355841.101562,77536.6178882889
84,180102080602,Boulder Creek-Scott River,3,0.245283,3,1,0,93085421.3007812,43561.1862390339
85,180102080203,French Creek,4,0.339623,2,3,0,153208335.4375,59430.4310316311
86,180102080604,Tompkins Creek-Scott River,3,0.245283,3,1,0,128099877.929688,58278.7699849176
87,180102061002,Little Humbug Creek-Klamath River,4,0.358491,5,1,0,90165955.0546875,48184.6042321936
88,171003090103,Dutch Creek-Elliott Creek,1,0.075472,0,1,0,119917319.15625,52651.6788857368
89,180500060204,San Pedro Creek-Frontal Pacific Ocean,4,0.339623,2,1,1,129228842.144531,93194.0347873004
90,180500020607,Miller Creek-Frontal San Pablo Bay Estuaries,5,0.490566,2,3,1,120958136.65625,100568.726891134
91,180500020601,Petaluma River,5,0.566038,2,4,1,188846538.042969,65825.9943772756
92,180500020605,Adobe Creek-Frontal San Pablo Bay Estuaries,5,0.641509,2,5,1,130103005.109375,108264.553528939
93,180101100604,Maacama Creek,5,0.603774,4,3,1,197086472.328125,75905.3375054707
94,180201620303,Big Canyon Creek-Putah Creek,2,0.150943,0,2,0,139208810.933594,83629.1791279723
95,180201160301,Thurston Lake,2,0.150943,0,0,1,77204744.734375,48243.5905466095
96,180201160402,Twin Valley Creek-North Fork Cache Creek,3,0.226415,0,1,1,172987301.203125,71150.3323842902
97,180201150201,Middle Fork Stony Creek,1,0.075472,0,1,0,138557524.488281,56123.8404546891
98,180201150306,Lower Grindstone Creek,3,0.226415,0,1,1,155633572.871094,76100.0597138618
99,180201520604,Middle Dry Creek,0,0,0,0,0,110932838.308594,77854.5702775078
100,180102110303,Middle East Fork Trinity River,2,0.150943,0,2,0,90920576.8945312,42238.4347609284
101,180102080302,McAdam Creek,1,0.113208,2,0,0,125118209.027344,59985.447155514
102,180102060801,Humbug Creek,2,0.169811,3,0,0,172234767.433594,58773.8992259382
103,180102070503,Bunton Hollow Creek-Shasta River,4,0.320755,3,0,1,191961673.921875,81163.4852541926
104,180500060201,Arroyo Leon,2,0.132075,1,1,0,118443353.054688,63948.311539825
105,180500040902,Cordileras Creek-Frontal San Francisco Bay Estuaries,5,0.490566,2,3,1,180972491.828125,92907.5489631511
106,180500021001,Angel Island-San Francisco Bay Estuaries,5,0.415094,2,2,1,99145238.6171875,406713.908652664
107,180500020401,American Canyon Creek-Frontal San Pablo Bay Estuaries,4,0.358491,1,2,1,126857858.746094,94904.4152211217
108,180500020702,Pinole Creek-Frontal San Pablo Bay Estuaries,5,0.471698,3,2,1,234931451.621094,177468.301809984
109,180500020101,Chiles Creek,4,0.377358,0,3,1,135755505.277344,73682.6147153931
110,180201620101,Upper Eticuera Creek,3,0.226415,0,1,1,110361712.320312,54385.9342045276
111,180201040602,Funks Creek,2,0.150943,0,0,1,126064672.964844,98306.280221349
112,180201040103,Middle South Fork Willow Creek,0,0,0,0,0,147323873.492188,143295.72052545
113,180201570305,Sour Grass Creek,0,0,0,0,0,108541817.464844,60389.1543330551
114,180201570702,Jewett Creek,1,0.113208,2,0,0,74485238.6992188,84353.6197555046
115,180201520703,Pine Creek-South Fork Cottonwood Creek,2,0.169811,3,0,0,114249544.753906,66219.5262008731
116,180201550402,Spring Creek-Sacramento River,5,0.45283,4,1,1,181634795.546875,90044.3584208742
117,180201540303,Olney Creek-Sacramento River,5,0.528302,4,2,1,148372446.109375,66891.0246587857
118,180201510403,Basin Hollow Creek-Cow Creek,4,0.377358,4,0,1,104406710.90625,83013.2593262605
119,180200050307,Mosquito Creek-Sacramento River,3,0.226415,0,1,1,65642560.90625,48658.5058073598
120,180200050402,Charlie Creek-Sacramento River,1,0.075472,0,1,0,130646461.859375,59864.9160942868
121,180200050104,Deer Creek-Sacramento River,2,0.150943,0,2,0,144425807.925781,74453.0299534134
122,180200050301,Hazel Creek,3,0.226415,0,1,1,100029439.429688,46452.1317553415
123,180200040405,Tuna Creek-McCloud River,1,0.075472,0,1,0,70161154.0117188,37006.3222622076
124,180102070408,Big Springs Creek-Shasta River,4,0.320755,3,0,1,207355489.835938,128249.48743835
125,180102060702,Brush Creek-Klamath River,5,0.45283,4,1,1,161744579.597656,79943.9686324574
126,180600060201,San Jose Creek,4,0.358491,1,4,0,57708484.7460938,45582.4163744906
127,180600150202,Zayante Creek-San Lorenzo River,5,0.490566,2,3,1,221903978.421875,70007.8617994647
128,180500030204,Lower Penitencia Creek-Frontal San Francisco Bay Estuaries,4,0.358491,1,2,1,125083804.492188,56616.0891733855
129,180500010203,Pine Creek,4,0.377358,0,3,1,130062546.835938,58830.1555544872
130,180500010402,Suisun Bay Islands,1,0.113208,2,0,0,17006032.28125,72017.1786188879
131,180500010403,Suisun Bay,4,0.377358,4,0,1,198342802.472656,226901.029281978
132,180500010101,Ledgewood Creek,1,0.075472,0,1,0,74311120.0039062,52326.5009959382
133,180201160702,Salt Creek,0,0,0,0,0,94844074.4492188,48584.0966210168
134,180201620503,McCune Creek-Putah Creek,3,0.283019,1,1,1,127321340.042969,93374.1214901067
135,180201041005,Oat Creek,2,0.150943,0,0,1,118346223.007812,86888.8581794776
136,180201580303,Angel Slough,3,0.264151,2,0,1,114983849.945312,130350.386671656
137,180201580404,Drumheller Slough-Butte Creek,5,0.415094,2,0,2,1206564017.88281,258432.321527109
138,180201580302,Little Chico Creek,4,0.358491,1,0,2,206362336.925781,138142.061026663
139,180201570703,Hoag Slough-Sacramento River,3,0.226415,4,0,0,198418941.652344,127509.59705716
140,180201570401,Brush Creek,1,0.056604,1,0,0,87795011.3046875,44382.6710240893
141,180201550102,Upper Paynes Creek,2,0.132075,1,1,0,114456768.511719,82520.9445199737
142,180201510202,Lower South Cow Creek,4,0.396226,3,1,1,212589345.898438,88432.3623532789
143,180201510401,Clover Creek,5,0.415094,2,2,1,242041618.460938,125992.781599967
144,180201510301,Cedar Creek,2,0.150943,0,2,0,106417230.972656,72613.6539339156
145,180200040403,Bald Mountain Creek-McCloud River,1,0.075472,0,1,0,121994228.378906,66438.1583927786
146,180102050101,Blue Canyon,0,0,0,0,0,95238304.0664062,40835.3990424202
147,180200040103,Trout Creek,1,0.056604,1,0,0,134611026.71875,70869.3693785143
148,180600060305,Limekiln Creek-Frontal Pacific Ocean,3,0.283019,1,1,1,157395170.640625,96450.0531112061
149,180600060103,Tularcitos Creek,3,0.207547,1,2,0,225799360.886719,73155.1089473536
150,180600060101,Cachagua Creek,5,0.509434,1,4,1,187278809.5,69896.9326210386
151,180600150304,Canyon Del Rey,1,0.075472,0,1,0,79567918.515625,51139.1392187709
152,180600020804,Watsonville Slough Frontal,5,0.433962,1,3,1,97879071.8945312,57583.8186288013
153,180500030104,San Felipe Creek,4,0.301887,0,2,1,202900192.007812,84596.6121703146
154,180500030102,Middle Fork Coyote Creek,4,0.301887,0,2,1,93159981.359375,54213.8729290952
155,180500040406,Dry Creek-Arroyo Valle,4,0.377358,0,3,1,89387524.2070312,68434.388199036
156,180201630702,Beaver Lake-Sacramento River,5,0.490566,6,0,1,186921204.355469,123867.181646455
157,180201610303,Pleasant Grove Creek Canal-Cross Canal,4,0.320755,3,0,1,193623247.125,106753.90314342
158,180201590202,Oregon Gulch-Feather River,5,0.54717,3,1,2,201874519.855469,139815.089644083
159,180201580203,Hamlin Slough,1,0.056604,1,0,0,183879474.082031,83019.4207758596
160,180201530202,Upper South Fork Battle Creek,3,0.207547,1,2,0,166368670.617188,76077.0750623845
161,180201510101,Glendenning Creek,3,0.207547,1,0,1,94216869.375,43554.6859969243
162,180201510201,Upper South Cow Creek,3,0.245283,3,1,0,142171341.347656,60182.7744765812
163,180201530201,Panther Creek,1,0.056604,1,0,0,76289741.7109375,46814.2159552176
164,180201530104,Bailey Creek,0,0,0,0,0,145330713.183594,94863.649449789
165,180200030903,Green Burney Creek-Burney Creek,0,0,0,0,0,131690957.601562,60685.6336544537
166,180200040201,McCloud River Headwaters,2,0.132075,1,1,0,105519817.402344,46461.5989178464
167,180200030404,Upper Bear Creek,1,0.075472,0,1,0,190899589.976562,85760.1547325189
168,180102041303,Willow Creek,0,0,0,0,0,296894444.453125,139918.261515901
169,180102041403,Klamath Strait Drain,0,0,0,0,0,82174489.2382812,102940.980338987
170,180600051304,Santa Lucia Creek,3,0.207547,1,0,1,73271439.5117188,46668.5367891642
171,180600050704,Forest Creek-San Antonio River,3,0.207547,1,0,1,171918189.015625,74207.1743024015
172,180600050703,Mission Creek,4,0.377359,0,1,2,80538078.3710938,57735.4745935819
173,180600051405,Shirttail Gulch-Salinas River,1,0.056604,1,0,0,142980917.167969,74866.8872583521
174,180600051404,Stonewall Creek,0,0,0,0,0,64793498.9921875,49409.448302436
175,180600020102,Santa Ana Creek,5,0.433962,1,3,1,213385164.675781,98769.144921392
176,180500030101,East Fork Coyote Creek,4,0.301887,0,2,1,164142601.96875,90690.9416478201
177,180600020201,Upper North Fork Pacheco Creek,3,0.226415,0,1,1,109002653.222656,72722.0113002069
178,180600020205,Upper Pacheco Creek,3,0.207547,1,2,0,76235993.6054688,51688.7015129773
179,180400020101,Red Creek-South Fork Orestimba Creek,3,0.226415,0,1,1,100145922.269531,64022.1347676056
180,180400011903,Quinto Creek,0,0,0,0,0,124500519.53125,85062.0315706116
181,180400030501,Burns Cutoff-San Joaquin River,5,0.433962,5,0,1,73758111.921875,56382.9434382204
182,180400130803,Grizzly Slough-Cosumnes River,5,0.54717,3,1,2,147960495.082031,94399.1640363015
183,180201630403,Laguna Creek,4,0.377359,0,1,2,203519442.417969,118586.899149336
184,180400130503,Lower Deer Creek,2,0.132075,1,1,0,192098780.269531,137689.476832437
185,180201610204,Ping Slough-Coon Creek,3,0.207547,1,0,1,233943084.238281,87299.8716386125
186,180201251002,Woods Creek-Yuba River,4,0.396226,3,1,1,144242013.554688,77928.5083419225
187,180201250902,Middle Dry Creek,2,0.150943,0,0,1,173230342.828125,69559.8810694671
188,180201260402,Vineyard Creek-Dry Creek,4,0.339623,2,1,1,211818440.585938,74333.8970667215
189,180201570202,Lost Creek-Deer Creek,2,0.132075,1,1,0,135776430.042969,77839.1600322808
190,180201210101,Warner Creek,1,0.075472,0,1,0,198570490.800781,104900.448973531
191,180200030505,Tule River,3,0.264151,2,0,1,252497851.816406,93153.8062671034
192,180102041104,Double Head Mountain,1,0.113208,2,0,0,251302950.105469,84664.4360496685
193,180600060404,San Simeon Creek,5,0.490566,2,1,2,126244876.378906,58791.6126861631
194,180600050610,Nacimiento Reservoir-Nacimiento River,3,0.283019,1,1,1,132508812.285156,60291.9043217253
195,180600051203,Topo Creek,4,0.301887,0,2,1,157514072.394531,76799.3997310236
196,180600051108,Sweetwater Canyon,0,0,0,0,0,83438664.6914062,58643.2364204717
197,180400011302,Ortigalita Creek,0,0,0,0,0,112714362.761719,74124.7368266812
198,180400011203,O'Neill Forebay-San Luis Creek,0,0,0,0,0,78487354.9140625,47704.9998173769
199,180400012102,Mud Slough,5,0.509434,1,2,2,321940004.0625,154828.544896256
200,180400510204,Simmons Creek-Littlejohns Creek,1,0.075472,0,1,0,184460018.898438,154205.358768969
201,180201260301,Magnolia Creek-Bear River,1,0.075472,0,1,0,196095259.769531,99682.7191097616
202,180201250402,Slate Creek,3,0.283019,1,3,0,268914518.996094,114508.454954474
203,180200030602,Poison Lake,1,0.075472,0,1,0,171662585.613281,63199.8546942716
204,180800030401,Headwaters Susan River,0,0,0,0,0,131520658.621094,85112.3420374389
205,180200030107,Little Valley-Horse Creek,0,0,0,0,0,119918519.984375,55258.3074757433
206,180200030801,Clarks Valley-Pit River,0,0,0,0,0,73918753.4335938,42533.2346227593
207,180200021802,South Fork Juniper Creek,0,0,0,0,0,101990270.308594,57302.1712025673
208,180200021703,Big Swamp-Ash Creek,2,0.150943,0,0,1,310132181.605469,115223.605004929
209,180102041103,Lone Pine Butte,0,0,0,0,0,245687608.082031,77944.5101265272
210,180102040110,Boles Creek,1,0.113208,2,0,0,135746685.265625,92858.4670094716
211,180600060413,Willow Creek-Frontal Pacific Ocean,4,0.339623,2,1,1,29096021.8476562,49058.3082217437
212,180600060412,Morro Creek,4,0.358491,1,2,1,94067302.78125,57680.9752688959
213,180600050711,Kemp Canyon-San Antonio River,1,0.056604,1,0,0,84850023.6679688,60988.014645113
214,180600050901,North Fork Lewis Creek,0,0,0,0,0,82759766.2421875,47859.6653150636
215,180400012001,Upper Poso Slough,4,0.301887,0,0,2,471873796.296875,183589.214941137
216,180400011804,City of Winton-Bear Creek,2,0.188679,2,1,0,332892425.304688,86883.356125313
217,180400510201,McCarty Creek-Littlejohns Creek,0,0,0,0,0,97419690.5625,56130.7029705925
218,180400110104,Cherokee Creek,0,0,0,0,0,122811777.976562,70573.7703319231
219,180400110106,Calaveritas Creek,0,0,0,0,0,140612938.132812,74032.800317805
220,180400110103,San Domingo Creek,0,0,0,0,0,137690901.390625,97466.8943972575
221,180400130203,Martinez Creek,2,0.150943,0,2,0,85978587.5546875,59330.2220771645
222,180400120603,North Fork Dry Creek-Dry Creek,0,0,0,0,0,83519481.9648438,70303.6678788587
223,180400130301,Scott Creek,0,0,0,0,0,158501570.984375,70455.5214131443
224,180201290504,White Rock Creek-South Fork American River,4,0.301887,0,2,1,84949501.9492188,56550.0795233955
225,180201280403,Peavine Creek-North Fork Middle Fork American River,2,0.150943,0,2,0,145323073.660156,78108.2801592098
226,180201280208,Long Canyon,3,0.226415,0,1,1,210052334.183594,100677.817308793
227,180201250604,Fall Creek-South Yuba River,4,0.301887,0,2,1,152334065.917969,65105.9811387408
228,180201250103,Downie River,1,0.075472,0,1,0,81421833.2929688,48361.550675978
229,180201220603,Ward Creek-Indian Creek,0,0,0,0,0,133584641.449219,65535.0280910346
230,180800030404,Willard Creek,0,0,0,0,0,130205152.507812,52871.9864096411
231,180800030605,Upper Willow Creek ,0,0,0,0,0,253326958.996094,82125.252164401
232,180800030203,Bullard Lake,0,0,0,0,0,93194270.4921875,61657.4132237891
233,180800020304,Grasshopper Valley,0,0,0,0,0,235647788.683594,82924.9742220362
234,180800020209,Anderson Canyon,0,0,0,0,0,302540231.765625,94934.9205005898
235,180200021404,Ash Valley-Ash Creek,1,0.056604,1,0,0,251208947.15625,80579.8775117239
236,180200021002,Witcher Creek,0,0,0,0,0,105160309.851562,53123.1511452402
237,180600140101,San Miguel Island,0,0,0,0,0,54194906.0351562,65871.3346717638
238,180600100702,Salsipuedes Creek,5,0.433962,1,1,2,73294304.078125,52187.9335861046
239,180600100701,El Jaro Creek,3,0.283019,1,1,1,126614184.234375,57855.3205852146
240,180600090103,Harris Canyon,3,0.207547,1,2,0,69372372.4375,46453.4032988572
241,180600060605,Lower Arroyo Grande Creek,5,0.509434,1,2,2,117639430.53125,87537.7886942049
242,180600060604,Los Berros Creek,2,0.132075,1,1,0,110270502.613281,69196.6485808847
243,180600070402,Lower Alamo Creek,4,0.377359,0,1,2,145213808.523438,72730.0049515433
244,180600050305,180600050305,0,0,0,0,0,70998622.8828125,47951.571032067
245,180600050203,Pilitas Creek-Salinas River,5,0.433962,1,3,1,138703757.933594,77901.9113516156
246,180600040304,McDonald Canyon-San Juan Creek,3,0.226415,0,3,0,142558138.46875,77473.6463728451
247,180600040207,Lower Cholame Creek,4,0.377358,0,3,1,191711923.566406,96168.2833399054
248,180300120303,Middle Warthan Creek,3,0.226415,0,1,1,123990239.949219,59415.4924181441
249,180300120602,White Creek,1,0.075472,0,1,0,165979494.914062,65331.2242412993
250,180300090804,Town of Tranquility-Fresno Slough,0,0,0,0,0,232322474.054688,115549.452554207
251,180300090803,Mud 1085 Dam-Fresno Slough,0,0,0,0,0,218940025.402344,96080.3854249049
252,180400011403,Lower Black Rascal Creek,2,0.150943,0,2,0,124782187.585938,103357.890875242
253,180400011603,Middle Mariposa Slough,4,0.301887,0,2,1,235065274.265625,95146.6805088877
254,180400011702,Upper Owens Creek,4,0.301887,0,2,1,155868189.933594,145262.553824726
255,180400091301,Gallup Creek-Dry Creek,0,0,0,0,0,84107992.234375,53081.116995786
256,180400091202,Moccasin Creek,3,0.283019,1,1,1,73783589.8632812,56749.5621445172
257,180400100605,Mormon Creek-Stanislaus River,3,0.226415,0,1,1,222113678.726562,101655.070303744
258,180400100602,Stony Gulch-Stanislaus River,1,0.056604,1,0,0,71454382.359375,55426.1702045558
259,180400120203,Lower South Fork Mokelumne River,0,0,0,0,0,62490353.71875,42902.9831238581
260,180400120405,Mill Creek-North Fork Mokelumne River,0,0,0,0,0,119946557.222656,87609.7437827613
261,180400120303,Lower Middle Fork Mokelumne River,0,0,0,0,0,98855248.8359375,84863.9187931583
262,180400130201,Steely Fork Cosumnes River,3,0.226415,0,1,1,112190994.21875,57046.0439189276
263,180201290201,Bassi Fork,3,0.207547,1,2,0,91169642.484375,53250.5985944952
264,180201290302,Chimney Flat-South Fork American River,2,0.150943,0,2,0,98490219.7148438,59270.2138470349
265,180201250501,Pass Creek,1,0.075472,0,1,0,79139131.5546875,40077.6061559344
266,180201220202,Cottonwood Creek,0,0,0,0,0,74161487.25,47283.4563344193
267,180800030607,Lower Willow Creek,0,0,0,0,0,219869534.03125,101910.182930015
268,180800020201,Coyote Flat,0,0,0,0,0,218439049.265625,69540.1879818054
269,180200020402,Romero Creek-South Fork Pit River,1,0.056604,1,0,0,204223939.527344,95672.8714746374
270,180200020705,Rattlesnake Creek,0,0,0,0,0,113921520.328125,62997.3378965612
271,180200020502,Gleason Creek,0,0,0,0,0,77763334.0507812,46960.1616213212
272,180200020603,Thoms Creek,0,0,0,0,0,120541747.148438,55058.30745248
273,180600100602,Santa Rosa Creek-Santa Ynez River,5,0.433962,1,3,1,167382005.769531,64887.1823803181
274,180600130105,Tajiguas Creek-Frontal Santa Barbara Channel,5,0.566038,2,2,2,185041862.945312,73185.3137894776
275,180600080301,Manzana Creek,5,0.433962,1,1,2,216266219.300781,79645.6228780302
276,180600070401,Upper Alamo Creek,4,0.377359,0,1,2,197088966.558594,67160.3488851173
277,180600040103,Rogers Creek-San Juan Creek,1,0.075472,0,1,0,210689274.878906,76228.6151146173
278,180600040102,Barrett Creek-San Juan Creek,3,0.226415,0,1,1,146207778.167969,69052.1070481511
279,180300121702,Cottonwood Creek,0,0,0,0,0,77392866.6523438,51743.3920230019
280,180300121402,Franciscan Creek,0,0,0,0,0,76070612.2226562,53333.9342146629
281,180300121704,Alamo Solo Spring,0,0,0,0,0,178930083.464844,78066.2859750386
282,180300122202,Arroyo Robador-Frontal Tulare Lake Bed,0,0,0,0,0,109922839.386719,53277.5710172687
283,180400070402,Upper Dry Creek,2,0.150943,0,2,0,106961266.136719,74010.8381028405
284,180400070304,Schmidt Creek-Fresno River,1,0.075472,0,1,0,206903763.972656,116901.067803577
285,180400010802,Town of Trigo,2,0.150943,0,2,0,107234761.496094,72213.2366274976
286,180400011101,Upper Burns Creek,0,0,0,0,0,166926526.664062,68496.576648745
287,180400011502,Stockton Creek-Mariposa Creek,3,0.226415,0,1,1,140151445.804688,74669.1661993805
288,180400080403,Indian Gulch-North Fork Merced River,2,0.150943,0,0,1,137784829.519531,61695.1384437809
289,180400100302,Highland Creek,2,0.150943,0,2,0,259948106.992188,103328.462216388
290,180201290102,Silver Lake-Silver Fork American River,2,0.150943,0,2,0,100258643.175781,51998.9798127435
291,160501010301,Big Meadow Creek-Upper Truckee River,2,0.132075,1,1,0,117107436.554688,56654.18924173
292,180201290301,Lake Aloha-South Fork American River,3,0.264151,2,2,0,232615902.011719,79836.2125967558
293,160501020205,Prosser Creek ,2,0.132075,1,1,0,141016100.160156,65291.1717936351
294,160501020204,Martis Creek,2,0.132075,1,1,0,180997897.582031,60952.7333937664
295,160501010102,Incline Lake-Frontal Lake Tahoe,0,0,0,0,0,1538109.8984375,10321.6677116727
296,180201230201,Badenaugh Canyon-Smithneck Creek,0,0,0,0,0,137212694.753906,51710.5418697074
297,160501020107,Boca Reservoir-Little Truckee River,2,0.188679,2,1,0,157561589.21875,59695.7220490851
298,180800031302,Robinson Canyon-Long Valley Creek,0,0,0,0,0,157487816.039062,67372.4064653617
299,180800031402,Middle Skedaddle Creek,0,0,0,0,0,40299810.9023438,34795.6533765765
300,180800030507,Lower Deep Creek,0,0,0,0,0,224605793.796875,83273.1247304531
301,180800020105,Painters Creek,0,0,0,0,0,126227264.113281,62301.349857599
302,180800020102,Upper Red Rock Creek,0,0,0,0,0,148105240.34375,65347.5921565933
303,180800010301,Hays Canyon,0,0,0,0,0,17045671.9257812,24308.7427670622
304,180800010202,Fortynine Creek-Frontal Middle Alkali Lake,0,0,0,0,0,100884048.53125,52349.7470614386
305,180800010101,Bidwell Creek-Frontal Upper Alkali Lake,0,0,0,0,0,139144543.269531,70449.6187523219
306,180800010106,Mud Lake-Frontal Upper Alkali Lake,0,0,0,0,0,163303591.128906,73099.8678685498
307,180600100102,Indian Creek,5,0.603774,0,4,2,135592007.933594,72893.4100875484
308,180600130203,Mission Creek-Frontal Santa Barbara Channel,5,0.566038,2,2,2,207967890.320312,89611.9700142286
309,180600070304,Powell Canyon,0,0,0,0,0,78941288.09375,45552.8707154996
310,180600070302,Schoolhouse Canyon-Cuyama River,2,0.150943,0,0,1,222600107.742188,82223.6780880194
311,180300121601,Santos Creek,0,0,0,0,0,81977700.5546875,60447.6828951291
312,180300121504,Town of Lost Hills,0,0,0,0,0,200101100.785156,96490.1826659227
313,180300122104,Liberty Farms South Canal-Frontal Tulare Lake Bed,0,0,0,0,0,170741625.875,67608.9550527903
314,180300120703,Empire Weir Number One-Kings River,0,0,0,0,0,94651277.3867188,60618.3511960751
315,180400070401,Daulton Creek,2,0.150943,0,2,0,101478407.433594,69509.0718705986
316,180400070302,Willow Creek,4,0.377358,0,3,1,86765592.359375,63973.1536005963
317,180400010504,Striped Rock Creek,0,0,0,0,0,98301266.265625,54702.0584766298
318,180400010501,West Fork Chowchilla River,3,0.226415,0,1,1,231606072.285156,96410.459634629
319,180400080303,Cascade Creek,2,0.150943,0,2,0,81960539.0625,50566.7547485253
320,180400080304,Indian Canyon Creek-Merced River,4,0.301887,0,2,1,130409232.425781,82270.806121641
321,180400080204,Middle South Fork Merced River,1,0.075472,0,1,0,238700775.398438,111874.814370601
322,180400080203,Big Creek,3,0.226415,0,3,0,127657658.378906,67056.9778811235
323,180400090303,Kibbie Creek,1,0.075472,0,1,0,67198839.8164062,45318.1203730768
324,180400090503,Falls Creek,2,0.150943,0,2,0,186221255.464844,103375.444417772
325,160502010105,Bagley Valley-East Fork Carson River,0,0,0,0,0,109642459.890625,58134.5287087179
326,180600070201,Ballinger Canyon Wash,0,0,0,0,0,68837082.0664062,47355.7503640355
327,180300031503,Broad Creek,0,0,0,0,0,106402044.796875,64635.9633640827
328,180300031504,Buena Vista Valley-Buena Vista Creek,0,0,0,0,0,150688422.441406,102545.747308066
329,180300031402,Bitter Creek,0,0,0,0,0,69195708.4726562,54729.4082380122
330,180300120806,Jerry Slough,2,0.150943,0,0,1,226822383.167969,76717.641056011
331,180300060805,Lower Elk Bayou,0,0,0,0,0,76185883.2382812,50773.3134446262
332,180300122101,Town of Poplar,1,0.075472,0,1,0,236211687.347656,117642.464307431
333,180300071205,Caesar Ditch-Cross Creek,2,0.150943,0,2,0,165039574.945312,136743.211163409
334,180300071203,Smith Mountain Ditch,2,0.150943,0,2,0,182599599.027344,90208.14455782
335,180400010101,Upper Little Dry Creek,2,0.150943,0,0,1,177934465.984375,65541.6894598849
336,180400061003,Jose Creek,3,0.226415,0,1,1,122983598.523438,50509.7666250515
337,180400080302,Bridalveil Creek,2,0.150943,0,2,0,104993098.425781,57128.2712577024
338,160503020304,Upper Desert Creek,0,0,0,0,0,99721860.9101562,60655.6474104143
339,180701020901,Santa Paula Creek,5,0.698113,3,3,2,173084320.746094,74608.011135542
340,180300031204,Kern Lake Bed,2,0.150943,0,0,1,98526590.921875,43720.4813687806
341,180300040306,Mt. Poso-Poso Creek,0,0,0,0,0,126261472.289062,73946.1775329136
342,180300050602,Big Four Ranch 737 Dam,0,0,0,0,0,67621052.8945312,39417.4755842442
343,180300060703,Lake Heron-Tule River,0,0,0,0,0,92091866.9882812,75667.6081272875
344,180300070802,Lower Sand Creek,3,0.226415,0,3,0,140976037.4375,65182.6952727808
345,180300071001,Stone Corral Canyon-Cottonwood Creek,4,0.301887,0,4,0,157979433.035156,60673.5070930698
346,180300071003,Elbow Creek,0,0,0,0,0,98840660.2070312,64589.6679567442
347,180300060403,Lower Yokohl Creek,0,0,0,0,0,90926203.984375,67388.4629591206
348,180300100501,Upper Dinkey Creek,3,0.283019,1,3,0,145641292.367188,64544.8917367899
349,180300100605,Rancheria Creek-North Fork Kings River,4,0.301887,0,2,1,227151575.484375,80695.0630138365
350,180400060804,Mammoth Pool Reservoir-San Joaquin River,0,0,0,0,0,136586657.929688,89558.8896764649
351,180400090101,Lyell Fork,2,0.150943,0,2,0,182512820.8125,65057.3090049049
352,180400060404,Lower Middle Fork San Joaquin River,2,0.132075,1,1,0,88840845.7929688,47339.223961334
353,180901020201,Deadman Creek,1,0.075472,0,1,0,175758581.425781,64992.9891687265
354,160503010101,Green Creek,1,0.075472,0,1,0,85220277.90625,74996.0801686522
355,180901010401,Lee Vining Creek-Frontal Mono Lake,3,0.283019,1,3,0,195416858.382812,80412.3065189939
356,160503010105,Summers Creek-East Walker River,0,0,0,0,0,181265802.066406,93157.9301758279
357,160503010302,Fryingpan Creek-East Walker River,0,0,0,0,0,102031649.632812,73388.665704171
358,160503020302,Little Smith Valley,0,0,0,0,0,5858431.68359375,10704.2460112208
359,180701040102,Medea Creek,2,0.150943,0,0,1,93263783.3710938,48831.3400507345
360,180701050201,Bell Creek,4,0.301887,0,2,1,138822758.410156,71213.1096605176
361,180701020603,Lake Piru-Piru Creek,5,0.716981,2,4,2,204635288.707031,78869.7675558852
362,180701020506,Hungry Valley,2,0.150943,0,0,1,119969341.976562,61056.2048726423
363,180902061302,Pescado Creek,2,0.150943,0,0,1,166963072.917969,85290.0783418564
364,180701020303,Upper Castaic Creek,4,0.377359,0,1,2,144310170.242188,56137.0443479996
365,180300040304,Mon Canyon-Poso Creek,0,0,0,0,0,75851723.375,49968.7439707002
366,180300060303,Lower South Fork Tule River,0,0,0,0,0,91252909.8242188,57646.2503620082
367,180300070901,Horse Creek,0,0,0,0,0,93147181.4960938,46993.1804468456
368,180300070402,Lower Marble Fork Kaweah River,2,0.150943,0,2,0,94803745.9296875,60279.7889160036
369,180300070401,Upper Marble Fork Kaweah River,1,0.075472,0,1,0,113282394.261719,55018.483533262
370,180701020107,Sand Canyon-Santa Clara River,5,0.54717,3,3,1,229716311.332031,105855.179683529
371,180701050105,Lower Big Tujunga Creek,5,0.698113,3,3,2,188752311.757812,101121.80417932
372,180902061306,Holiday Lake,0,0,0,0,0,112747263.523438,109977.873745804
373,180902061408,Lower Amargosa Creek,0,0,0,0,0,173112210.753906,164790.499640853
374,180300030406,Middle Caliente Creek,1,0.075472,0,1,0,243527656.5,76255.6178761749
375,180300030302,Upper Walker Basin Creek,0,0,0,0,0,87719920.0546875,46919.4041960712
376,180300020702,Isabella Lake-South Fork Kern River,3,0.226415,0,1,1,541370157.207031,152983.745818056
377,180300050102,Headwaters Deer Creek,1,0.075472,0,1,0,76960498.5703125,52081.4007046065
378,180300010501,Freeman Creek-Kern River,1,0.056604,1,0,0,116635023.289062,56883.4891114806
379,180300010105,Whitney Creek-Kern River,1,0.075472,0,1,0,173355150.542969,72401.882348566
380,180300100101,Deadman Canyon,0,0,0,0,0,65123217.4804688,42383.2222276865
381,180300100207,Gardiner Creek-South Fork Kings River,1,0.075472,0,1,0,109933074.070312,50956.4717421257
382,180300100306,Upper Middle Fork Kings River,1,0.075472,0,1,0,124766885.824219,70668.2319153686
383,180300100204,Arrow Creek-South Fork Kings River,1,0.075472,0,1,0,141210195.988281,58040.5362413144
384,180901020501,Rock Creek-Spring Canyon Creek,1,0.056604,1,0,0,240430121.933594,93403.3991742911
385,180901020502,Pellisier Creek-Spring Canyon Creek,0,0,0,0,0,198113347.074219,95289.4843204283
386,160600100702,Lower Huntoon Creek,0,0,0,0,0,3240506.828125,11565.0753981159
387,180901020102,Lower Hutchinson Creek,0,0,0,0,0,85227912.4492188,46739.2950128638
388,180702010002,Huntington Beach-Pacific Ocean,0,0,0,0,0,10204294.140625,51371.8744600385
389,180701050207,Verdugo Wash,3,0.226415,0,1,1,87897990.6679688,53407.8510354962
390,180701050210,Scholl Canyon-Los Angeles River,1,0.075472,0,1,0,95531190.5898438,53007.6152438139
391,180701020105,Arrastre Canyon-Santa Clara River,4,0.396226,3,1,1,211773842.710938,82012.7348544306
392,180902061705,Tropico Hill,0,0,0,0,0,163475474.027344,112035.331602121
393,180902062404,Town of Rosamond,0,0,0,0,0,148845406.425781,59547.2456254225
394,180902061502,Piute Ponds,0,0,0,0,0,82462051.4765625,103916.540338562
395,180902060202,Upper Cottonwood Creek,0,0,0,0,0,64855287.0546875,49743.9349833001
396,180300020201,Lost Creek-South Fork Kern River,1,0.056604,1,0,0,179409638.886719,77699.7459772473
397,180901030201,Bairs Creek,0,0,0,0,0,74928420.1171875,50604.8705329194
398,180901030203,Coyote Canyon-Owens River,0,0,0,0,0,249168617.058594,128270.27581432
399,180901020804,Tinemaha Reservoir-Owens River,2,0.169811,3,0,0,165530730.605469,92260.9017424163
400,180902010104,Payson Canyon,1,0.075472,0,1,0,85278176.2109375,54500.5795261511
401,180701060603,Brea Creek-Coyote Creek,3,0.226415,0,1,1,185321366.011719,96884.4216917212
402,180702030902,Lower Santiago Creek,4,0.301887,0,2,1,159287596.683594,103198.312131916
403,180701060205,Lower West Fork San Gabriel River,5,0.773585,3,4,2,68958771.984375,48971.7914370481
404,180701060601,Santa Fe Flood Control Basin-San Gabriel River,5,0.849057,3,5,2,208460539.648438,104053.100548325
405,180701060302,Cattle Canyon,4,0.320755,3,2,0,77494676.3867188,44433.5942861942
406,180902061903,Lovejoy Springs,0,0,0,0,0,152644108.035156,133928.153156728
407,180902062302,Buckhorn Lake,0,0,0,0,0,160746272.089844,99782.0462026866
408,180902062107,180902062107,0,0,0,0,0,65882690.1445312,51560.0832100827
409,180902060404,180902060404-Cache Creek,0,0,0,0,0,88966566.9570312,70324.4491633514
410,180902062105,Galileo Hill,0,0,0,0,0,103739514.011719,80243.1747869849
411,180902062108,Town of Boron,0,0,0,0,0,152811966.796875,74853.4763051986
412,180902050803,Sheep Spring,0,0,0,0,0,220606026.742188,96473.3940495954
413,180902050405,Freeman Gulch,0,0,0,0,0,99607549.5195312,62923.2846141032
414,180902050502,Little Lake,1,0.056604,1,0,0,203146940.425781,104341.782744625
415,180902050804,Lark Seep-China Lake,1,0.056604,1,0,0,324626771.167969,136493.611632032
416,180902050302,Cactus Peak,0,0,0,0,0,23592474.9335938,27375.9081920258
417,180902010805,180902010805,0,0,0,0,0,189635545.695312,78569.2014498438
418,180703010103,Arroyo Trabuco,5,0.716981,2,4,2,204502156.808594,109909.805705962
419,180703010203,Lower San Mateo Creek,5,0.641509,2,3,2,196779436.816406,75389.533866838
420,180703010102,Middle San Juan Creek,5,0.433962,1,3,1,151615356.777344,80195.8287590359
421,180702020308,Lake Elsinore,0,0,0,0,0,145230142.640625,70310.5665882989
422,180702030706,Lower Chino Creek,2,0.150943,0,0,1,169675506.878906,88387.40670642
423,180702031001,Aliso Creek-Santa Ana River,4,0.358491,1,2,1,142244370.003906,64973.1908396407
424,180702030305,Cajon Wash-Lytle Creek,4,0.358491,1,2,1,133953251.164062,84028.6022827572
425,180902080402,Black Mountain-Frontal El Mirage Lake,0,0,0,0,0,94993501.4257812,83725.0801393599
426,180902080401,Sheep Creek,2,0.150943,0,0,1,120750078.226562,100415.72870043
427,180702030301,Upper Cajon Wash,4,0.358491,1,2,1,154933024.660156,74056.2109780373
428,180902080901,Haystack Butte,0,0,0,0,0,174045427.730469,63107.6401646548
429,180902070803,The Buttes,0,0,0,0,0,94271339.515625,81344.5657714065
430,180902051001,Upper Teagle Wash,0,0,0,0,0,198321399.367188,66703.4983180293
431,180902050902,180902050902,0,0,0,0,0,181622443.933594,82647.7119261603
432,180902050604,Deadman Canyon,0,0,0,0,0,102420481.523438,51017.5526829357
433,180902050601,Wilson Canyon,0,0,0,0,0,119281475.816406,61867.3622277783
434,180902040301,Upper Darwin Wash,0,0,0,0,0,108784602.445312,60819.4207107082
435,180902041202,Water Canyon,0,0,0,0,0,108954340.9375,83274.6335017227
436,180902010803,180902010803,0,0,0,0,0,150697145.941406,68761.6900214885
437,180902010503,The Racetrack,0,0,0,0,0,127820576.800781,60998.9571895614
438,180902010801,Grapevine Canyon,0,0,0,0,0,140905380.121094,58166.241800707
439,180902030201,Tin Mountain,0,0,0,0,0,219370653.496094,83309.3368529555
440,180902030109,180902030109-Death Valley Wash,0,0,0,0,0,175944393.761719,116044.806769735
441,180703040401,Carroll Canyon,3,0.226415,0,1,1,66637215.5703125,52940.5468842909
442,180703030501,Buena Vista Creek,2,0.150943,0,0,1,80781023.5234375,57741.6374890291
443,180703030502,Agua Hedionda Creek,0,0,0,0,0,109937607.589844,62199.7135188796
444,180703030205,Rice Canyon-San Luis Rey River,1,0.075472,0,1,0,93912516.2148438,55640.3252896122
445,180702030507,Santa Anna Wash-Santa Anna River,4,0.358491,1,2,1,150605314.742188,88060.5949149605
446,180902080707,Town of La Delta-Mojave River,0,0,0,0,0,148096682.714844,61293.2178866534
447,180902070901,Grass Valley,0,0,0,0,0,168799660.691406,66636.5082556781
448,180902040603,Moonshine Spring-Pilot Knob Valley,0,0,0,0,0,149569584.839844,89062.9351160141
449,180902040803,Layton Pass-Panamint Valley,0,0,0,0,0,161090882.632812,75496.0866454423
450,180902041003,Warm Sulphur Springs,0,0,0,0,0,75648839.9921875,74139.1553045906
451,180902041204,Pleasant Canyon-Panamint Valley,0,0,0,0,0,219043321.03125,102674.126594269
452,180902030401,Jayhawker Canyon,0,0,0,0,0,82077590.390625,51916.6518921738
453,180902030605,Niter Beds,0,0,0,0,0,151776575.125,77249.2514156958
454,180902030405,Mosaic Canyon-Emigrant Wash,0,0,0,0,0,160732740.03125,65143.3933027895
455,180703041001,Dulzura Creek,5,0.528302,0,3,2,178671574.730469,67759.8650444796
456,180703040703,Los Coches Creek-San Diego River,5,0.45283,0,2,2,191834652.042969,85269.2707975459
457,180703030202,Pauma Creek-San Luis Rey River,5,0.660377,1,4,2,189158826.289062,68693.1880851174
458,180703040203,Upper Santa Maria Creek,4,0.301887,0,2,1,169748492.597656,77990.5230169225
459,180702020201,Potrero Creek,1,0.075472,0,1,0,138247329.191406,73989.3457451455
460,181001000503,Rabbit Lake,0,0,0,0,0,94952677.6445312,88911.9072646209
461,181001000402,Box S Springs,0,0,0,0,0,122541289.875,75168.060222114
462,181001000301,Blackhawk Canyon,0,0,0,0,0,78588764.1835938,51120.6532068765
463,181001000101,Upper North Lucerne Valley,0,0,0,0,0,144557829.894531,64278.1818541487
464,180902081104,Daggett Wash,0,0,0,0,0,90033822.625,64936.1129114779
465,180902070406,East Well-Superior Lake,0,0,0,0,0,152207815.589844,82827.7776099038
466,180902070402,180902070402,0,0,0,0,0,81606684.7851562,47646.2435812117
467,180902031803,180902031803-Frontal Owl Lake,0,0,0,0,0,207401610.949219,84163.7032390402
468,180902032101,Butte Valley,0,0,0,0,0,71677529.4296875,42144.3913378113
469,180902032209,180902032209,0,0,0,0,0,130805821.046875,49030.3595385508
470,180902030901,Blackwater Wash,0,0,0,0,0,125412336.578125,57033.9328761809
471,180902030904,Devils Golf Course-Salt Creek,0,0,0,0,0,244186611.632812,84935.3466324526
472,180902030806,Indain Pass,0,0,0,0,0,153136094.757812,68302.9909212381
473,180902020701,180902020701,0,0,0,0,0,42341255.3632812,38048.1412685814
474,180902020302,McDonald Spring,0,0,0,0,0,857236.15234375,7892.5534939707
475,180703040802,Taylor Creek,4,0.301887,0,2,1,77114381.359375,46168.6628589853
476,180703050802,Middle Pine Valley Creek,4,0.377359,0,1,2,146101964.402344,73322.671756098
477,180703030105,Matagual Creek-San Luis Rey River,5,0.509434,1,0,3,190841075.9375,93042.939146387
478,181002030302,Borrego Palm Canyon,3,0.207547,1,2,0,214102510.652344,80147.7959034956
479,180702020101,Upper South Fork San Jacinto River,3,0.226415,0,1,1,239151419.183594,79174.4289283799
480,181002030202,Horse Canyon,0,0,0,0,0,110869673.621094,56349.6488188986
481,180702020102,Strawberry Creek-San Jacinto River,3,0.226415,0,1,1,95614120.3671875,48015.4583587657
482,181002010106,Snow Creek,1,0.075472,0,1,0,64717113.4726562,38095.5433251812
483,181002010602,Town of Thousand Palms,0,0,0,0,0,220256186.203125,79873.8517069319
484,181002010401,Big Morongo Creek,0,0,0,0,0,150189401.042969,70305.5413524445
485,181001000902,Headwaters Pipes Wash,0,0,0,0,0,92681355.265625,59501.698242157
486,181001000903,Chaparrosa Wash-Pipes Wash,0,0,0,0,0,84586089.5039062,63767.9954321768
487,181001001001,Means Lake,0,0,0,0,0,184257559.894531,85156.5994459023
488,180902081304,Town of Hector,0,0,0,0,0,151335896.925781,64325.2785406844
489,180902070106,Bicycle Lake,0,0,0,0,0,98181293.6445312,68873.5381610637
490,180902032002,Confidence Wash-Amargosa River,1,0.056604,1,0,0,455780055.585938,102593.612617343
491,180902021701,Epaulet Peak,0,0,0,0,0,155049769.960938,70585.6987044359
492,180902021203,Franklin Well-Amargosa River,0,0,0,0,0,242264206.089844,92275.1001769066
493,180902021202,Ash Tree Spring,0,0,0,0,0,2824410.02734375,7628.60825552556
494,181002020104,Canebrake Wash,0,0,0,0,0,103706228.414062,57285.6640446768
495,181002020105,Middle Vallecito Creek,0,0,0,0,0,175023240.363281,85733.788777182
496,181002030303,Borrego Valley,0,0,0,0,0,92079446.8398438,62614.7658885122
497,181002030405,Pinyon Wash,0,0,0,0,0,74946802.9257812,42707.2688995602
498,181002030206,Lower Coyote Creek,0,0,0,0,0,123215055.160156,102675.134140269
499,181002030701,Palo Verde Wash,0,0,0,0,0,74608691.4453125,77666.7648392697
500,181002010804,Guadalupe Creek-Whitewater River,2,0.132075,1,1,0,419740858.691406,159918.224015245
501,181001001801,Copper Mountain,0,0,0,0,0,76634789.3789062,43068.6457775123
502,181001001301,Quackenbush Lake,0,0,0,0,0,224177922.476562,72141.4586646523
503,181001001302,Bullion Wash,0,0,0,0,0,186001685.136719,80907.2832625758
504,181001002003,Morgan Wells,0,0,0,0,0,218935159.804688,86301.6282011082
505,180902081706,East Cronise Lake,0,0,0,0,0,132299965.011719,63766.2035580886
506,180902082504,180902082504,0,0,0,0,0,133007735.191406,61593.1491768875
507,180902031502,Saddle Peak Hills,0,0,0,0,0,149053132.226562,63876.0741580206
508,180902022005,Tecopa Wash-Amargosa River,1,0.113208,2,0,0,175781613.117188,94452.9606695301
509,180902031501,Dumont Dunes-Amargosa River,1,0.113208,2,0,0,90118281.6992188,74959.8140971881
510,180902031206,Kingston Spring-Kingston Wash,0,0,0,0,0,266601399.390625,158594.809980523
511,180902021802,Twelvemile Spring,0,0,0,0,0,155665460.289062,63137.1620655573
512,181002040904,Pinto Canyon,0,0,0,0,0,39767029.3515625,41346.4183480303
513,181002040905,Pinto Wash,0,0,0,0,0,53808917.2070312,54585.4371265632
514,181002041505,Palm Wash-Frontal Salton Sea,0,0,0,0,0,171343547.289062,79651.6434668666
515,181001002101,Split Rock,0,0,0,0,0,129093540.898438,73835.6983753111
516,181001002302,Twentynine Palms Mountain,0,0,0,0,0,68883349.0546875,48183.580390584
517,181001002103,Shortz Lake,0,0,0,0,0,216499884.316406,94159.010490584
518,181001003002,181001003002,0,0,0,0,0,218804903.515625,79353.7560494568
519,181001002002,Bristol Mountain Wash,0,0,0,0,0,207441775.453125,78658.6776279201
520,181001002005,Siberia Wash,0,0,0,0,0,93914486.625,64825.3005286941
521,180902031205,180902031205,0,0,0,0,0,76255745.6367188,80851.7773642809
522,180902031202,Shadow Mountain,0,0,0,0,0,101013514.738281,58885.1476625512
523,180902082505,Henry Spring,0,0,0,0,0,142940036.027344,68755.4364178085
524,180902031106,Francis Spring,0,0,0,0,0,149060233.609375,86717.7201853969
525,180902021901,180902021901,0,0,0,0,0,69212045.2695312,41687.4337007489
526,181002041403,181002041403-Frontal Salton Sea,1,0.056604,1,0,0,223127501.519531,95529.3473387291
527,181002041305,Iris Wash,0,0,0,0,0,101535718.480469,88155.6344152806
528,181001004501,Conejo Well,0,0,0,0,0,184087523.039062,90872.9984840169
529,181001004903,Eagle Creek,0,0,0,0,0,105761797.230469,69285.6334510325
530,181001002403,Dale Lake,0,0,0,0,0,161437776.402344,85497.9708671686
531,181001003201,Upper Clipper Valley Wash,0,0,0,0,0,144258020.449219,71227.2465631447
532,180902081903,White Rock Tank-Kelso Wash,0,0,0,0,0,231348037.632812,70781.8805045767
533,180902031107,180902031007-Kingston Wash,0,0,0,0,0,106969523.96875,56446.7868218157
534,180902031201,180902031201-Kingston Wash,0,0,0,0,0,116192143.230469,58055.1886770412
535,160600150804,Singer Wash-Frontal Mesquite Lake,0,0,0,0,0,74073181.9453125,52406.7503367693
536,181002040404,East Mesa,0,0,0,0,0,140879209.085938,62150.7875692046
537,181001004905,Corn Springs Wash,0,0,0,0,0,141269050.152344,90618.2504510461
538,181001004904,Gruendikes Well,0,0,0,0,0,152614702.320312,54860.3752356746
539,181001004104,Town of Milligan-Danby Lake,0,0,0,0,0,186531023.558594,80141.8763199507
540,181001003702,Carbonate Gulch,0,0,0,0,0,187539530.898438,88873.3265393798
541,181001003303,Lower Black Canyon Wash,0,0,0,0,0,195159710.6875,89311.1496870966
542,181001003307,Barrel Spring,0,0,0,0,0,115239615.996094,53658.1317003308
543,181001003103,Town of Goffs,0,0,0,0,0,116498374.902344,77597.6787254436
544,181002040301,181002040301,0,0,0,0,0,42030530.8320312,40066.5651190799
545,181001004003,181001004003,0,0,0,0,0,109494335.898438,48638.9168475722
546,181001003901,Big Wash-Homer Wash,0,0,0,0,0,144218985.625,69840.6317084949
547,150301020209,Town of Bannock-Sacramento Wash,0,0,0,0,0,157669396.632812,91967.9058024399
548,150301020302,150301020302-Piute Wash,0,0,0,0,0,79004320.2695312,58722.2972296535
549,150301020301,Piute Spring-Piute Wash,0,0,0,0,0,143639561.113281,73310.1671146614
550,150301041208,Marcus Wash-Colorado River,1,0.056604,1,0,0,128879123.789062,65406.8643011908
551,150301040502,Town of Midland,0,0,0,0,0,145503043.136719,80390.5784834538
552,150301040802,Southeast McCoy Mountains,0,0,0,0,0,156915177.839844,63644.6921549096
553,150301040801,Town of Mesaville,0,0,0,0,0,55146946.9609375,54842.1453221014
554,150301040402,Big Wash,0,0,0,0,0,94101231.7539062,56607.4511738595
555,150301040404,Slaughter Tree Wash-Colorado River,0,0,0,0,0,176795503.449219,70424.6179153308
556,150301010601,Gary Wash,0,0,0,0,0,167282826.398438,105317.330032001
557,150301010405,Mohave Valley-Colorado River,1,0.056604,1,0,0,91057272.4023438,61509.9900360527
558,150301010409,Town of Needles-Colorado River,1,0.056604,1,0,0,126958981.753906,99429.399812539
559,150301010705,Jops Harbor-Colorado River,1,0.113208,2,0,0,119359794.9375,56720.93424009
560,180500041001,San Francisco Bay Estuaries,5,0.471698,3,2,1,635547367.324219,667408.513106913
561,180201041203,Packer Lake-Sacramento River,5,0.641509,6,0,2,104147338.460938,356232.695616297
562,181002040701,Grays Well,2,0.150943,0,0,1,118636895.742188,127830.239078035
563,180101070302,Davis Creek-Frontal Pacific Ocean,2,0.188679,2,1,0,139863641.949219,73290.3962655647
564,180101020602,Freshwater Creek,5,0.792453,6,4,1,218353903.914062,79334.6238475898
565,171003120303,Tuttle Creek-Frontal Cape Ferrelo,1,0.056604,1,0,0,27176892.2890625,26034.0559518758
566,180101070202,Headwaters Mattole River,5,0.603774,4,3,1,216823197.898438,77767.9269953507
567,180101060303,Indian Creek,3,0.245283,3,1,0,119740376.574219,64012.9296334936
568,180101080601,Usal Creek,3,0.264151,2,2,0,121066719.25,61407.2554939346
569,180101050502,Cameron Creek-Eel River,5,0.471698,3,2,1,208933083.421875,71780.9213891403
570,180101060405,Butte Creek-South Fork Eel River,3,0.245283,3,1,0,107277522.144531,57370.1007381759
571,180101051001,Bear Creek-Eel River,5,0.622642,3,4,1,204818616.8125,73175.4190101311
572,180101050904,Grizzly Creek,4,0.320755,3,2,0,85134813.0117188,43170.3684436469
573,180101050803,South Fork Yager Creek-Yager Creek,5,0.603774,4,3,1,215492784.277344,95899.2038942247
574,180101020404,Canon Creek,5,0.622642,3,4,1,74067479.9453125,42239.1477927155
575,180102091006,Tectah Creek,4,0.396226,3,3,0,91067593.6640625,56469.318473762
576,180101010104,Lower North Fork Smith River,3,0.283019,5,0,0,210868830.414062,80564.5800013486
577,180101010203,Patrick Creek,5,0.660377,5,5,0,105994403.789062,56060.0377393992
578,171003110401,Upper West Fork Illinois River,0,0,0,0,0,7345554.40625,12293.919348098
579,180101080903,Alder Creek,4,0.358491,1,4,0,125028977.980469,68760.6552177634
580,180101080502,Middle Garcia River,4,0.320755,3,2,0,147789391.332031,80316.3555330566
581,180101090107,North Fork Gualala River,5,0.415094,2,4,0,204948200.191406,87562.7186156227
582,180101080408,Upper Navarro River,5,0.490566,2,3,1,193059363.773438,94708.7642643179
583,180101080406,South Branch North Fork Navarro River,3,0.264151,2,2,0,126785415.683594,73989.3919892813
584,180101080701,Pudding Creek,3,0.245283,3,1,0,73877107.5742188,69096.2503127265
585,180101080204,Lower Noyo River,4,0.396226,3,3,0,146127305.519531,87652.4795084958
586,180101060103,Elder Creek-South Fork Eel River,5,0.54717,3,5,0,260103052.804688,96319.8284741398
587,180101060101,Upper Tenmile Creek,4,0.320755,3,2,0,165458899.277344,66445.8914872909
588,180101050204,Blue Rock Creek,2,0.132075,1,1,0,107541467.601562,50465.7782693744
589,180102120503,Pelletreau Creek-South Fork Trinity River,5,0.509434,5,1,1,258265349.816406,88477.0113700043
590,180102111202,Cedar Creek,5,0.45283,4,3,0,119096098.980469,56958.9796808614
591,180102090803,Red Cap Creek,5,0.45283,4,3,0,288731629.496094,90362.6483733511
592,180101010302,Eightmile Creek,2,0.169811,3,0,0,110497317.484375,46207.3716373214
593,180101090103,Upper Wheatfield Fork Gualala River,3,0.207547,1,2,0,163084284.519531,70922.4122859745
594,180101100405,Morrison Creek-Russian River,4,0.339623,2,1,1,120292387.398438,69266.9066622858
595,180101100407,McNab Creek-Russian River,4,0.339623,2,1,1,156753488.324219,67231.0144326186
596,180101100201,Forsythe Creek,5,0.415094,2,2,1,208927981.109375,78261.7176867556
597,180101030406,Bloody Run Creek-Outlet Creek,4,0.320755,3,0,1,146844889.761719,57434.3020572462
598,180101050103,Salt Creek,2,0.132075,1,1,0,108033361.824219,56713.3965606441
599,180102120405,Butter Creek,5,0.528302,4,2,1,164234901.261719,63392.0875543337
600,180102120403,Plummer Creek,3,0.245283,3,1,0,113183813.796875,53413.5471157432
601,180102120305,Olsen Creek-Hayfork Creek,5,0.509434,5,1,1,245951530.707031,95586.9662913067
602,180102120204,Big Creek,4,0.358491,1,2,1,122866056.199219,64896.5072908965
603,180102110903,Middle North Fork Trinity River,4,0.358491,5,1,0,96985470.2265625,52452.4210730996
604,171003090106,Steve Fork Carberry Creek,0,0,0,0,0,10399500.3828125,14267.0891705788
605,171003090104,Middle Fork Applegate River-Applegate River,1,0.075472,0,1,0,127824968.484375,69911.56619205
606,180500050502,Drakes Bay,1,0.075472,0,1,0,20744530.6523438,47955.8946162565
607,180500050501,Drakes Estero,3,0.207547,1,2,0,118983113.164062,52845.0045030005
608,180101090201,Salmon Creek,5,0.54717,3,3,1,148115035.867188,61159.8989873978
609,180101100901,Green Valley Creek,5,0.415094,2,2,1,160584171.054688,75512.3597912124
610,180101100801,East Austin Creek,4,0.339623,2,3,0,136239732.3125,71173.2317124515
611,180101100506,Mill Creek,4,0.320755,3,2,0,98173764.4804688,51486.8043331907
612,180101100706,Porter Creek-Mark West Creek,5,0.603774,4,3,1,241805938.191406,120670.151013691
613,180101100411,Oat Valley Creek-Russian River,4,0.339623,2,1,1,98922354.5195312,53432.3717305507
614,180201160306,Manning Creek-Frontal Clear Lake,1,0.056604,1,0,0,126975242.421875,90260.7878093324
615,180101100302,Alder Creek-Big Sulphur Creek,5,0.433962,1,3,1,229465476.578125,103218.206812289
616,180201160310,Clear Lake,3,0.207547,1,0,1,273328951.410156,179249.221862556
617,180101100402,Mill Creek,3,0.207547,1,2,0,74814754.6171875,47571.0084894165
618,180201160202,West Fork Middle Creek,1,0.075472,0,1,0,76771644.2539062,42987.5044101551
619,180101040403,Deep Hole Creek-Elk Creek,1,0.113208,2,0,0,194516007.871094,75385.7045189101
620,180101030205,Lake Pillsbury-Eel River,2,0.132075,1,1,0,108131311.4375,61906.8846150622
621,180101040208,Bar Creek-Middle Fork Eel River,4,0.396226,3,1,1,105410535.476562,50488.9315303572
622,180201560403,Willow Creek,2,0.132075,1,1,0,92618172.65625,44677.2094016736
623,180102120102,Shell Mountain Creek-South Fork Trinity River,5,0.509434,5,1,1,189044859.207031,66889.0895623356
624,180201520402,Devils Hole Gulch-South Fork Cottonwood Creek,1,0.056604,1,0,0,153080551.960938,58883.0856131296
625,180102110403,Lower Stuart Fork,4,0.358491,1,2,1,250410708.269531,75767.163648909
626,180102110501,Swift Creek,4,0.301887,0,2,1,256307668.648438,80280.5163550666
627,180102110901,Rattlesnake Creek,4,0.301887,4,1,0,71762621.2851562,38192.5389127794
628,180102100102,Taylor Creek,4,0.320755,3,2,0,83901793.0039062,42903.2525853915
629,180102100103,East Fork South Fork Salmon River,4,0.377358,4,2,0,224791510.050781,83809.5228631255
630,180102080504,Sniktaw Creek-Scott River,2,0.169811,3,0,0,88925679.3828125,51971.2224126334
631,180102080606,Town of Scott Bar-Scott River,2,0.169811,3,0,0,186759486.988281,72940.8848077696
632,180500020901,Corte Madera Creek,4,0.358491,1,2,1,77405951.4101562,49258.2496191369
633,180500020903,Arroyo Corte Madera Del Presidio-Frontal San Francisco Bay Estuaries,3,0.264151,2,2,0,73564108.0507812,118318.990047054
634,180101100702,Upper Santa Rosa Creek,5,0.490566,2,3,1,235395163.480469,104922.906982764
635,180201620201,Upper Pope Creek,3,0.226415,0,1,1,92755557.4296875,50286.6363684283
636,180201160302,Cole Creek,5,0.433962,1,3,1,124670052.042969,72792.9395678637
637,180201150102,Sullivan Creek-Little Stony Creek,3,0.226415,0,1,1,147119923.558594,60758.9108995043
638,180201160501,Mill Creek,1,0.075472,0,1,0,72681397.3164062,61111.1944096906
639,180201560406,Mill Creek-Thomes Creek,4,0.339623,2,1,1,179229024.261719,61922.8135436257
640,180201150503,Upper North Fork Stony Creek,0,0,0,0,0,119618479.613281,73045.7526196604
641,180201560501,McCarty Creek,0,0,0,0,0,89346567.3164062,58821.2195878494
642,180201550301,Upper Red Bank Creek,4,0.358491,1,2,1,130800697.792969,53894.2479607315
643,180201520702,Red Bank Gulch-South Fork Cottonwood Creek,2,0.169811,3,0,0,96841037.6289062,80862.7255849535
644,180201520302,Wilson Creek,0,0,0,0,0,74243541.6523438,49996.9135505485
645,180201520304,Lower North Fork Cottonwood Creek,4,0.320755,3,0,1,203797238.175781,84004.3791731318
646,180102110304,Lower East Fork Trinity River,2,0.150943,0,2,0,208497773.367188,67662.4702047616
647,180102110301,Mumbo Creek,3,0.226415,0,3,0,98036189.9570312,49547.8242929203
648,180102080102,Noyes Valley Creek,1,0.113208,2,0,0,119701691.558594,67979.1562410973
649,180102060802,Ash Creek-Klamath River,2,0.169811,3,0,0,171219136.96875,64167.8809536032
650,180500060303,Gazos Creek-Frontal Ano Nuevo Bay,5,0.471698,3,2,1,167361826.238281,129926.271651384
651,180500060304,San Vicente Creek-Frontal Pacific Ocean,5,0.54717,3,3,1,194727211.78125,90009.551169035
652,180500040904,Visitacion Valley-Frontal San Francisco Bay Estuaries,3,0.283019,1,1,1,98601990.8007812,111731.170917247
653,180500020802,San Pablo Bay,3,0.283019,5,0,0,398606613.65625,124331.609160205
654,180201620401,Capell Creek,4,0.301887,0,2,1,182201697.015625,78708.7369842863
655,180201620402,Jackson Creek-Putah Creek,2,0.150943,0,2,0,231887755.097656,76136.993755602
656,180201160703,Brooks Creek-Cache Creek,2,0.150943,0,2,0,261921378.144531,107840.84173011
657,180201160603,Davis Creek,3,0.226415,0,1,1,82082922.734375,41864.1211250949
658,180201040202,Middle Walker Creek,0,0,0,0,0,110780716.339844,60707.6189573403
659,180201040201,Upper Walker Creek,0,0,0,0,0,118857135.265625,61920.7965143344
660,180201570303,Brannin Creek,0,0,0,0,0,140993016.21875,62847.7111990013
661,180201570304,Parker Creek-Burch Creek,0,0,0,0,0,84257440.0585938,87626.1100395226
662,180201150602,Hambright Creek,0,0,0,0,0,80207771.6796875,85198.3681888873
663,180201560603,Oat Creek,4,0.320755,3,0,1,155628177.636719,97905.8014180815
664,180201540301,Spring Creek,0,0,0,0,0,75371339.7109375,55768.7418398124
665,180201540304,Churn Creek,4,0.339623,2,1,1,169979328.101562,94263.2524969496
666,180201540201,West Fork Stillwater Creek,3,0.226415,0,1,1,80896400.015625,61979.5643186177
667,180200050404,Backbone Creek,3,0.226415,0,1,1,156235466.433594,67668.3287834944
668,180200031303,Cove Creek-Pit River Arm,2,0.150943,0,0,1,128474512.195312,72768.4206565238
669,180102070104,Lake Shastina-Shasta River,3,0.207547,1,0,1,152931753.183594,89570.3527233495
670,180102070405,Whitney Creek,0,0,0,0,0,97518021.5507812,69039.4915865672
671,180102060303,Deer Creek-Klamath River,1,0.113208,2,0,0,156751342.335938,73691.2243288524
672,180500030303,Los Gatos Creek,5,0.433962,1,3,1,199001522.453125,115044.155048729
673,180500030304,Guadalupe River,5,0.509434,1,4,1,156810685.058594,111281.207025113
674,180500030203,Upper Penitencia Creek-Coyote Creek,5,0.433962,1,3,1,104586986.210938,101329.392434543
675,180500040804,Ward Creek-Frontal San Francisco Bay Estuaries,2,0.132075,1,1,0,117082250.976562,61067.9421596217
676,180500010109,American Canyon-Frontal Suisun Bay Estuaries,4,0.396226,3,1,1,146478499.097656,144594.000093912
677,180500010302,Mount Diablo Creek-Frontal Suisun Bay Estuaries,3,0.283019,1,3,0,137491166.820312,104860.323369418
678,180500010401,Suisun Bay Estuaries,5,0.603774,4,1,2,493692171.019531,512704.882424149
679,180500010106,Lucol Hollow-Frontal Suisun Bay Estuaries,2,0.188679,2,1,0,122928781.207031,106966.513770353
680,180400030701,Upper Marsh Creek,4,0.377358,0,3,1,214076171.738281,79625.9818635495
681,180500010103,Wooden Valley Creek-Suisun Creek,3,0.283019,1,1,1,130777460.695312,96735.9877535978
682,180500010108,Laurel Creek-Frontal Suisun Bay,2,0.132075,1,1,0,154225929.011719,118110.695111071
683,180201630501,McCune Creek-Sweany Creek,2,0.150943,0,0,1,190954259.550781,78851.5761860432
684,180201630601,Tremont Cemetery,4,0.301887,0,0,2,164315088.71875,94172.1158377496
685,180201041006,Dunnigan Creek-Colusa Basin Drainage Canal,3,0.226415,0,1,1,105321145.683594,66732.1336302865
686,180201041101,Long Lake-Sutter Basin,5,0.415094,2,0,2,257682532.738281,86684.6995082245
687,180201040400,Colusa Drain,3,0.207547,1,0,1,540183008.394531,138534.515686205
688,180201580206,Campbell Slough-Butte Creek,3,0.264151,2,0,1,220147009.347656,108860.057879512
689,180201570103,Champlin Slough-Toomes Creek,2,0.169811,3,0,0,107365310.59375,85226.1900682332
690,180201550401,Inks Creek,4,0.320755,3,0,1,124712441.300781,56950.5656638062
691,180201560601,Salt Creek,4,0.320755,3,0,1,214310249.230469,95305.4708229203
692,180201560103,Little Antelope Creek,2,0.132075,1,1,0,171653988.6875,81044.5172835915
693,180201550101,Plum Creek,3,0.283019,1,1,1,119902644.601562,62945.3809614014
694,180201530302,Spring Branch-Battle Creek,4,0.377358,4,0,1,164960174.476562,78311.8682425499
695,180200031202,Middle Squaw Creek,3,0.226415,0,1,1,105523043.558594,71334.4438174787
696,180200031201,Upper Squaw Creek,3,0.226415,0,1,1,190868716.277344,86854.9130553341
697,180200031301,Potem Creek-Pit River,3,0.226415,0,1,1,166733690.5,62816.5233368795
698,180200040301,Upper Squaw Valley Creek,1,0.075472,0,1,0,208349371.964844,71166.1785369628
699,180200040206,Tate Creek-McCloud River,3,0.207547,1,2,0,167114066.9375,83585.9260806127
700,180200040106,Lower Ash Creek,0,0,0,0,0,127508194.390625,82436.6832138171
701,180600060204,Little Sur River,2,0.132075,1,1,0,160431994.628906,62940.4022466605
702,180600060104,San Clemente Creek-Carmel River,5,0.433962,1,3,1,139749853.9375,61822.6717719889
703,180600051508,El Toro Creek,2,0.132075,1,1,0,169806679.914062,64466.2382763962
704,180600020803,Salsipuedes Creek,5,0.433962,1,3,1,100899189.109375,54437.7405330412
705,180500030105,Anderson Lake-Coyote Creek,4,0.377358,0,3,1,165393037.289062,78648.8133721101
706,180500040302,Lower Arroyo Mocho,4,0.377358,0,3,1,211287415.359375,112362.81239255
707,180400030802,Lower Kellogg Creek,5,0.415094,2,2,1,149573281.398438,77376.8737217019
708,180400121106,South Mokelumne River-Mokelumne River,5,0.584906,5,0,2,175668819.078125,80633.9697728182
709,180400030906,Middle River-San Joaquin River,5,0.584906,5,0,2,159318994.460938,253114.048789461
710,180201580205,Durham Slough-Butte Creek,4,0.320755,3,0,1,130745245.21875,74693.4493632854
711,180201580401,Dry Creek,4,0.301887,0,2,1,250931390.136719,107494.986150649
712,180200030906,Town of Burney-Burney Creek,0,0,0,0,0,166250899.832031,63391.112367742
713,180200031003,Soldier Creek-Pit River,4,0.377358,4,0,1,105454573.722656,81309.3339547267
714,180200030708,Eiler Gulch,0,0,0,0,0,195332989.761719,68817.8407281244
715,180200030501,Sand Flat Well,0,0,0,0,0,317605934.929688,125419.769706704
716,180200030402,White Deer Lake,1,0.075472,0,1,0,250792926.417969,88060.2419281737
717,180200030301,Medicine Lake,0,0,0,0,0,95670119.1992188,52335.3962759732
718,180102041405,180102041405-Lower Klamath Lake,3,0.226415,0,1,1,143739646.71875,53826.1385317465
719,180600050701,North Fork San Antonio River,4,0.301887,0,2,1,83095449.515625,46782.8957887749
720,180600050702,Headwaters San Antonio River,3,0.226415,0,1,1,76828182.1601562,49154.2670977129
721,180600051308,Vaqueros Creek,4,0.358491,1,2,1,88733247.9726562,53377.5898312036
722,180600051503,Limekiln Creek-Salinas River,2,0.132075,1,1,0,166556772.984375,71742.2648777153
723,180600020705,Bird Creek-San Benito River,5,0.509434,1,4,1,207143334.246094,111273.058946441
724,180600020203,South Fork Pacheco Creek,4,0.358491,1,2,1,113588994.835938,66775.3833926866
725,180400020103,Robinson Creek-South Fork Orestimba Creek,3,0.226415,0,1,1,156192361.871094,60289.1921972079
726,180400020302,Lower Del Puerto Creek,4,0.358491,1,2,1,155373581.695312,100329.139169657
727,180400011904,Garzas Creek,3,0.226415,0,1,1,229683270.566406,128085.992660269
728,180400020405,Kern Canyon-San Joaquin River,3,0.226415,4,0,0,199046226.023438,80804.0940005419
729,180400030503,McDonald Island-Hayes Slough,5,0.471698,3,0,2,127131768.773438,69044.58782533
730,180400030901,Union Island,1,0.113208,2,0,0,165532067.640625,68588.3820765203
731,180400121105,Sycamore Slough,5,0.528302,4,0,2,139010324.808594,84677.7036279017
732,180400030403,Mosher Creek,1,0.056604,1,0,0,96709989.0351562,92421.7803939472
733,180400030303,McLeod Lake-Mormon Slough,5,0.433962,1,1,2,101908312.679688,92341.6320275469
734,180400030405,Lower Bear Creek,4,0.358491,1,2,1,160406096.105469,137644.681748473
735,180400120903,Liberty Cemetary-Dry Creek,3,0.245283,3,1,0,83220461.3007812,85042.5629253001
736,180201630404,Lower Morrison Creek,5,0.415094,2,0,2,68637191.140625,58714.1972000017
737,180201610401,Curry Creek,0,0,0,0,0,71555466.40625,53733.1113785973
738,180201590104,Wyandotte Creek,3,0.226415,0,1,1,139224786.738281,72625.8061555217
739,180201590301,Hutchinson Creek,2,0.150943,0,0,1,131889445.550781,84370.8619242773
740,180201210705,Dark Canyon-West Branch Feather River,1,0.075472,0,1,0,110909940.023438,70276.0708836433
741,180201590101,Rocky Honcut Creek,0,0,0,0,0,73127330.609375,45458.3774233186
742,180201210701,Last Chance Creek-West Branch Feather River,2,0.150943,0,2,0,201280516.417969,67972.4712237156
743,180200030703,Headwaters Hat Creek,1,0.075472,0,1,0,123141811.554688,67163.38630104
744,180201210401,Benner Creek,0,0,0,0,0,84023517.0351562,60162.0063981136
745,180200030603,Grays Flat,0,0,0,0,0,160188867.6875,66540.8485871207
746,180200030201,Upper Beaver Creek,0,0,0,0,0,220800695.519531,67784.8435178124
747,180102041003,Robinson Flat-Tule Lake,2,0.169811,3,0,0,282740329.316406,90895.3965205784
748,180102040906,Mills Creek-Tule Lake Valley,1,0.113208,2,0,0,224235083.347656,78587.7204479384
749,180600060405,Perry Creek,4,0.358491,1,2,1,89871693.6132812,46826.1376491646
750,180600050605,Little Burnett Creek,0,0,0,0,0,97574255.9882812,61063.7525504647
751,180600051109,Quinado Canyon,2,0.150943,0,0,1,123460342.285156,61690.1406218738
752,180600051103,Garrissere Canyon-Salinas River,1,0.056604,1,0,0,192128114.964844,88935.6324546159
753,180600051106,Long Valley,0,0,0,0,0,121470729.054688,72998.5599977569
754,180600020603,Quien Sabe Creek,0,0,0,0,0,206709661.382812,77914.2927861074
755,180400091403,Town of Riverdale Park-Tuolumne River,4,0.377358,4,2,0,123487667.453125,58347.4396472993
756,180400510304,Lower Lone Tree Creek,1,0.056604,1,0,0,229001755.152344,146115.509995288
757,180400020404,Turlock Lake,3,0.264151,2,2,0,323483977.296875,196272.066023286
758,180400030402,Paddy Creek,1,0.075472,0,1,0,118917719.695312,56020.0675449896
759,180400030302,Town of Peters,1,0.056604,1,0,0,86024146.5273438,56671.9263023943
760,180400510302,Town of Cometa,0,0,0,0,0,126158971.972656,64833.7260078984
761,180400130703,Hadselville Creek,4,0.377359,0,1,2,83111013.671875,63472.9043981574
762,180201290603,Indian Creek-Weber Creek,4,0.301887,0,2,1,250281237.378906,112737.841656716
763,180201250803,Squirrel Creek,1,0.075472,0,1,0,107156964.125,64432.1665596866
764,180201220803,Silver Creek-Spanish Creek,4,0.377358,0,3,1,127312697.542969,60663.7621952291
765,180201230505,Washington Creek-Middle Fork Feather River,1,0.075472,0,1,0,86859194.4882812,42111.7833927155
766,180201210405,Almanor Peninsula-Frontal Lake Almanor,0,0,0,0,0,95103794.7421875,102941.105238502
767,180201210202,Goodrich Creek-Frontal Mountain Meadows Reservoir,0,0,0,0,0,195909843.882812,68013.5451462297
768,180201220604,Hough Creek-Indian Creek,2,0.150943,0,0,1,235215326.4375,87577.2920598212
769,180800030402,Bridge Creek,0,0,0,0,0,109930612.910156,57484.0418391851
770,180200030105,Davis Creek,0,0,0,0,0,162278914.214844,69503.1336576351
771,180200021504,Barber Canyon-Ash Creek,3,0.207547,1,0,1,142678774.902344,120181.696337171
772,180102041101,Spaulding Reservoir,0,0,0,0,0,198458553.304688,89397.6178774667
773,180200021103,Lower Turner Creek,1,0.056604,1,0,0,80248529.15625,55385.7540597606
774,180200021202,Blacks Canyon,0,0,0,0,0,164485327.078125,88157.4103773667
775,180600060705,Meadow Creek-Frontal Pacific Ocean,5,0.54717,3,1,2,156706479.644531,180545.80287113
776,180600060701,Upper San Luis Obispo Creek,5,0.433962,1,3,1,95213209.6015625,45801.5082202627
777,180600050503,Lower Big Sandy Creek,0,0,0,0,0,140373149.734375,74113.9593652597
778,180600050407,Bridge Canyon-Salinas River,3,0.283019,1,1,1,65022620.8671875,60244.6601104631
779,180600050307,Lower Huerhuero Creek,2,0.132075,1,1,0,96043580.8867188,75199.2848514122
780,180600050902,Upper Lewis Creek,2,0.150943,0,0,1,68318983.8984375,44865.6925766947
781,180400140204,Clough Canyon-Panoche Creek,2,0.150943,0,0,1,111566977.699219,64583.9111687983
782,180400010401,South Fork Little Panoche Creek,1,0.075472,0,1,0,63131110.0585938,39519.0591540262
783,180400012005,Lower Poso Slough-Salt Slough,3,0.207547,1,0,1,253768402.667969,151807.594008022
784,180400011803,Black Rascal Creek-Bear Creek,3,0.226415,0,1,1,115366846.789062,100925.620799848
785,180400020401,180400020401,2,0.150943,0,2,0,63591073.0234375,46414.2005155686
786,180400510102,Shirley Creek,1,0.075472,0,1,0,63869636.7773438,48236.2731466987
787,180400510203,Peachys Creek-Littlejohns Creek,3,0.207547,1,2,0,153312953.300781,82243.3036382414
788,180400120702,Middle Jackson Creek,1,0.075472,0,1,0,97456702.8710938,56735.5364206673
789,180400110203,Rich Gulch-North Fork Calaveras River,0,0,0,0,0,90176065.7421875,79678.7822764526
790,180400120601,South Fork Dry Creek,0,0,0,0,0,81898487.2148438,62426.3603856794
791,180400130302,Slate Creek-South Fork Cosumnes River,0,0,0,0,0,120368295.820312,105746.199009996
792,180201280503,Volcano Canyon-Middle Fork American River,4,0.301887,0,2,1,144593583.675781,91987.9800560982
793,180201280401,Secret Canyon-North Fork Middle Fork American River,0,0,0,0,0,164001677.765625,54282.2148572591
794,180201250503,East Fork Creek-Middle Yuba River,1,0.056604,1,0,0,168017404.8125,64739.7445749834
795,180201230502,Jackson Creek-Middle Fork Feather River,1,0.113208,2,0,0,69295240.421875,41780.3085472061
796,180201220303,Lone Rock Creek-Indian Creek,2,0.150943,0,2,0,151614669.660156,65345.3592863311
797,180201220206,Poison Creek-Last Chance Creek,0,0,0,0,0,164787581.074219,73996.881978531
798,180800030305,Merrill Creek-Frontal Eagle Lake,1,0.113208,2,0,0,212351644.746094,116169.796615137
799,180200021402,Holbrook Canyon,0,0,0,0,0,108617383.964844,56888.7010608741
800,180102040106,Fairchild Swamp,0,0,0,0,0,134076586.886719,76803.7491739719
801,180600080502,Lower Orcutt Creek,4,0.377358,0,3,1,115680514.03125,67286.6116110786
802,180600100603,Santa Rita Valley,3,0.283019,1,3,0,67110376.921875,42354.6659139213
803,180600090102,Upper San Antonio Creek,3,0.283019,1,3,0,181360961.15625,71389.4071682764
804,180600070503,Carrie Creek,0,0,0,0,0,76547204.9648438,53618.7968306144
805,180600050201,Rinconada Creek,3,0.226415,0,1,1,61624843.6992188,45538.9318819974
806,180600050301,East Branch Huerhuero Creek,3,0.226415,0,1,1,61869440.7929688,51140.8852965056
807,180600040405,Pine Creek-Estrella River,2,0.150943,0,0,1,139072475.160156,95510.524675739
808,180600040204,Upper Cholame Creek,2,0.150943,0,2,0,162667055.660156,69844.0063013475
809,180600040203,Cottonwood Creek,0,0,0,0,0,86618615.3242188,49682.9735683319
810,180300120604,Middle Los Gatos Creek,3,0.226415,0,1,1,204823453.835938,75773.4741107385
811,180300120304,Lower Warthan Creek,2,0.150943,0,2,0,102409794.058594,65380.377549303
812,180600040201,Little Cholame Creek,3,0.226415,0,1,1,161810036.476562,72849.1355847849
813,180300120403,Lower Jacalitos Creek,0,0,0,0,0,100233985.035156,55000.5059013887
814,180300090902,Arroyo Ciervo,0,0,0,0,0,79918708.4960938,57363.7597479887
815,180400070505,Ash Slough-Fresno River,3,0.207547,1,2,0,425866508.917969,147910.45497037
816,180400011801,180400011801-Bear Creek,1,0.075472,0,1,0,61408047.3789062,86602.3428255214
817,180400080802,Ingalsbe Slough-Merced River,5,0.584906,5,2,1,232210524.996094,109673.950758041
818,180400080701,Upper Dry Creek,2,0.150943,0,0,1,134814614.363281,65996.5475928317
819,180400100604,Angels Creek,1,0.075472,0,1,0,168452250.597656,98470.8117411656
820,180400091103,Peppermint Creek-Woods Creek,4,0.358491,1,2,1,161110413.253906,100326.115978122
821,180400100503,Lower South Fork Stanislaus River,3,0.283019,1,1,1,89979111.2890625,58420.081882063
822,180400100404,Dry Meadow Creek-Middle Fork Stanislaus River,2,0.169811,3,0,0,192909910.179688,94704.3189736737
823,180400130403,Sopiago Creek-Middle Fork Cosumnes River,4,0.377358,0,3,1,104015775.582031,66659.1360229289
824,180201280302,Dolly Creek-Middle Fork American River,0,0,0,0,0,252472498.042969,96937.5960091626
825,180201250601,Fordyce Creek,5,0.415094,2,2,1,232905637.171875,94526.0441705094
826,160501020103,Cold Stream-Little Truckee River,2,0.188679,2,1,0,77293508.0078125,65487.1918901632
827,180201230310,Sierra Valley Channels,0,0,0,0,0,553690445.582031,270126.117429729
828,180201220204,Willow Creek-Last Chance Creek,1,0.075472,0,1,0,237822500.207031,86276.6605375161
829,180201220302,Antelope Creek,1,0.075472,0,1,0,90200209.5,53366.5389852077
830,180800030705,Susan River Delta-Frontal Honey Lake,0,0,0,0,0,389387211.628906,101199.697033959
831,180800030602,Bill Reservoir Number 1,0,0,0,0,0,94374044.1640625,50412.066647928
832,180800020103,Dry Creek,0,0,0,0,0,102168894.828125,49521.8515077351
833,180200020102,Mill Creek,0,0,0,0,0,163276373.5625,63905.392122999
834,180200020704,Raker And Thomas Reservoirs,0,0,0,0,0,195752534.917969,75558.7576055757
835,180200020405,Pine Creek,0,0,0,0,0,117699444.039062,88836.7277096523
836,180200010404,Long Branch-Frontal Goose Lake,3,0.226415,4,0,0,284822775.394531,101542.982597055
837,180600080202,South Fork La Brea Creek,5,0.433962,1,1,2,122080795.027344,62047.9130872906
838,180600080201,North Fork La Brea Creek,5,0.433962,1,1,2,185310726.347656,78895.6868760641
839,180600070601,Carrizo Canyon,0,0,0,0,0,77062955.5742188,55829.9545718903
840,180600040301,Long Canyon-San Juan Creek,1,0.075472,0,1,0,220698013.84375,95447.6893705485
841,180300121301,Salt Canyon,3,0.226415,0,3,0,108794965.585938,71962.1771035238
842,180300120504,Lower Zapato Chino Creek,0,0,0,0,0,103822907.617188,70859.1753355519
843,180300122201,Arroyo Doblegado,0,0,0,0,0,65406032.03125,40893.2038184569
844,180300090907,Sandridge Canal,3,0.226415,0,1,1,110475385.953125,76003.1231125211
845,180400010204,Lower Cottonwood Creek,0,0,0,0,0,145129529.570312,84812.6326961875
846,180400011001,Corbet Creek-Bear Creek,3,0.226415,0,1,1,199091301.21875,69979.5723886671
847,180400090602,Lower Middle Tuolumne River,3,0.226415,0,1,1,96954324.203125,63964.544527861
848,180400090801,Upper Clavey River,1,0.075472,0,1,0,205162262.609375,76423.8344110146
849,180400100403,Cow Creek-Middle Fork Stanislaus River,1,0.075472,0,1,0,151117418.382812,62306.9145493246
850,180400100501,Upper South Fork Stanislaus River,3,0.283019,1,3,0,185871667.347656,72680.3238035224
851,180201290103,North Tragedy Creek,0,0,0,0,0,74091694.6171875,40019.8140522844
852,180201290104,Long Canyon-Silver Fork American River,4,0.377358,0,3,1,164630547.847656,65510.9456255881
853,180400120104,Meadow Creek-North Fork Mokelumne River,3,0.283019,1,3,0,224432664.804688,89711.053022134
854,180400100301,Upper North Fork Stanislaus River,1,0.075472,0,1,0,184572120.808594,67306.6610600233
855,160501010401,Fallen Leaf Lake-Frontal Lake Tahoe,5,0.45283,4,3,0,135288698.101562,54802.6883035301
856,160501020206,Trout Creek-Truckee River,1,0.075472,0,1,0,84229608.7304688,75250.2641708497
857,160501020502,Bronco Creek-Truckee River,1,0.075472,0,1,0,69494172.1796875,40342.490507449
858,180800031103,Lower Dry Valley Creek,0,0,0,0,0,18672332.0195312,36407.1882166857
859,180800031503,Sheep Springs-Frontal Honey Lake,0,0,0,0,0,264604835.210938,105696.423204166
860,180800020108,Upper Cold Spring Creek,0,0,0,0,0,187648109.832031,88074.0093564841
861,180800020109,Lower Cold Spring Creek-Madeline Plains,0,0,0,0,0,250389187.519531,87281.1616376485
862,160402030901,Headwaters Smoke Creek,0,0,0,0,0,225103206.5625,77309.0766951302
863,180800010307,Lower Alkali Lake,0,0,0,0,0,92612053.2578125,57187.8976336086
864,180800010107,Soldier Creek-Frontal Upper Alkali Lake,1,0.075472,0,1,0,174319404.097656,57532.5301082176
865,180800010103,Schamp Creek,0,0,0,0,0,61560109.171875,54559.0915830675
866,180600080103,Abel Canyon-Sisquoc River,3,0.283019,1,1,1,147247170.96875,60272.1398718192
867,180300121603,180300121603,0,0,0,0,0,117074203.546875,65945.9349930582
868,180300121901,Arroyo Tozo,0,0,0,0,0,148092006.816406,57977.6783900853
869,180300122003,Mussel Slough,2,0.150943,0,0,1,163477858.113281,80096.4012253313
870,180300090503,Mill Ditch,0,0,0,0,0,139079783.523438,84501.1147123066
871,180400010801,Root Creek,2,0.150943,0,2,0,60066895.8945312,57448.3139565833
872,180400010303,Scout Island-San Joaquin River,3,0.207547,1,2,0,128143139.765625,71579.9691937324
873,180400070202,Lower Coarse Gold Creek,3,0.226415,0,1,1,159198186.441406,69474.0601225751
874,180400061202,Lower Fine Gold Creek,5,0.45283,0,4,1,202582183.722656,81184.6321030204
875,180400080305,Indian Creek-Merced River,2,0.150943,0,2,0,100546488.941406,52611.3810999532
876,180400090302,Frog Creek,3,0.226415,0,1,1,78997041.9257812,71141.8997562284
877,180400100204,Eagle Creek,1,0.075472,0,1,0,81820156.4648438,45150.0455570853
878,160502010106,Pleasant Valley Creek,1,0.075472,0,1,0,107525140.882812,63051.8621783282
879,180600100201,Agua Caliente Canyon,5,0.528302,0,3,2,129139789.144531,62881.1513575088
880,180701010201,Rincon Creek,1,0.056604,1,0,0,55752436.328125,47069.5763275814
881,180600070106,Apache Canyon,0,0,0,0,0,151746041.203125,76050.0646113352
882,180300031403,Cienaga Creek,1,0.075472,0,1,0,149724979.765625,66267.0743200817
883,180300120804,Town of Shafter,0,0,0,0,0,119881791.886719,100691.877453772
884,180300121003,Lower Goose Lake Canal,0,0,0,0,0,109098510.226562,62704.8392906241
885,180300040404,Town of Wasco-Poso Creek,0,0,0,0,0,232201822.5,93006.7202578808
886,180300050802,Town of Richgrove,1,0.075472,0,1,0,198829418.433594,85352.5560817678
887,180300122102,Lamberson Ditch-Frontal Tulare Lake Bed,0,0,0,0,0,229885940.269531,93252.391249233
888,180300050803,Town of Earlimart,1,0.075472,0,1,0,105413035.546875,65340.0680118335
889,180300050904,Old Deer Creek Channel-Deer Creek,0,0,0,0,0,217864866.734375,135848.86981951
890,180300071204,Kennedy School House Ditch,1,0.075472,0,1,0,131500411.398438,100466.354229636
891,180300120202,Holland Creek-Kings River,2,0.150943,0,0,1,98730195.515625,66323.5757444799
892,180400061301,Kerckhoff Lake-San Joaquin River,2,0.150943,0,0,1,144040445.273438,76327.8696951199
893,180400061004,Saginaw Creek-San Joaquin River,2,0.150943,0,0,1,142253192.863281,68802.0006947059
894,180400060702,Lower Chiquito Creek,4,0.301887,0,2,1,235087185.910156,92237.3462413354
895,180400080107,Tenaya Creek,2,0.150943,0,2,0,128962616.671875,78626.8926155517
896,180400090501,Piute Creek,4,0.301887,0,2,1,210488387.109375,95204.0813205816
897,160503020102,Cascade Creek-West Walker River,3,0.226415,0,3,0,135680338.90625,68412.5573301107
898,160503020201,Deep Creek,0,0,0,0,0,97976146.390625,56983.2196737229
899,160503010109,Buckeye Creek,1,0.056604,1,0,0,234510372.859375,97007.0501563753
900,160503010107,Lower Swauger Creek,0,0,0,0,0,149145895.742188,71247.0490416472
901,160503020206,Topaz Lake,0,0,0,0,0,45773772.015625,32957.0284776785
902,180701010104,Upper Ventura River,5,0.433962,1,1,2,82335671.8789062,51834.2919392148
903,180701010102,North Fork Matilija Creek,3,0.207547,1,0,1,61452873.5234375,38524.0449700684
904,180701020703,Piedra Blanca Creek-Sespe Creek,5,0.716981,2,4,2,221815288.757812,87974.4581120723
905,180600070102,Dry Canyon,0,0,0,0,0,83300270.0898438,50056.7585460652
906,180701020503,Seymour Creek,2,0.150943,0,0,1,70342933.9609375,55916.5421045006
907,180701020502,Cedar Creek-Piru Creek,2,0.150943,0,0,1,170408079.039062,81490.1680901755
908,180701020501,Mutau Creek,2,0.150943,0,0,1,88754552.59375,60239.4023450729
909,180300031602,Buena Vista Lake Bed,4,0.301887,0,0,2,121884105.332031,44543.6175749004
910,180300050503,Town of Vestal-White River,0,0,0,0,0,125926813.417969,94050.126064298
911,180300050601,Dyer Creek,1,0.075472,0,1,0,81432363.5117188,57869.8800284363
912,180300060804,Middle Elk Bayou,0,0,0,0,0,233684723.226562,111741.855660902
913,180300050403,Lower Fountain Springs Gulch,0,0,0,0,0,121465666.015625,56365.9035319772
914,180300071002,Long Creek,2,0.150943,0,2,0,104623079.015625,75898.4272286365
915,180300060502,Middle Lewis Creek,0,0,0,0,0,65591647.3945312,42311.2666273288
916,180300100802,Lower Big Creek,3,0.226415,0,1,1,165281923.976562,96848.00223847
917,180300100805,Upper Pine Flat Reservoir,3,0.226415,0,1,1,130500744.789062,60420.4437480511
918,180300100504,Lower Dinkey Creek,2,0.150943,0,2,0,160758147.050781,68880.8388435173
919,180300100502,Middle Dinkey Creek,3,0.226415,0,3,0,125989169.503906,56979.5871316128
920,180300100704,Verplank Creek-Kings River,3,0.226415,0,1,1,107977762.824219,64711.2742036902
921,180400060302,Lower Fish Creek,3,0.207547,1,2,0,238601097.667969,78809.9415120613
922,180901020202,Dry Creek,2,0.150943,0,2,0,98429914.6171875,70054.7014142185
923,180400090102,Dana Fork,2,0.150943,0,2,0,110606354.46875,62483.328473807
924,160503010103,Virginia Creek,1,0.075472,0,1,0,150643628.144531,80828.6646430752
925,160503010204,Paramount Mine,0,0,0,0,0,82017349.1328125,52043.1322595276
926,160503010208,Lower Rough Creek,0,0,0,0,0,6110922.51171875,15709.579860555
927,180701020704,Tar Creek,4,0.358491,1,0,2,66685410.09375,39892.8271898469
928,180701020601,Agua Blanca Creek,5,0.509434,1,2,2,128418855.253906,65330.4931714159
929,180701020604,Hosler Canyon-Piru Creek,5,0.490566,2,1,2,57928350.3671875,41799.0027549473
930,180300030902,Liveoak Canyon,0,0,0,0,0,79563271.9179688,59094.724407153
931,180300060302,Middle South Fork Tule River,2,0.150943,0,0,1,242827521.714844,80079.973133905
932,180300070503,Lower South Fork Kaweah River,1,0.075472,0,1,0,92148371.2265625,49983.386474082
933,180300100308,Crown Creek,3,0.226415,0,3,0,200882689.050781,76981.7207430008
934,180400060201,Evolution Creek,2,0.150943,0,2,0,148645075.519531,64730.4654424634
935,180400060205,Bear Creek,3,0.283019,1,3,0,220589447.828125,86706.7971046535
936,180901010106,180901010106-Frontal Mono Lake,0,0,0,0,0,182695552.460938,93108.7890385295
937,180901010602,180901010602,0,0,0,0,0,72758576.9882812,48559.1885423885
938,180701060101,Upper Dominguez Channel,1,0.075472,0,1,0,99243397.3164062,63349.4369872443
939,180701060102,Lower Dominguez Channel,0,0,0,0,0,212581726.386719,86145.2454564851
940,180701040401,Garapito Creek,5,0.433962,1,1,2,74473860.9414062,49639.5296887972
941,180701050204,Bull Creek,1,0.075472,0,1,0,82497116.6796875,65527.8889914588
942,180701040403,Santa Monica Beach-Frontal Santa Monica Bay,4,0.320755,3,0,1,169942894.902344,119626.542999532
943,180701020304,Elizabeth Lake Canyon,5,0.433962,1,1,2,206663548.363281,83961.959174178
944,180701020106,Mint Canyon,1,0.075472,0,1,0,111499376.371094,71566.9451863366
945,180701050205,Upper Pacoima Wash,5,0.603774,0,2,3,108030572.058594,67153.449892353
946,180902061405,Broad Canyon,0,0,0,0,0,137266745.375,85724.2000401603
947,180902061308,Kings Canyon,0,0,0,0,0,152135021.105469,138879.900934524
948,180300030201,Brite Creek,0,0,0,0,0,63969124.6914062,50639.2011559339
949,180300030203,Tweedy Creek,0,0,0,0,0,70259615.7382812,45577.3973611954
950,180300030106,Mill Creek-Kern River,1,0.075472,0,1,0,177665892.652344,74965.322174487
951,180300030104,Clear Creek,0,0,0,0,0,93386564.6289062,64985.791269601
952,180300030405,Upper Caliente Creek,0,0,0,0,0,81409952.9140625,45273.4729842839
953,180300030105,Black Gulch-Kern River,3,0.226415,0,1,1,92054886.1953125,53062.2188311177
954,180300010504,South Creek,1,0.075472,0,1,0,90839878.1132812,59629.3865005466
955,180300010502,Peppermint Creek-Kern River,1,0.075472,0,1,0,209859450.804688,82708.5294685064
956,180300010301,Alpine Creek,2,0.188679,2,1,0,108246187.265625,56086.1506789403
957,180300100104,Lower Roaring River,0,0,0,0,0,75367960.6328125,49556.2487454636
958,180300010102,Tyndall Creek-Kern River,1,0.075472,0,1,0,158759387.585938,59666.5179059596
959,180300100303,Cartridge Creek,0,0,0,0,0,82147728.0234375,41908.7459997672
960,180901020506,Millner Creek-Spring Canyon Creek,0,0,0,0,0,158581825.460938,79687.4121328622
961,180701060702,Alamitos Bay,3,0.226415,0,1,1,186585202.59375,82186.672526143
962,180701050104,Little Tujunga Creek,1,0.056604,1,0,0,79387091.2109375,46112.5424248656
963,180902061501,Lake Palmdale,0,0,0,0,0,191610704.523438,71220.7999631543
964,180902062405,180902062405-Frontal Rosamond Lake,0,0,0,0,0,65187878.1054688,42921.8434654497
965,180902060105,Waterfall Canyon-Cache Creek,0,0,0,0,0,121664867.613281,63003.8361136049
966,180902062003,Sanborn Hill,0,0,0,0,0,79355871.0039062,63570.5804351074
967,180902050403,Sage Canyon,0,0,0,0,0,148553791.082031,75553.8734532829
968,180300020104,Snake Creek-South Fork Kern River,3,0.207547,1,2,0,146758504.75,72945.148870697
969,160600100906,Cottonwood Creek,1,0.056604,1,0,0,211455475.429688,116755.327279963
970,180703010302,Salt Creek-Frontal Gulf of Santa Catalina,5,0.415094,2,2,1,110840882.175781,95465.0709883348
971,180701060602,La Mirada Creek,1,0.075472,0,1,0,137247235.671875,63436.6170238315
972,180902062207,180902062207-Rogers Lake,0,0,0,0,0,168863500.925781,97261.674173369
973,180902062204,Mount Mesa-Frontal Rogers Lake,0,0,0,0,0,109893425.535156,51168.8960837493
974,180902062202,Jackrabbit Hill,0,0,0,0,0,133324017.257812,79318.9274019529
975,180902062103,180902062103,0,0,0,0,0,69718773.6757812,45329.1455567516
976,180902060503,Town of Cantil,0,0,0,0,0,77601758.4023438,48283.4107098428
977,180902060702,Red Rock Canyon,0,0,0,0,0,111756548.789062,67708.3727227144
978,180902060601,Fiddler Gulch,0,0,0,0,0,238193732.054688,90837.9518100026
979,180902050501,Ninemile Canyon,0,0,0,0,0,140501802.082031,62712.8345076741
980,180902050606,Dry Lakes,0,0,0,0,0,232295732.546875,128925.965729769
981,180901030303,Centennial Canyon,0,0,0,0,0,124394859.679688,70206.7841528694
982,180902010901,Willow Creek,0,0,0,0,0,133597676.121094,58735.3909348182
983,180902010704,Palm Spring-Frontal Salt Lake,0,0,0,0,0,199337177.96875,120313.062698357
984,180902010202,Middle Marble Canyon,0,0,0,0,0,195053499.957031,84960.9169724119
985,180902010401,180902010401,0,0,0,0,0,35334144.3945312,29725.6388669489
986,180902010601,Headwaters Waucoba Wash,0,0,0,0,0,206010061.269531,91602.008790862
987,180902010402,180902010402,0,0,0,0,0,87902662.4804688,57217.4791578776
988,180902010701,180902010701,0,0,0,0,0,123853127.738281,56551.7590162135
989,180902010301,Tule Spring,0,0,0,0,0,104474653.742188,50712.1360290929
990,180702030901,Upper Santiago Creek,5,0.584906,1,3,2,190803105.25,68192.4430465743
991,180702030604,Bedford Wash-Temescal Wash,1,0.075472,0,1,0,139308202.625,70249.5349975894
992,180702030804,East Etiwanda Creek-Santa Ana River,5,1,3,5,3,818799159.996094,187820.6472863
993,180702030302,North Fork Lytle Creek,2,0.150943,0,2,0,129568826.859375,60793.4015440847
994,180902080504,Horse Canyon-Fremont Wash,0,0,0,0,0,186059285.808594,125395.487460767
995,180902080903,Buckthorn Wash,0,0,0,0,0,115281688.667969,78505.7439897281
996,180902080904,180902080904,0,0,0,0,0,115669327,65282.4358529997
997,180902050801,Mirror Lake,0,0,0,0,0,203637190.386719,66628.6013690132
998,180902050603,180902050603,0,0,0,0,0,87749071.3554688,62728.6550084843
999,180902050201,Petroglyph Canyon,0,0,0,0,0,142319440.714844,75499.9914974123
1000,180902050202,180902050202,0,0,0,0,0,65782707.1640625,59507.3159676866
1001,180902041103,Wood Canyon-Panamint Valley,0,0,0,0,0,145448999.625,98194.4321074085
1002,180902040202,Lower Lee Wash,0,0,0,0,0,69456123.078125,52512.6526073654
1003,180902040306,Lower Darwin Wash,0,0,0,0,0,172900639.492188,66251.8319219001
1004,180902030303,Upper Marble Canyon,0,0,0,0,0,150704155.539062,67153.8792388991
1005,180703030401,Upper Escondido Creek,5,0.45283,0,2,2,163447132.621094,85579.5669876263
1006,180702020303,Menifee Valley,1,0.075472,0,1,0,104660440.914062,54655.7127041771
1007,180702030503,Plunge Creek,1,0.056604,1,0,0,75100629.2382812,46708.8704976767
1008,180902080301,Fairview Dry Lake,0,0,0,0,0,69619774.3632812,41428.515518419
1009,180902080905,North Lake-Mojave River,0,0,0,0,0,130767629.011719,91424.6672400003
1010,180902081102,Town of Lenwood-Mojave River,3,0.226415,0,1,1,213399476.613281,120598.077381499
1011,180902070903,Black Canyon,0,0,0,0,0,93702483.9335938,52474.8320559527
1012,180902051203,Bundy Canyon-Searles Valley,0,0,0,0,0,74639434.6757812,49985.1585292079
1013,180902040804,Goler Canyon-Panamint Valley,0,0,0,0,0,155660786.796875,70752.3392005416
1014,180902041002,Hall Canyon,0,0,0,0,0,67364067.859375,41356.795677297
1015,180902030505,Midway Well,0,0,0,0,0,271644182.46875,114393.574243437
1016,180902030602,180902030602-Death Valley Wash,0,0,0,0,0,179367164.046875,75545.149308266
1017,180703040903,Rice Canyon-Sweetwater River,3,0.226415,0,1,1,132595750.832031,83792.9055600239
1018,180703040704,Murray Reservoir,4,0.301887,0,0,2,61477857.8632812,41915.0337077672
1019,180703040701,Sycamore Canyon,3,0.226415,0,1,1,63118165.09375,40962.6826676371
1020,180703041002,Jamul Creek,4,0.301887,0,2,1,63947688.4335938,42858.280037609
1021,180702020107,Poppet Creek-San Jacinto River,4,0.358491,1,2,1,116660705.039062,84507.2409854121
1022,181002010301,South Fork Whitewater River-Whitewater River,4,0.301887,0,2,1,230802436.351562,104327.151997912
1023,181001000703,Upper Arrastre Creek,0,0,0,0,0,112149327.535156,68290.0236299643
1024,181001000102,Lower North Lucerne Valley,0,0,0,0,0,127852141.628906,67852.9814575803
1025,181001000401,Quill Spring,0,0,0,0,0,140514555.25,64419.8565808428
1026,181001000702,Soggy Lake,0,0,0,0,0,100218010.574219,79918.2306798253
1027,180902070101,McLean Lake,0,0,0,0,0,129414156.308594,63274.6278306207
1028,180902070105,Coyote Canyon,0,0,0,0,0,159392389.5625,79451.5627718839
1029,180902031902,Headwaters Wingate Wash,0,0,0,0,0,153118317.355469,64364.4417350934
1030,180902032205,Johnson Canyon,0,0,0,0,0,75093105.640625,47295.2944701472
1031,180902030706,Lower Furnace Creek Wash,0,0,0,0,0,186029416.75,105692.49433561
1032,180902030705,Echo Canyon,0,0,0,0,0,102368194.09375,67048.0286829474
1033,180902030804,Monarch Canyon,0,0,0,0,0,154818810.292969,66987.2658087151
1034,180703051002,McAlmond Canyon-Cottonwood Creek,3,0.226415,0,1,1,82167221.46875,50268.48250854
1035,180703051001,Potrero Creek,4,0.377359,0,1,2,97490810.1015625,60204.8359618193
1036,180703030102,Canada Aguanga-San Luis Rey River,3,0.226415,0,3,0,129804013.027344,66759.3927578585
1037,181002030301,Dry Canyon,0,0,0,0,0,70039798.5351562,48038.9072286409
1038,181002010303,Mission Creek,0,0,0,0,0,190782962.234375,118620.640899866
1039,181002010204,Tahquitz Creek,4,0.301887,0,2,1,132611012.753906,64922.0544210117
1040,181002010205,Lower Palm Canyon Wash,4,0.301887,0,2,1,70170668.8671875,64580.2120111091
1041,181002010202,Upper Palm Canyon Wash,2,0.150943,0,0,1,156905452.542969,61747.775956676
1042,181002010404,Morongo Wash,0,0,0,0,0,131785720.84375,76872.4067407705
1043,181001000904,Bobo Springs Reservoir,0,0,0,0,0,72137647.65625,61313.6995372722
1044,181001000706,Mellville Lake,0,0,0,0,0,75800453.1796875,55037.7291878103
1045,180902082202,Afton Canyon-Mojave River,2,0.150943,0,0,1,170850728.316406,75638.8631408454
1046,180902031603,Two Springs,0,0,0,0,0,132300659.582031,58147.469899733
1047,180902031706,Denning Spring-Amargosa River,1,0.056604,1,0,0,244551497.40625,147689.0892039
1048,180902031704,Owl Hole Springs,0,0,0,0,0,248207271.167969,88661.0911468296
1049,180902032206,Copper Canyon,0,0,0,0,0,92439335.1367188,50263.6342192517
1050,180902032207,Sheep Canyon,0,0,0,0,0,83580427.6601562,49471.2891317946
1051,180703050501,Santa Margarita,0,0,0,0,0,19985334.6289062,24802.5450419312
1052,180703051101,Miller Creek-Campo Creek,4,0.377358,0,3,1,152705347.464844,54283.0484001208
1053,181002020107,Bow Willow Creek,0,0,0,0,0,93099874.1445312,74680.2248110395
1054,181002020206,Lost Valley-Carrizo Creek,2,0.150943,0,0,1,119702130.738281,62269.0232661776
1055,181002030601,Upper Fish Creek Wash,0,0,0,0,0,176630895.652344,80696.5905595245
1056,181002020301,Gert Wash,0,0,0,0,0,169874865.523438,92786.5488059961
1057,181002030402,Earthquake Valley,0,0,0,0,0,111220196.105469,59334.4863014366
1058,181002030502,Upper Lower Borrego Valley,0,0,0,0,0,196185421.125,70975.9199887086
1059,181002010803,Martinez Canyon,0,0,0,0,0,190526804.359375,98902.019296544
1060,181002010609,Town of Biskra Palms-Whitewater River,0,0,0,0,0,171777517.140625,67644.0764149784
1061,181001001502,Upper Quail Wash,0,0,0,0,0,122785244.464844,64307.7114921463
1062,181002010702,Berdoo Canyon,0,0,0,0,0,137015595.695312,77191.4752159644
1063,181002010705,City of Indio-Whitewater River,0,0,0,0,0,275810035.507812,137910.842638944
1064,181001001102,181001001102,0,0,0,0,0,85357821.0625,58584.1842646973
1065,181001001202,Keys Lake,0,0,0,0,0,167389749.453125,59944.4474502274
1066,181001002001,Swede Hill,0,0,0,0,0,190806267.492188,62567.4637167118
1067,180902082203,Baxter Wash,2,0.150943,0,0,1,124897810.34375,55253.5244041181
1068,180902082206,Mojave River Wash-Mojave River,0,0,0,0,0,182525278.5625,104506.085030065
1069,180902031404,Squaw Mountain,0,0,0,0,0,118586979.332031,102271.935245519
1070,180902022003,Shoshone Spring-Amargosa River,1,0.056604,1,0,0,239422523.242188,88411.8245127521
1071,180902021505,Carson Slough,0,0,0,0,0,61497231.9101562,46460.6219441955
1072,181002041005,Yuha Wash,0,0,0,0,0,173965884.269531,73467.1144360385
1073,181002041007,Lower Coyote Wash,0,0,0,0,0,221143268.871094,78552.6263764708
1074,181002041102,West Mesa,0,0,0,0,0,135635772.074219,65422.8572069493
1075,181002020304,Fish Creek Mountains,0,0,0,0,0,84566868.3984375,51441.3774731002
1076,181002030803,Harpers Well-San Felipe Creek,2,0.132075,1,1,0,195478865.386719,101068.349161843
1077,181002041404,Kane Spring-Frontal Salton Sea,2,0.132075,1,1,0,137118981.835938,64733.0382747863
1078,181002040504,Buried Mountain,0,0,0,0,0,121230300.085938,60623.384763834
1079,181002040608,Lower Salt Creek,1,0.056604,1,0,0,70805718.1367188,46715.0611271904
1080,181001004405,Wilson Canyon-Pinto Wash,0,0,0,0,0,210961475.871094,114344.56958732
1081,181001002301,Pinto Mountain,0,0,0,0,0,107668444.496094,65066.1375657101
1082,181001002006,Town of Bagdad,0,0,0,0,0,98223070.4765625,51942.8348184455
1083,180902081803,Budweiser Wash,0,0,0,0,0,236150462.941406,105447.704497028
1084,180902082507,Shortz Lake-Frontal Soda Lake,0,0,0,0,0,202833803.523438,125099.760742375
1085,180902082001,180902082001,0,0,0,0,0,70744146.5664062,49865.7144295592
1086,180902031204,180902031204,0,0,0,0,0,91438377.9726562,51244.5760982737
1087,180902021903,180902021903,0,0,0,0,0,80646182.6796875,55120.7447589573
1088,160600150205,160600150205,0,0,0,0,0,1877748.80078125,8377.70377552003
1089,160600150104,Manse Ranch Springs,0,0,0,0,0,2479123.34375,7474.55946883618
1090,160600150403,Lost Cabin Spring,0,0,0,0,0,21736.08203125,792.628009031381
1091,181002040807,Town of Calipatria-Alamo River,2,0.188679,2,1,0,554032415.929688,171611.441518083
1092,181002041303,181002041303,0,0,0,0,0,75542919.1484375,79068.5578685665
1093,181002040602,181002040602,0,0,0,0,0,90403493.6992188,54358.745404054
1094,181002040601,Gulliday Well,0,0,0,0,0,112320857.007812,81164.4300635482
1095,181001004502,San Bernardino Wash-Pinto Wash,0,0,0,0,0,286632755.171875,145492.508037017
1096,181001002802,181001002802,0,0,0,0,0,124187021.808594,59272.5526967613
1097,181001002502,Amboy Crater,0,0,0,0,0,165358692.648438,64897.3341144523
1098,181001003706,181001003706,0,0,0,0,0,172842016.042969,75277.9034366969
1099,181001002703,Town of Chambless,0,0,0,0,0,280351285.617188,92843.9710436014
1100,180902081904,Marl Spring-Kelso Wash,0,0,0,0,0,138926560.617188,58730.4800670779
1101,180902081905,Lower Cedar Wash,0,0,0,0,0,123436897.015625,79927.9902922145
1102,180902081902,Upper Cedar Wash,0,0,0,0,0,165238815.414062,78906.2600281644
1103,181002040208,Town of Amos,0,0,0,0,0,162141125.703125,75747.3831107699
1104,150301040902,150301040902,0,0,0,0,0,217594247.035156,102119.956418801
1105,181001005402,Sharp Peak,0,0,0,0,0,118208681.5625,73843.4105166549
1106,181001005403,Augustine Pass,0,0,0,0,0,102660739.019531,71400.5048084014
1107,181001003604,181001003604,0,0,0,0,0,142690008.964844,77280.2185678036
1108,181001003505,181001003505-Schulyler Wash,0,0,0,0,0,62164020.96875,78420.6030331692
1109,181001003302,Upper Black Canyon Wash,0,0,0,0,0,72563926.0546875,50049.9221836212
1110,160600151202,Town of Nipton-Frontal Ivanpah Lake,0,0,0,0,0,55859672.9179688,38338.2278382712
1111,181002040201,Town of Clyde,0,0,0,0,0,61905214.1484375,59358.1612364358
1112,150301040905,Headwaters Milpitas Wash,0,0,0,0,0,102189448.25,84557.4720157189
1113,150301041002,Geode Beds-Milpitas Wash,0,0,0,0,0,131241909.035156,110198.98333718
1114,150301041005,150301041005-Milpitas Wash,0,0,0,0,0,175310040.632812,88632.319548625
1115,181001005201,181001005201,1,0.075472,0,1,0,104498111.433594,66271.1966302886
1116,181001004305,Tank Spring,0,0,0,0,0,79805601.7773438,58540.972672277
1117,150301040501,Upper McCoy Wash,0,0,0,0,0,114446128.855469,77422.1552394337
1118,181001004307,Town of Rice,0,0,0,0,0,196576861.238281,65833.4947768296
1119,181001004103,Old Woman Statue,0,0,0,0,0,177310833.6875,99006.722746721
1120,181001003903,Stepladder Mountains,0,0,0,0,0,94735311.2226562,53385.0425233332
1121,181001003909,181001003909-Homer Wash,0,0,0,0,0,191087992.328125,81407.0140580498
1122,181001003802,181001003802,0,0,0,0,0,69866349.4335938,48898.1680587685
1123,150301020304,Homer Mountain-Piute Wash,0,0,0,0,0,136759699.265625,67341.41535402
1124,150301020107,150301020107,0,0,0,0,0,73864332.5546875,39410.7426020644
1125,150301070106,Araz Wash,0,0,0,0,0,30344771.0195312,42867.5599060028
1126,150301041310,Senator Wash,1,0.056604,1,0,0,77306076.0859375,57861.4472687971
1127,150301041006,Three Finger Lake-Milpitas Wash,1,0.075472,0,1,0,85938374.2226562,55166.6846928152
1128,150301041107,Colorado River-Cibola Lake,3,0.245283,3,1,0,103193109.007812,136145.169930423
1129,150301040503,Black Hill,0,0,0,0,0,101127132.574219,52078.3294268299
1130,150301040202,Castle Rock-Upper Vidal Valley,0,0,0,0,0,144457446.816406,100669.899394667
1131,150301040401,Riverside Mountains Area,0,0,0,0,0,61131613.5742188,42468.4611581517
1132,150301010402,Eagle Pass,1,0.056604,1,0,0,98535610.046875,84114.7636486134
1133,150301010408,Lobecks Pass,0,0,0,0,0,180650313.464844,72414.1730422321
1134,150301010305,Montana Wash-Colorado River,0,0,0,0,0,78333111.9648438,47117.8297556962
1135,150301070101,Colorado River-Mittry Lake,2,0.188679,2,1,0,64410360.2617188,38200.032320736
1136,150301010706,Whipple Well,0,0,0,0,0,100486408.035156,55563.826164062
1137,150301010710,Whipple Wash,1,0.113208,2,0,0,128437374.257812,71674.4176701198
1138,150301010713,Gene Wash-Colorado River,1,0.113208,2,0,0,79846489.203125,51552.697256953
1139,180500020801,San Pablo Bay Estuaries,5,0.528302,4,2,1,561665347.976562,562251.874994751
1140,180400080803,Jones Drain-Merced River,4,0.320755,3,0,1,178012229.195312,135701.602829198
1141,181001003707,Cadiz Lake,0,0,0,0,0,637143059.996094,276417.016713194
1142,180101070209,Lower Mattole River,5,0.603774,4,3,1,268393641.566406,104961.003116506
1143,180101070206,Upper North Fork Mattole River,3,0.245283,3,1,0,117021943.746094,51341.4830964103
1144,180101070301,Guthrie Creek-Frontal Pacific Ocean,3,0.207547,1,2,0,107648128.691406,74161.4178183522
1145,180101020603,Elk River,5,0.660377,5,3,1,252479771.085938,99967.9923604765
1146,171003120202,South Fork Winchuck River-Winchuck River,4,0.339623,2,3,0,57841842.671875,39430.7911636633
1147,180101080803,Little River-Frontal Pacific Ocean,5,0.415094,2,4,0,59535460.6992188,90272.728670946
1148,180101080603,Jackass Creek-Frontal Pacific Ocean,1,0.056604,1,0,0,70927949.2226562,100086.291748908
1149,180101060407,Canoe Creek-South Fork Eel River,5,0.54717,3,3,1,210366900.445312,80104.4426994501
1150,180101050905,Hoagland Creek-Van Duzen River,4,0.377358,4,2,0,171074228.421875,78629.3096427208
1151,180101020103,Lacks Creek-Redwood Creek,5,0.509434,5,3,0,203695903.851562,63581.4391231858
1152,180101020406,Maple Creek-Mad River,5,0.735849,5,4,1,233276044.113281,101435.622337029
1153,180101020106,McArthur Creek-Redwood Creek,5,0.679245,4,4,1,188087831.9375,69933.1621059483
1154,180101020105,Prairie Creek,5,0.528302,4,4,0,182710086.621094,83456.4563596936
1155,180102091001,Pine Creek,3,0.207547,1,2,0,224156433.847656,90108.3644398659
1156,180102090905,Lower Blue Creek,4,0.396226,3,3,0,168358283.800781,75615.5684683828
1157,180101010204,Lower Middle Fork Smith River,5,0.735849,5,4,1,199432837.898438,102826.06547505
1158,180101080802,Big Salmon Creek,3,0.264151,2,2,0,57377024.390625,46820.8092409722
1159,180101080203,South Fork Noyo River,5,0.54717,3,3,1,119155798.8125,57501.5087952442
1160,180101080407,North Fork Navarro River,3,0.264151,2,2,0,70793655.234375,49104.7135520307
1161,180101080102,South Fork Ten Mile River,5,0.811321,5,5,1,168969639.074219,70905.1814371877
1162,180101080201,North Fork Noyo River,4,0.320755,3,2,0,109161403.371094,49408.7451826978
1163,180101050205,Bell Springs Creek,1,0.113208,2,0,0,87925682.9257812,41978.2392282215
1164,180101050403,Boulder Creek-Eel River,2,0.169811,3,0,0,209475562.457031,69812.2586122802
1165,180101050601,Upper Larabee Creek,3,0.283019,1,3,0,213206247.367188,77322.8721300822
1166,180101050301,North Dobbyn Creek,1,0.056604,1,0,0,75628125.2929688,41910.9832418283
1167,180101050302,South Dobbyn Creek,3,0.207547,1,0,1,176991016.164062,71107.7520569806
1168,180102111106,McDonald Creek-Trinity River,5,0.660377,5,3,1,140304662.234375,57034.2880546778
1169,180102111205,Supply Creek,3,0.283019,1,3,0,73329891.9101562,44495.2085669975
1170,180102090804,Bluff Creek,5,0.603774,4,3,1,341345228.105469,110368.361755245
1171,180101010301,Upper South Fork Smith River,2,0.169811,3,0,0,207260477.84375,73800.459137622
1172,171003110402,Elk Creek-West Fork Illinois River,4,0.339623,2,3,0,80247726.71875,41089.5289408059
1173,180101080501,Upper Garcia River,4,0.396226,3,3,0,140385970.980469,79504.2082192017
1174,180101100203,East Fork Russian River-Russian River,3,0.264151,2,0,1,79188322.6289062,54417.2374633593
1175,180101050202,Stoner Creek-Eel River,4,0.320755,3,0,1,137489843.992188,64180.8808761776
1176,180101030506,Division Creek-Eel River,2,0.169811,3,0,0,80071296.9570312,41561.3740856732
1177,180101030403,Mill Creek-Outlet Creek,5,0.471698,3,2,1,145408808.957031,73269.6901625886
1178,180102111103,Big French Creek,4,0.377358,4,2,0,174931082.585938,62303.1817867902
1179,180102111104,Little French Creek-Trinity River,4,0.301887,4,1,0,196387518.65625,77097.1062378404
1180,180102100108,Methodist Creek-South Fork Salmon River,4,0.301887,4,1,0,129697127.078125,77680.9572145114
1181,180102100106,Black Bear Creek-South Fork Salmon River,4,0.301887,4,1,0,242953286.761719,84681.4683157902
1182,180102090103,East Fork Indian Creek,2,0.169811,3,0,0,75861787.59375,53074.1419596144
1183,180102090201,Thompson Creek,2,0.169811,3,0,0,165792828.695312,61589.7423358568
1184,180101100904,Willow Creek-Russian River,5,0.603774,4,3,1,103075056.910156,48931.5851679701
1185,180101030501,Bucknell Creek,2,0.169811,3,0,0,79091810.4453125,43975.5090480707
1186,180101040102,Cold Creek,2,0.188679,2,1,0,97890160.2265625,51895.946403748
1187,180101040206,Hammerhorn Creek-Middle Fork Eel River,4,0.396226,3,1,1,143668129.859375,61137.0182643127
1188,180101040207,Fly Creek-Middle Fork Eel River,4,0.396226,3,1,1,89406932.265625,47924.9273992599
1189,180101040203,North Fork Middle Fork Eel River,4,0.396226,3,1,1,141269407.378906,58157.2182852586
1190,180102110904,East Fork North Fork Trinity River,4,0.358491,5,1,0,209375467.109375,77096.49336028
1191,180102110102,Upper Coffee Creek,2,0.150943,0,2,0,206164224.898438,72381.7601294838
1192,180102080605,Mill Creek,1,0.113208,2,0,0,103977101.453125,45178.3097216377
1193,180102080501,Indian Creek,2,0.169811,3,0,0,84985212.0898438,53422.6982322818
1194,171003090102,Silver Fork-Elliott Creek,0,0,0,0,0,81726982.625,42001.9325633216
1195,180102060901,Cow Creek-Grouse Creek,2,0.169811,3,0,0,9298815.859375,23687.3016563835
1196,180500050202,Chileno Creek,1,0.113208,2,0,0,85517238.1640625,60744.0671220562
1197,180101100605,Brooks Creek-Russian River,5,0.584906,5,2,1,114695896.082031,80925.907578475
1198,180201620302,Dry Creek-Putah Creek,4,0.377358,0,3,1,136528144.882812,58206.4446960494
1199,180201160303,Kelsey Creek,5,0.45283,0,4,1,190457422.941406,106110.337477764
1200,180201160308,Schindler Creek-Frontal Clear Lake,1,0.056604,1,0,0,103368750.3125,75571.7534631382
1201,180201160309,Burns Valley-Frontal Clear Lake,1,0.056604,1,0,0,79806987.2460938,60830.6213434278
1202,180201160405,Wolf Creek,3,0.226415,0,1,1,80174617.078125,44128.3323131479
1203,180201160404,Indian Valley Reservoir-North Fork Cache Creek,1,0.075472,0,1,0,191450599.046875,81214.1895305438
1204,180201150203,North Fork Stony Creek,3,0.226415,0,1,1,98252435.0429688,52156.9706925585
1205,180201560401,Fish Creek,0,0,0,0,0,138225250.871094,53526.791913659
1206,180201150501,Salt Creek,1,0.075472,0,1,0,91106159.0273438,59598.8868412964
1207,180102110702,Grass Valley Creek,4,0.396226,3,1,1,165994914.570312,75850.87171847
1208,180102110205,Eagle Creek-Trinity River,4,0.377358,0,3,1,176170011.828125,75867.7150455815
1209,180102080403,Hamlin Gulch-Scott River,2,0.169811,3,0,0,234039448.882812,87786.5515589429
1210,180102080101,Upper East Fork Scott River,2,0.188679,2,1,0,265556078.140625,74516.8674553601
1211,180102070409,Julien Creek,3,0.264151,2,0,1,154798047.265625,69176.1076124256
1212,180102070407,Parks Creek,3,0.283019,1,1,1,249784994.996094,107300.033484025
1213,180102060601,Upper Cottonwood Creek,1,0.056604,1,0,0,17660693.546875,22589.6687752829
1214,180500060302,Scott Creek,4,0.320755,3,2,0,121819989.273438,52113.4353420504
1215,180500040901,San Mateo Creek Frontal San Francisco Bay Estuaries,5,0.433962,1,3,1,136581233.785156,92420.2389093199
1216,180500021002,Richardson Bay-San Francisco Bay,4,0.339623,2,1,1,352195138.625,248008.50038442
1217,180500020501,Carneros Creek-Frontal San Pablo Bay Estuaries,1,0.113208,2,0,0,125213811.21875,101357.205323557
1218,180500020103,Rector Creek-Conn Creek,3,0.283019,1,1,1,94340035.0429688,59118.6120192162
1219,180201040803,Cortina Creek,0,0,0,0,0,239075775.210938,104204.71173937
1220,180201040802,Lurline Creek,2,0.150943,0,0,1,144429874.488281,81273.9275035648
1221,180201040303,Willow Creek,0,0,0,0,0,154110287.199219,117736.855302583
1222,180201041202,The Lagoon-Sacramento River,4,0.320755,3,0,1,143551669.140625,154024.251071282
1223,180201570301,Jackson Spring Creek-Elmore Creek,0,0,0,0,0,109454537.1875,63514.6085108069
1224,180201570701,Kopta Slough,1,0.113208,2,0,0,133165608.328125,63354.4541692754
1225,180201520804,Hooker Creek,2,0.169811,3,0,0,117761581.515625,79916.0912799514
1226,180201550202,Lower Reeds Creek,2,0.169811,3,0,0,149843600.601562,90381.2816396497
1227,180201520806,Lower Cottonwood Creek,5,0.45283,4,1,1,155686783.339844,62585.8644037464
1228,180201540302,Sulphur Creek-Sacramento River,5,0.45283,4,1,1,219311592.949219,92952.825362449
1229,180201510305,Lower Little Cow Creek,2,0.169811,3,0,0,138865275.003906,68024.6638531762
1230,180200050305,Slate Creek,3,0.226415,0,3,0,144269676.15625,62770.5107821826
1231,180200040302,Lower Squaw Valley Creek,2,0.150943,0,2,0,269508518.007812,96240.8344991199
1232,180102070403,The Whaleback-Sheep Rock,0,0,0,0,0,284501036.046875,89314.1132478053
1233,180102070304,Lower Little Shasta River,4,0.320755,3,0,1,137850966.742188,69940.0798020863
1234,180102070410,Steamboat Lake-Shasta River,4,0.320755,3,0,1,154783295.402344,92310.068319656
1235,180102060703,Willow Creek,2,0.169811,3,0,0,273040795.0625,103641.098396003
1236,180600060205,Bixby Creek-Frontal Pacific Ocean,3,0.207547,1,2,0,147015998.03125,94858.6349655909
1237,180600060202,Carmel Bay,5,0.433962,1,1,2,17872055.7070312,52484.1384360867
1238,180600150303,Soquel Creek,5,0.603774,4,3,1,173255440.582031,86173.763389575
1239,180500030402,Saratoga Creek,4,0.377358,0,3,1,77630051.109375,77569.0423433663
1240,180500030401,San Tomas Aquinas Creek,1,0.075472,0,1,0,92643175.984375,51762.8843225518
1241,180500040501,Alamo Creek,4,0.377358,0,3,1,69526843.8632812,51071.9733798569
1242,180500040503,Arroyo de la Laguna,4,0.358491,1,2,1,124341829.792969,71280.7730862376
1243,180500010202,Las Trampas Creek,4,0.301887,0,2,1,111060381.929688,59795.2187441128
1244,180201630503,Upper Ulatis Creek,3,0.283019,1,1,1,122183017.746094,77746.9955521231
1245,180201630504,Alamo Creek,3,0.283019,1,1,1,116911845.214844,88891.0777045874
1246,180201620501,Pleasants Creek,2,0.150943,0,0,1,70123945.7265625,49206.6888040641
1247,180201620502,Dry Creek,2,0.150943,0,0,1,93260415.2851562,55898.2003088529
1248,180201160704,Goodnow Slough-Cache Creek,0,0,0,0,0,393350110.605469,151579.723281057
1249,180201041004,Bird Creek,0,0,0,0,0,80475476.8945312,59580.7956361009
1250,180201570403,Campbell Creek-Pine Creek,2,0.169811,3,0,0,207810083.449219,91659.9675191775
1251,180201540405,Lower Bear Creek,3,0.226415,4,0,0,76084437.984375,53337.1183755727
1252,180201510402,Oak Run Creek,1,0.056604,1,0,0,189894985.265625,111962.450472614
1253,180201530203,Morgan Creek,2,0.150943,0,0,1,70650006.4609375,43808.8442290939
1254,180201540402,North Fork Bear Creek,1,0.056604,1,0,0,121000335.308594,58827.3204077869
1255,180200031103,Montgomery Creek,0,0,0,0,0,164144987.789062,69404.9535309859
1256,180200040401,Hawkins Creek,0,0,0,0,0,81596923.5507812,47224.144475309
1257,180200040203,Racoon Creek-McCloud River,2,0.132075,1,1,0,96617040.7539062,56402.9129911779
1258,180102050104,Pollic Flat,0,0,0,0,0,86733969.078125,45830.0254822503
1259,180200040104,Edson Creek,1,0.056604,1,0,0,135747336.222656,67586.2958410659
1260,180102060203,Hayden Creek,0,0,0,0,0,566.46484375,111.083147345655
1261,180600150103,Alisal Slough-Tembladero Slough,5,0.433962,1,3,1,224850780.320312,85474.7465945523
1262,180600150301,Elkhorn Slough,5,0.471698,3,2,1,287951482.457031,113151.568864258
1263,180600051509,Alisal Creek-Salinas River,5,0.660377,1,4,2,455959852.429688,165475.0060114
1264,180600020301,Little Llagas Creek,4,0.301887,0,2,1,98142835.71875,50225.2302821788
1265,180500030302,Canoas Creek,4,0.358491,1,2,1,80837508.2070312,46505.5560047695
1266,180500030202,Metcalfe Canyon-Coyote Creek,4,0.358491,1,2,1,200321767.339844,107177.115994154
1267,180500040102,Smith Creek,4,0.377358,0,3,1,84377620.609375,66516.7083625516
1268,180500040101,Isabel Creek,4,0.377358,0,3,1,167450390.113281,94523.7236683999
1269,180500040203,Lower Arroyo Las Positas,4,0.377358,0,3,1,119197107.933594,68915.8033771233
1270,180500040404,Trout Creek-Arroyo Valle,3,0.226415,0,3,0,147461469.675781,63029.8908171589
1271,180400030602,Mountain House Creek,4,0.301887,0,2,1,63053679.3320312,60825.8610055354
1272,180500040301,Upper Arroyo Mocho,4,0.377358,0,3,1,190904468.800781,108547.282109996
1273,180201630301,Knights Landing Ridge Cut,3,0.226415,4,0,0,115480335.746094,60582.0259796413
1274,180201630602,Tremont School,3,0.207547,1,0,1,131491655.453125,76283.9179795671
1275,180201590503,Clark Slough-Feather River,5,0.528302,4,0,2,238577549.300781,161336.457984772
1276,180201590107,Wilson Creek-North Honcut Creek,2,0.188679,2,1,0,154831536.785156,128065.87164784
1277,180201560302,Middle Mill Creek,4,0.339623,2,1,1,240111859.503906,94815.788745546
1278,180200030902,Headwaters-Burney Creek,0,0,0,0,0,70223382.9609375,46461.1153936054
1279,180200030907,Burney Falls-Burney Creek,2,0.150943,0,0,1,100482383.035156,47981.6564491132
1280,180200030707,Thousand Lakes Valley,0,0,0,0,0,87505386.8671875,54031.8045481206
1281,180200040202,Bartle Creek-McCloud River,2,0.132075,1,1,0,152854309.070312,62308.9263596246
1282,180200031002,Clark Creek,2,0.169811,3,0,0,95028633.1132812,63844.2523754675
1283,180200030506,Dickson Flat,1,0.113208,2,0,0,94521557.7773438,58530.1655264869
1284,180200030304,Paynes Creek,0,0,0,0,0,422321582.484375,115588.641977554
1285,180102040903,Anderson Rose Diversion Dam-Lost River,0,0,0,0,0,6601427.01953125,12377.0322695263
1286,180600060402,Arroyo De La Laguna,3,0.207547,1,0,1,97662276.1015625,70639.7086364102
1287,180600051502,McCoy Creek-Salinas River,3,0.207547,1,2,0,248693638.144531,103446.100787922
1288,180600020701,Stone Creek,1,0.056604,1,0,0,63351095.046875,39544.5280798955
1289,180400020102,North Fork Orestimba Creek,0,0,0,0,0,104943140.34375,54492.4816973701
1290,180400020402,Salado Creek,1,0.075472,0,1,0,154719156.75,79632.4123987119
1291,180400020203,Crow Creek,0,0,0,0,0,98174480.4726562,69687.4271367245
1292,180400020104,Oso Creek-Orestimba Creek,4,0.339623,2,1,1,210522054.898438,124372.996368532
1293,180400030102,Lower Corral Hollow Creek,5,0.45283,0,4,1,130259857.871094,85774.0958574453
1294,180400030203,Walthall Slough-San Joaquin River,2,0.169811,3,0,0,221991430.21875,111024.257569941
1295,180400030902,Telephone Cut-Bishop Cut,5,0.415094,2,0,2,121965797.824219,62027.3989362818
1296,180400110308,Stockton Diverting Canal-Calaveras River,4,0.396226,3,1,1,196275791.683594,99060.5794991409
1297,180400121002,South Stone Lake-Snodgrass Slough,5,0.584906,5,0,2,248127251.351562,121677.965132038
1298,180400130801,North Fork Badger Creek,2,0.150943,0,0,1,72443316.25,43325.141009404
1299,180400121101,Jahant Slough,2,0.132075,1,1,0,67666582.875,48911.2088963735
1300,180201110301,Upper Steelhead Creek,4,0.358491,1,0,2,115587336.257812,52958.7088343597
1301,180201630401,Elder Creek,0,0,0,0,0,92892689.6015625,63428.3684823261
1302,180201260501,Yankee Slough,4,0.320755,3,0,1,164498770.800781,76222.4304558577
1303,180201610203,Deadman Canyon-Coon Creek,1,0.056604,1,0,0,156022695.640625,112134.755856427
1304,180201230604,Oroleve Creek-South Fork Feather River,2,0.150943,0,2,0,92928770.0546875,54364.9137144319
1305,180201580101,Colby Creek-Butte Creek,2,0.150943,0,2,0,132466019.558594,57755.488869307
1306,180200030705,Plum Valley,0,0,0,0,0,86681448.8125,46682.7521764282
1307,180200030604,Upper Butte Creek,0,0,0,0,0,190780611.964844,85134.5835707498
1308,180200030805,Chalk Reservoir-Pit River,4,0.377358,4,0,1,95515838.390625,51774.5879910198
1309,180200030804,Bald Mountain Reservoir-Pit River,3,0.207547,1,0,1,254616954.714844,121339.131731575
1310,180200030303,Whitehorse Flat Reservoir,0,0,0,0,0,175739456.105469,70908.3283795709
1311,180200030504,Big Lake,3,0.264151,2,0,1,265252953.867188,104103.838739878
1312,180200021308,Armentrout Flat,0,0,0,0,0,174189047.703125,93095.5414237541
1313,180200021306,Tom Large Flat,0,0,0,0,0,88250564.6367188,53644.6618574048
1314,180200021305,Service Gulch,0,0,0,0,0,135869202.09375,65596.6166972246
1315,180102041108,Mason Reservoir,0,0,0,0,0,128246357.90625,87569.4945010487
1316,180102040905,Russell Canyon,1,0.113208,2,0,0,29374223.6601562,26720.9196837194
1317,180600060410,Cayucos Creek-Frontal Pacific Ocean,4,0.396226,3,1,1,97755190.3203125,109872.110962672
1318,180600050608,Las Tablas Creek,2,0.150943,0,0,1,193757083.515625,96320.133958865
1319,180600051401,Pine Canyon,0,0,0,0,0,64824593.6953125,49421.5139239596
1320,180600050708,Deer Creek-San Antonio River,0,0,0,0,0,123403970.550781,72329.8864180547
1321,180600051205,Lower Chalone Creek,0,0,0,0,0,83853647.046875,56318.6344102983
1322,180600020605,Middle Tres Pinos Creek,4,0.377358,0,3,1,144806726.273438,73773.3083601233
1323,180600020601,Las Aguilas Creek,0,0,0,0,0,156037225.542969,70966.0778199273
1324,180400010605,Los Banos Reservoir-Los Banos Creek,4,0.377358,0,3,1,75240297.359375,55091.2272759119
1325,180400011901,San Luis Holding Reservoir,4,0.301887,0,0,2,223432215.734375,70262.069903931
1326,180400020204,Little Salado Creek,0,0,0,0,0,64606603.8515625,48433.1618460023
1327,180400020202,Town of Hilmar-San Joaquin River,2,0.169811,3,0,0,259311775.894531,104378.936592249
1328,180400510301,Upper Lone Tree Creek,3,0.226415,0,1,1,80247421.6171875,51814.935308529
1329,180400130704,Middle Laguna,4,0.301887,0,2,1,172434544.015625,81940.2181480101
1330,180400120803,Camanche Reservoir-Mokelumne River,3,0.245283,3,1,0,182473013.152344,73857.5840642713
1331,180201110201,Upper American River,4,0.396226,3,1,1,234981764.238281,88854.8082703165
1332,180201110101,Secret Ravine,2,0.132075,1,1,0,95469110.0546875,60526.9338974226
1333,180201290702,Hastings Creek-South Fork American River,2,0.132075,1,1,0,195017641.1875,92801.4269643528
1334,180201250704,Shady Creek-South Yuba River,3,0.226415,0,1,1,210563318.894531,93099.1625159662
1335,180201230603,Rock Creek-South Fork Feather River,3,0.226415,0,3,0,117283421.539062,76185.9923849727
1336,180201230602,Lost Creek,4,0.301887,0,4,0,147807356.679688,75043.5973858648
1337,180800030405,Hog Flat Reservoir-Susan River,0,0,0,0,0,273863073.367188,90830.0079115287
1338,180200030103,Indian Creek,0,0,0,0,0,144525459.695312,74419.3957646637
1339,180102040302,Mowitz Creek,1,0.113208,2,0,0,215356292.410156,90789.2344617281
1340,180102040204,Hidden Valley-North Fork Willow Creek,1,0.113208,2,0,0,184272145.042969,125876.78234303
1341,180600080603,Lower Santa Maria River,5,0.622642,3,2,2,118316277.269531,81980.4815969235
1342,180600050402,Paso Robles Creek,3,0.283019,1,1,1,183206284.40625,90461.0633834285
1343,180600050202,Santa Margarita Creek,5,0.509434,1,4,1,144932397.121094,72965.3950891261
1344,180600050801,Vineyard Canyon,1,0.056604,1,0,0,206078616.917969,90121.3547848104
1345,180600050805,Lynch Canyon,0,0,0,0,0,83190164.1679688,59154.4266448065
1346,180600020502,Hernandez Reservoir-San Benito River,5,0.433962,1,1,2,122053846.039062,63099.8952686973
1347,180400011304,Wildcat Canyon,4,0.301887,0,0,2,296348670.476562,96568.8281717558
1348,180400010404,Lower Little Panoche Creek,2,0.150943,0,2,0,82724884.6523438,68792.1764044293
1349,180400012007,Deadmans Slough-Salt Slough,5,0.509434,1,2,2,120635622.105469,67400.9015771135
1350,180400091307,180400091307-Dry Creek,0,0,0,0,0,105471268.324219,56360.7813310189
1351,180400110202,Jesus Maria Creek,1,0.075472,0,1,0,147748821.945312,88771.9263747878
1352,180400130204,Lower North Fork Cosumnes River,2,0.150943,0,2,0,254193418.75,152286.806471235
1353,180201280602,Lower Shirttail Canyon,1,0.075472,0,1,0,101590116.300781,45981.575142051
1354,180201280402,Eldorado Creek,1,0.075472,0,1,0,88509888.0195312,56290.998111515
1355,180201280209,Little Grizzly Canyon-Rubicon River,2,0.150943,0,2,0,191955914.851562,87160.7002350217
1356,180201250701,Poorman Creek,2,0.150943,0,2,0,100818799.304688,57790.7000841999
1357,180201230406,Frazier Creek-Middle Fork Feather River,3,0.264151,2,2,0,231466097.589844,74750.6302344066
1358,180201250603,Canyon Creek,3,0.264151,2,2,0,218934396.816406,89760.92712773
1359,180201250202,Deer Creek-North Yuba River,3,0.207547,1,2,0,241640244.21875,77437.0872853256
1360,180201220702,Taylor Creek-Greenhorn Creek,2,0.150943,0,0,1,161618420.925781,74471.2110635235
1361,180201220404,Lower Lights Creek,3,0.226415,0,3,0,117318055.253906,56680.604151983
1362,180201220304,Hungry Creek,0,0,0,0,0,83899174.5195312,45675.9689988831
1363,180800030703,Lassen Creek-Susan River,0,0,0,0,0,190260036.542969,89261.1547329635
1364,180800020303,Heath Dam Reservoir,0,0,0,0,0,128537617.042969,64653.5923473398
1365,180200021601,Upper Willow Creek,0,0,0,0,0,164475068.148438,59962.452453881
1366,180800020301,Dry Valley,0,0,0,0,0,125621764.804688,79270.4160337234
1367,180200021001,Upper Clover Swale Creek,0,0,0,0,0,160677635.285156,87936.3320265197
1368,180102040107,Boles Meadow,1,0.113208,2,0,0,193910198.234375,73643.1901526788
1369,180600100704,Santa Lucia Canyon-Santa Ynez River,5,0.566038,2,2,2,218323269.742188,76235.0607283508
1370,180600100703,San Miguelito Creek-Santa Ynez River,3,0.283019,1,1,1,198595284.761719,87395.7895590573
1371,180600080601,Nipomo Creek,1,0.075472,0,1,0,88370906.9921875,46390.3298559763
1372,180600050302,Middle Branch Huerhuero Creek,3,0.226415,0,1,1,103755188.449219,79158.2103107591
1373,180600040206,Middle Cholame Creek,4,0.301887,0,2,1,143898306.359375,69584.4703401233
1374,180300090601,Upper Cantua Creek,4,0.377359,0,1,2,110860082.957031,51607.5443350107
1375,180400011802,Canal Creek,3,0.226415,0,1,1,154020276.835938,103085.478142007
1376,180400011401,Upper Black Rascal Creek,1,0.075472,0,1,0,77912132.0703125,51979.8259183892
1377,180400011701,Miles Creek,4,0.301887,0,2,1,129065063.652344,111785.366916219
1378,180400091206,Big Creek-Tuolumne River,0,0,0,0,0,157569179.53125,84121.6611699558
1379,180400100608,Peoria Creek-Stanislaus River,1,0.056604,1,0,0,89244753.3984375,63398.900141422
1380,180400110101,Upper San Antonio Creek,2,0.150943,0,2,0,119768602.617188,73059.7012259901
1381,180400120301,Forest Creek,0,0,0,0,0,100619785.304688,76597.2961203067
1382,180400120302,Upper Middle Fork Mokelumne River,0,0,0,0,0,125872546.78125,82037.0459360406
1383,180400120403,Panther Creek,2,0.150943,0,2,0,79367990.4492188,41567.0272808089
1384,180400130202,Upper North Fork Cosumnes River,4,0.377358,0,3,1,183879131.167969,97570.3772051764
1385,180400120404,Tiger Creek-North Fork Mokelumne River,4,0.301887,0,2,1,206167489.289062,128326.091838464
1386,180400120401,Bear River,4,0.377358,0,3,1,223283128.9375,91198.0147675908
1387,180201280204,Gerle Creek,1,0.075472,0,1,0,136060312.320312,61641.9998064614
1388,180201280103,Big Valley Canyon-North Fork American River,0,0,0,0,0,142138896.128906,72939.1719465991
1389,180201230402,Willow Creek,0,0,0,0,0,78417240.7929688,51124.8670871653
1390,180201220205,Squaw Queen Creek,1,0.056604,1,0,0,185548261.144531,75346.035659336
1391,180201230308,Mapes Canyon,0,0,0,0,0,83801283.6914062,49204.6588794888
1392,180800030802,McDermott Creek-Frontal Honey Lake,2,0.150943,0,0,1,219290346.066406,110784.736546344
1393,180800030704,Lake Leavitt-Susan River,0,0,0,0,0,262716116.046875,84690.9657629945
1394,180800030603,Horse Lake,0,0,0,0,0,193838157.210938,80494.7173587829
1395,180800030508,Mud Flat,0,0,0,0,0,295693946.601562,81022.3584185199
1396,180800020204,Kilby Creek,0,0,0,0,0,97903791.078125,40774.3442636981
1397,180800020202,Fleming Spring,0,0,0,0,0,153071751.480469,60077.677729553
1398,180200020406,Dorris Reservoir-South Fork Pit River,4,0.301887,0,2,1,291250780.085938,128142.044674553
1399,180200020604,Town of Surprise Station-North Fork Pit River,3,0.226415,0,1,1,190631444.40625,102956.571550144
1400,180200020501,Upper Parker Creek,0,0,0,0,0,138187371.09375,60010.1173547723
1401,180600100505,Calabazal Creek-Santa Ynez River,3,0.283019,1,1,1,128181982.960938,75482.8796415088
1402,180600080203,Alejandro Canyon-La Brea Creek,5,0.433962,1,1,2,54201127.1445312,38031.3947908388
1403,180600090101,Headwaters San Antonio Creek ,4,0.301887,0,2,1,113950949.535156,58882.4037023845
1404,180600080303,Alkali Canyon-Sisquoc River,5,0.509434,1,2,2,174619743.339844,76631.5183265317
1405,180600100503,Santa Agueda Creek,5,0.433962,1,1,2,132969069.453125,64329.8747111729
1406,180600070603,Pine Canyon,4,0.377359,0,1,2,86178290.3046875,58657.7798336708
1407,180600040104,Placer Creek-San Juan Creek,0,0,0,0,0,104878512.914062,55552.4583294766
1408,180600040107,Carnaza Creek-San Juan Creek,1,0.075472,0,1,0,203755123.152344,100231.246327547
1409,180600030202,Thompson Spring-Carrizo Plain,1,0.075472,0,1,0,194295918.59375,86324.1621268769
1410,180300121403,Packwood Creek,0,0,0,0,0,244667211.875,87645.6098675347
1411,180300090204,180300090204,0,0,0,0,0,201131888.078125,106453.593692231
1412,180300121802,Arroyo Ramoso,0,0,0,0,0,157717660.6875,61474.2271161978
1413,180300090208,Town of Five Points-Fresno Slough,0,0,0,0,0,116885626.710938,101977.212935907
1414,180300120701,South Fork Kings River-North Fork Kings River,1,0.075472,0,1,0,241512260.296875,141581.212649433
1415,180400010304,Bethany Cemetery-San Joaquin River,0,0,0,0,0,139807952.054688,99567.3486714335
1416,180400010902,Upper Dutchman Creek,1,0.075472,0,1,0,67450935.359375,70563.9331514419
1417,180400080602,Maxwell Creek,3,0.226415,0,1,1,169050465.757812,76654.2201921599
1418,180400100502,Middle South Fork Stanislaus River,1,0.075472,0,1,0,171862348.28125,88025.7505196879
1419,180400091001,Jawbone Creek-Tuolumne River,1,0.056604,1,0,0,179801581.632812,88050.9958907443
1420,180400100402,Mill Creek-Middle Fork Stanislaus River,1,0.075472,0,1,0,181192160.882812,72146.6242781097
1421,180400120105,Cole Creek,3,0.207547,1,2,0,99676372.921875,67397.6870793291
1422,160501010302,Trout Creek,3,0.207547,1,2,0,173639849.34375,68193.6949907812
1423,160501020501,Gray Creek-Truckee River,3,0.245283,3,1,0,88018236.03125,51519.2810321578
1424,160501020104,Sagehen Creek,2,0.132075,1,1,0,82028935.125,54601.7628707815
1425,180800031202,Evans Canyon-Long Valley Creek,0,0,0,0,0,112915292.070312,58988.168280215
1426,180800030902,Cold Spring Valley,0,0,0,0,0,410137.796875,9613.14759452285
1427,180800031502,Spencer Creek-Frontal Honey Lake,0,0,0,0,0,238827651.105469,67988.0608169672
1428,180800031403,Lower Skedaddle Creek,0,0,0,0,0,201514035.453125,89998.1161767519
1429,180800030505,Upper Deep Creek,0,0,0,0,0,186691847.460938,61762.7146436158
1430,160402030903,East Fork Smoke Creek,0,0,0,0,0,6901014.33984375,18138.3177694873
1431,180800010203,Bull Creek-Frontal Middle Alkali Lake,0,0,0,0,0,40677214.7851562,34854.4131282591
1432,171200070304,Dismal Creek-Deep Creek,0,0,0,0,0,12400979.6679688,18028.4708426925
1433,180600100402,Kelly Creek-Santa Ynez River,4,0.301887,0,2,1,198298298.902344,72799.742727456
1434,180600080104,Water Canyon,4,0.358491,1,2,1,62476029.7421875,38208.2765593121
1435,180600070301,Wells Creek,0,0,0,0,0,62206085.4296875,41980.4165198649
1436,180600080102,South Fork Sisquoc River-Sisquoc River,1,0.056604,1,0,0,133172847.128906,69221.1530167344
1437,180600070207,Branch Canyon Wash,0,0,0,0,0,111889572.410156,78733.0588390181
1438,180300121502,180300121502,0,0,0,0,0,110493068.984375,66657.0455754206
1439,180300121205,Salt Creek,0,0,0,0,0,73840453.8398438,66303.5943980658
1440,180300121602,180300121602-Kern River Flood Canal,2,0.150943,0,0,1,241657493.035156,91657.799730206
1441,180300122402,Tulare Lake Canal-Tulare Lake Bed,2,0.150943,0,0,1,236401163.679688,69562.6866122353
1442,180300122403,Wilbur Ditch-Tulare Lake Bed,0,0,0,0,0,266944193.109375,67087.4741026332
1443,180300061002,North Branch Tule River-Tule River,1,0.075472,0,1,0,94007074.1523438,177489.452374045
1444,180300090403,Lower Dry Creek,3,0.226415,0,1,1,83578548.2304688,58997.3352022665
1445,180400070303,Mud Spring Creek-Fresno River,4,0.301887,0,2,1,122952233.632812,71000.4293716251
1446,180400010302,Lost Lake-San Joaquin River,2,0.150943,0,2,0,74011453.7109375,47895.0457205603
1447,180400070301,Spangle Gold Creek-Fresno River,3,0.226415,0,1,1,210483072.835938,89414.5011326813
1448,180400010503,East Fork Chowchilla River,3,0.226415,0,1,1,239140274.171875,93113.0595544751
1449,180400080205,Devil Gulch,2,0.150943,0,0,1,118244047.785156,54257.2914358234
1450,180400090701,Upper South Fork Tuolumne River,2,0.150943,0,2,0,245642203.730469,88514.738506915
1451,180400080206,Lower South Fork Merced River,4,0.377358,0,3,1,207114347.804688,86033.3426877004
1452,180400090304,Miguel Creek-Eleanor Creek,4,0.301887,0,2,1,102945856.746094,65905.7466196584
1453,180400100401,Niagara Creek-Middle Fork Stanislaus River,1,0.075472,0,1,0,179480149.160156,75098.0196006169
1454,180400100101,Upper Clark Fork,2,0.132075,1,1,0,139979689.714844,66700.5930517336
1455,180400090402,East Fork Cherry Creek,3,0.226415,0,3,0,80102076.8671875,66462.0857723336
1456,160502010301,Upper West Fork Carson River,2,0.150943,0,2,0,161016730.167969,67951.993746645
1457,180400120102,Pacific Creek-North Fork Mokelumne River,4,0.339623,2,3,0,141038677.53125,72903.5134092456
1458,180300031406,Muddy Creek-Frontal Buena Vista Lake Bed,0,0,0,0,0,414690747.246094,148448.523805036
1459,180300121201,Outlet Canal,4,0.301887,0,0,2,83388325.4375,51990.5761154778
1460,180300120802,Goose Lake Slough,1,0.075472,0,1,0,175684397.359375,76836.5127526024
1461,180300121002,Middle Goose Lake Canal,3,0.226415,0,1,1,87278885.0273438,45672.6745714702
1462,180300120206,Cole Slough,0,0,0,0,0,231445207.226562,142572.668314835
1463,180300071103,Wilson Hunter Ditch-Cross Creek,2,0.150943,0,2,0,143248969.214844,107432.868784308
1464,180300120204,Wahtoke Creek,3,0.226415,0,1,1,125250803.984375,84559.2224900617
1465,180400061002,Stevenson Creek,4,0.301887,0,2,1,144978143.605469,66826.4175817941
1466,180400070101,Nelder Creek-Lewis Fork,0,0,0,0,0,125158988.792969,57132.4703737701
1467,180400061102,Whisky Creek,0,0,0,0,0,93997932.0429688,58771.2762822344
1468,180400060701,Upper Chiquito Creek,3,0.207547,1,2,0,166605378.058594,63096.6171515725
1469,180400080108,Sunrise Creek-Merced River,4,0.301887,0,2,1,97498622.4296875,56633.8041923033
1470,180400090201,Upper Rancheria Creek,2,0.150943,0,2,0,207256812.191406,78148.7499889896
1471,180400090104,Regulation Creek,1,0.075472,0,1,0,77023377.6210938,55022.1306930802
1472,160503020202,Rock Creek-West Walker River,0,0,0,0,0,170060763.726562,96032.832098617
1473,180701010203,Arundell Barranca-Frontal Pacific Ocean,3,0.207547,1,0,1,71590712.4960938,46603.2389094958
1474,180701020902,Timber Canyon-Santa Clara River,5,0.528302,4,0,2,138946322.476562,60567.4938833296
1475,180600070103,Alamo Creek,2,0.150943,0,0,1,87251580.7734375,52758.701472179
1476,180701020504,Lockwood Creek,2,0.150943,0,0,1,200966965.078125,94286.7826900804
1477,180300031104,Telegraph Canyon-Frontal Kern Lake Bed,0,0,0,0,0,236169754.617188,79943.8254178295
1478,180300040307,Town of Famoso-Poso Creek,0,0,0,0,0,67621588.171875,80533.5079126121
1479,180300050901,Town of Terra Bella-Deer Creek,0,0,0,0,0,179960071.410156,84078.7974883277
1480,180300070703,Wilcox Creek-Cottonwood Creek,2,0.150943,0,2,0,150057107.003906,81086.43354441
1481,180300120102,White Deer Creek,1,0.075472,0,1,0,80085914.625,41413.7291097934
1482,180300070702,Bull Creek-Cottonwood Creek,1,0.075472,0,1,0,129919509.835938,62891.5595273298
1483,180901010205,Little Sand Flat-Frontal Mono Lake,0,0,0,0,0,188497977.667969,90602.5269896842
1484,160503010104,Aurora Canyon,0,0,0,0,0,117162677.988281,61750.0972568181
1485,180701030103,Las Posas Arroyo,4,0.358491,1,0,2,202786287.027344,93294.1083723128
1486,180701030105,Lower Conejo Arroyo,5,0.415094,2,0,2,133136883.257812,81015.4369774911
1487,180701040203,Zuma Canyon-Frontal Pacific Ocean,3,0.226415,0,1,1,73893992.1054688,50928.3190821445
1488,180701030102,Lower Simi Arroyo,5,0.433962,1,1,2,233071308.902344,88590.0185554462
1489,180701030101,Upper Simi Arroyo,1,0.075472,0,1,0,197166698.980469,83619.8787615615
1490,180300030801,Tunis Creek,2,0.150943,0,0,1,126166776.753906,65652.2049483548
1491,180300030601,Sycamore Canyon,0,0,0,0,0,115482817.605469,61194.5826099963
1492,180300030110,Lake Ming-Kern River,2,0.150943,0,0,1,197091850.753906,81538.3088873605
1493,180300030107,Lucas Creek-Kern River,2,0.150943,0,2,0,133090223.375,57827.9800941251
1494,180300050303,Five Dog Creek,0,0,0,0,0,160440777.324219,122288.013677302
1495,180300050202,Arrastre Creek-White River,1,0.075472,0,1,0,145636012.144531,56954.2107071611
1496,180300040202,Burke Creek-Poso Creek,0,0,0,0,0,74726823.4492188,48265.5964333697
1497,180300050103,Gordon Creek-Deer Creek,1,0.075472,0,1,0,135241225.632812,55990.8151928297
1498,180300070403,Salt Creek-Kaweah River,4,0.301887,0,2,1,121061354.46875,66596.2500947574
1499,180300060203,Bear Creek,4,0.301887,0,2,1,101842631.007812,48334.1377465836
1500,180300100701,Tenmile Creek,3,0.226415,0,1,1,156662821.96875,56139.3309070403
1501,180300070303,Yucca Creek,2,0.150943,0,0,1,76990119.234375,44167.1917000987
1502,180300100403,Big Meadows Creek-Boulder Creek,1,0.075472,0,1,0,119293163.746094,58948.6433979731
1503,180901020205,Hot Creek,3,0.245283,3,1,0,219342618.527344,96130.5790156493
1504,180901020209,Lake Crowley-Owens River,3,0.245283,3,1,0,152220789.105469,67474.2373079988
1505,180901010105,Kirkwood Spring-Frontal Mono Lake,0,0,0,0,0,146735110.804688,65692.7399143458
1506,180901010203,Dry Creek,2,0.150943,0,2,0,76110804.8632812,59529.7113908644
1507,160600100701,Upper Huntoon Creek,0,0,0,0,0,74049790.4335938,45494.30956742
1508,180701050202,Browns Canyon Wash,3,0.226415,0,1,1,88212084.1132812,56751.8365172038
1509,180902061305,Sacatara Creek,0,0,0,0,0,147042485.617188,60275.1880873847
1510,180902061703,Bean Canyon,0,0,0,0,0,75728080.6757812,66124.4396016392
1511,180902062403,180902062403,0,0,0,0,0,69076781.640625,68943.7225378103
1512,180902061802,Tylerhorse Canyon,0,0,0,0,0,163562379.007812,129421.689221609
1513,180300030204,Middle Tehachapi Creek,1,0.075472,0,1,0,132178863.246094,64814.2178516853
1514,180902060101,Whiterock Creek,0,0,0,0,0,61009869.8398438,40082.1991614513
1515,180902061701,Oak Creek,0,0,0,0,0,164290521.863281,85250.8658034976
1516,180300010606,French Gulch,0,0,0,0,0,71924410.671875,42170.1396130703
1517,180300010404,Soda Creek-Kern River,1,0.056604,1,0,0,149555589.945312,69714.1565194975
1518,180300010403,Rattlesnake Creek,1,0.075472,0,1,0,220541303.035156,84188.4512793136
1519,180300010302,Upper Little Kern River,2,0.188679,2,1,0,232029539.894531,76873.4043471688
1520,180300010104,Rock Creek,0,0,0,0,0,150848666.132812,59147.5604454116
1521,180300100401,Lewis Creek-South Fork Kings River,1,0.075472,0,1,0,147465225.632812,60745.8733506079
1522,180300100208,Granite Creek-South Fork Kings River,2,0.150943,0,2,0,114109072.882812,55184.639702554
1523,180300070102,Upper Middle Fork Kaweah River,1,0.075472,0,1,0,154425805.574219,62541.403494374
1524,180300100206,Lower Bubbs Creek,0,0,0,0,0,132139351.988281,53093.6833664326
1525,180300100302,Headwaters Middle Fork Kings River,1,0.075472,0,1,0,126804346.828125,56436.4252565208
1526,180901030102,Goodale Creek-Owens Valley,1,0.113208,2,0,0,179217768.507812,65708.4467465077
1527,180901020505,Lower Chidago Canyon,0,0,0,0,0,149903182.4375,58715.9311231649
1528,180701060703,San Pedro Bay,0,0,0,0,0,34339548.9960938,88401.8958294827
1529,180702010001,Anaheim Bay,1,0.075472,0,1,0,325440865.882812,86264.6905744609
1530,180701050303,Alhambra Wash-Rio Hondo,4,0.301887,0,0,2,199611390.894531,111402.299342503
1531,180701050302,Santa Anita Wash-Rio Hondo,5,0.603774,0,4,2,204866763.238281,68108.1149144818
1532,180902060502,Barren Ridge,0,0,0,0,0,134957959.414062,60495.0318835346
1533,180902062005,Brown Butte,0,0,0,0,0,79426640.390625,61067.4293873429
1534,180902050404,Middle Little Dixie Wash,0,0,0,0,0,205616906.816406,94264.5832451776
1535,180300020603,Cane Canyon,0,0,0,0,0,86644018.7070312,50500.2472289629
1536,180300020204,Trout Creek,1,0.056604,1,0,0,211229382.59375,80561.3103414274
1537,180901030207,Diaz Creek,0,0,0,0,0,119770451.679688,64536.1380625807
1538,180901030108,Symmes Creek-Owens River,1,0.056604,1,0,0,197324052.265625,94982.7267673779
1539,180902010105,Bog Mound Springs-Deep Springs Lake,1,0.075472,0,1,0,200223652.59375,81709.276199591
1540,160600100804,Chiatovich Creek-Frontal Fish Lake Valley,0,0,0,0,0,60524067.9296875,36917.8078663273
1541,180701060604,Fullerton Creek,2,0.150943,0,0,1,75003566.6992188,66343.5981136268
1542,180702040101,Peters Canyon Wash,2,0.150943,0,0,1,131471480.953125,52823.789875465
1543,180701060402,Big Dalton Wash,4,0.358491,1,2,1,305562646.132812,111150.573718642
1544,180701060401,San Dimas Wash,5,0.433962,1,3,1,74962346.75,41502.6437745532
1545,180902061002,Big Rock Creek,3,0.226415,0,1,1,131133543.074219,58355.5158330258
1546,180902062007,Town of Edwards,0,0,0,0,0,162163758.671875,78497.9313283286
1547,180902062206,180902062206-Rogers Lake,0,0,0,0,0,231434610.625,108902.34949063
1548,180902062205,180902062205-Frontal Rogers Lake,0,0,0,0,0,73596650.7578125,43819.5932664655
1549,180902061201,Castle Butte Well,0,0,0,0,0,203867366.4375,75294.6551199805
1550,180902061203,180902061203,0,0,0,0,0,135105720.894531,104660.469311855
1551,180902010604,Lower Waucoba Wash,0,0,0,0,0,116985231.195312,101210.453405049
1552,180902010905,Daisy Canyon-Salt Lake,0,0,0,0,0,166987889.171875,63632.0116397501
1553,180902010904,San Lucas Canyon,0,0,0,0,0,212185970.1875,82198.0027203616
1554,180902010203,Lower Marble Canyon,0,0,0,0,0,143719217.148438,80000.0864008789
1555,180902010602,Upper Waucoba Wash,0,0,0,0,0,132748052.964844,79401.7244749426
1556,180902010404,Hanging Rock Canyon,0,0,0,0,0,199862217.199219,65544.009098534
1557,180902010304,Willow Creek,0,0,0,0,0,116784495.796875,82768.9215574686
1558,180703010403,San Onofre Bluff-Frontal Gulf of Santa Catalina,2,0.188679,2,1,0,60119090.1835938,50816.9402773066
1559,180703010404,Aliso Canyon-Frontal Gulf of Santa Catalina,4,0.358491,1,0,2,66693687.578125,56688.0162055833
1560,180703030504,Loma Alta Creek-Frontal Gulf of Santa Catalina,3,0.283019,1,1,1,87637396.6953125,128984.886183469
1561,180703010101,Upper San Juan Creek,5,0.433962,1,3,1,140120432.011719,61362.3708801662
1562,180702030602,Dawson Canyon-Temescal Wash,1,0.075472,0,1,0,193147466.476562,65831.159505917
1563,180702030802,Tequesquite Arroyo,4,0.339623,2,1,1,112195359.332031,57433.0396285132
1564,180702030701,San Antonio Canyon,2,0.150943,0,2,0,102252907.046875,54821.1198354919
1565,180902080503,Manzanita Wash,0,0,0,0,0,197355823.757812,92454.5734325884
1566,180902062102,Reclamation Dam Edwards Air Base,0,0,0,0,0,65955589.3867188,46880.873003687
1567,180902070801,180902070801,0,0,0,0,0,72439857.5429688,64097.4380742298
1568,180902070702,Town of Jimgrey,0,0,0,0,0,221788693.414062,89071.964209546
1569,180902071107,McDonald Well,0,0,0,0,0,138897467.277344,58889.329323008
1570,180902051101,Salt Wells Valley,0,0,0,0,0,192261471.714844,68290.722175845
1571,180902051305,Town of Trona-Frontal Searles Lake,0,0,0,0,0,143852608.617188,71064.3596046474
1572,180902051301,Rattlesnake Canyon,0,0,0,0,0,146217062.550781,58359.4396414601
1573,180902041104,Bendire Canyon,0,0,0,0,0,120524115.335938,67174.149636764
1574,180901030301,Talc City Hills,0,0,0,0,0,76158023.9023438,42892.2829226112
1575,180902040102,Lower Santa Rosa Wash,0,0,0,0,0,107282552.824219,72119.0192926845
1576,180902040304,Lucky Jim Wash,0,0,0,0,0,118015190.445312,63110.3273236401
1577,180902040405,Lake Hill-Panamint Valley,0,0,0,0,0,164775602.097656,99571.957790824
1578,180902010406,Marble Bath,0,0,0,0,0,125917059.234375,80153.3787100645
1579,180902030207,Ubehebe Crater-Death Valley Wash,0,0,0,0,0,123555635.679688,70194.3179782916
1580,180902030106,Little Sand Spring-Death Valley Wash,0,0,0,0,0,108891155.777344,72919.9580259404
1581,180703041102,Smiley Lagoon-Mission Bay,0,0,0,0,0,95150843.4453125,60820.7204207089
1582,180703020402,Cole Canyon-Murrieta Creek,5,0.603774,0,4,2,199432764.035156,82237.1858383039
1583,180703020302,Pechanga Creek-Temecula Creek,4,0.358491,1,2,1,176425734.0625,82835.7931085267
1584,180702030505,East Twin Creek,4,0.377358,0,3,1,121501816.710938,55630.3063878994
1585,180702030508,Warm Creek-Santa Anna River,2,0.150943,0,2,0,162944426.242188,94610.0859215106
1586,180902080103,Willow Creek,4,0.301887,0,2,1,65131279.6132812,45603.0822290502
1587,180702030504,City Creek,5,0.415094,2,2,1,87878530.7890625,55878.3588458928
1588,180902080701,Headwaters Mojave River,2,0.150943,0,2,0,84522366.2617188,47664.5158416057
1589,180902080104,Lower Deep Creek,4,0.301887,0,2,1,152510047.304688,91095.7269378163
1590,180902050901,Granite Wells,0,0,0,0,0,113008985.78125,62129.9605822891
1591,180902030404,Lemoigne Canyon,0,0,0,0,0,177875795.324219,86221.4256582805
1592,180902040901,White Sage Wash,0,0,0,0,0,108985712.292969,65085.7712382521
1593,180902040902,Upper Wildrose Wash,0,0,0,0,0,131961317.199219,52943.6627180911
1594,180902030402,Emigrant Canyon,0,0,0,0,0,195713533.734375,89728.9295660333
1595,180902030209,180902030209,0,0,0,0,0,72990938.9335938,56555.7211653219
1596,180703040601,Padre Barona Creek,0,0,0,0,0,61486937.5234375,39750.0410398359
1597,180703040205,San Pasqual Valley-Santa Ysabel Creek,5,0.603774,0,2,3,181331785.484375,105632.856863306
1598,180703040201,Boden Canyon-Santa Ysabel Creek,3,0.226415,0,1,1,79250513.671875,55494.3079087857
1599,180703030201,Paradise Creek-San Luis Rey River,4,0.301887,0,2,1,204721348.714844,87431.7304251158
1600,180703020404,Upper Tucalota Creek,2,0.150943,0,0,1,100323090.257812,65568.6506323348
1601,180703020104,Long Canyon,2,0.150943,0,0,1,64085806.4492188,49358.727379672
1602,180702020106,Bautista Creek,5,0.45283,0,2,2,191362337.074219,93864.6472362155
1603,180703020101,Chihuahua Creek,0,0,0,0,0,133336130.316406,66133.6610000441
1604,181002010101,Smith Creek,2,0.150943,0,2,0,123022406.894531,62849.3099397613
1605,180702020104,Lower South Fork San Jacinto River,3,0.283019,1,1,1,84720030.0429688,66070.9220770856
1606,181001000501,Silver Creek,0,0,0,0,0,75432179.2304688,39763.5248667456
1607,180902081403,Lake Jodie-Mojave River,3,0.207547,1,0,1,156682515.773438,109800.774925637
1608,180902070401,Williams Well,0,0,0,0,0,119008120.574219,65235.0041042489
1609,180902070306,Jack Spring,0,0,0,0,0,119606110.796875,61171.695955654
1610,180902031601,Leach Spring,0,0,0,0,0,120383764.699219,66205.7956758543
1611,180902031905,Middle Wingate Wash,0,0,0,0,0,169459966.109375,68079.3388645493
1612,180902032102,Upper Anvil Spring Canyon,0,0,0,0,0,133921617.15625,53528.5900485669
1613,180902032203,Six Spring Canyon,0,0,0,0,0,75216048.8710938,38922.4235007669
1614,180902032103,Sugarloaf Peak,0,0,0,0,0,120821933.675781,56598.4126020635
1615,180902030902,Gower Gulch-Salt Creek,0,0,0,0,0,199213102.558594,87318.9558125184
1616,180902030803,Mud Canyon-Salt Creek,0,0,0,0,0,218467171.914062,91957.1821256907
1617,180703051102,Campo Valley-Campo Creek,4,0.301887,0,2,1,112237874.078125,55908.368656954
1618,180703040803,Viejas Creek-Sweetwater River,4,0.377358,0,3,1,103139878.59375,56183.7964346956
1619,180703040504,Conejos Creek,4,0.301887,0,2,1,165281906.511719,65158.5336089047
1620,181002030404,San Felipe Valley-San Felipe Creek,3,0.283019,1,1,1,180096036.402344,94218.8259258271
1621,181002030201,Nance Canyon,0,0,0,0,0,156918629.71875,59253.171283903
1622,181002010201,Headwaters Palm Canyon Wash,0,0,0,0,0,124018893.820312,56525.8309289698
1623,181002010105,Middle San Gorgonio River,0,0,0,0,0,106060547.34375,49318.5461710593
1624,181002010606,Cathedral Canyon-Whitewater River,0,0,0,0,0,90396956.609375,56768.0184934443
1625,181001000701,Old Woman Mountain,0,0,0,0,0,131395718.570312,79843.1499259686
1626,181001000201,Fry Mountains,0,0,0,0,0,84292817.1835938,51222.7624566787
1627,181001000704,Lower Arrastre Creek,0,0,0,0,0,102276168.511719,64596.2170812307
1628,181001000705,Upper Johnson Valley,0,0,0,0,0,187309212.621094,72980.6541225965
1629,180902081701,180902081701,0,0,0,0,0,179737745.128906,65169.4524644067
1630,180902031604,Desert King Spring-Leach Lake,0,0,0,0,0,245628593.226562,92213.5041729536
1631,180902032004,Contact Canyon-Amargosa River,0,0,0,0,0,96879374.1210938,58149.9500954426
1632,180902030701,Upper Furnace Creek Wash,0,0,0,0,0,221263971.414062,78297.4034493544
1633,180902030702,Navel Spring,0,0,0,0,0,102934775.246094,63545.5796859419
1634,180902021602,180902021602,0,0,0,0,0,209999185.304688,99131.6155133818
1635,181002020205,Walker Canyon-Carrizo Creek,1,0.075472,0,1,0,124899643.273438,78167.0041052746
1636,181002020108,Lower Vallecito Creek,1,0.056604,1,0,0,60453261.2070312,54578.1653602942
1637,181002010503,Lower Deep Canyon,1,0.056604,1,0,0,112540124.445312,68699.8479456536
1638,181002010607,Cat Creek-Whitewater River,0,0,0,0,0,59665865.125,58824.2413965891
1639,181002010601,East Wide Canyon,0,0,0,0,0,111222676.15625,61027.3581935722
1640,181001001401,Surprise Springs,0,0,0,0,0,137848824.46875,86107.127568033
1641,180902081602,Broadwell Wash,0,0,0,0,0,203736768.871094,88019.7295036633
1642,180902081705,West Cronise Lake,0,0,0,0,0,152381024.875,78463.5433215341
1643,180902031007,180902031007,0,0,0,0,0,155107100.109375,62200.1454560021
1644,180902031405,Silurian Lake-Salt Creek,0,0,0,0,0,229408269.359375,112074.171833593
1645,180902031702,Saratoga Spring,1,0.056604,1,0,0,111966344.882812,54575.606332894
1646,180902031302,Valjean Hills,0,0,0,0,0,156449535.875,86913.0354402558
1647,180902031406,180902031406-Salt Creek,0,0,0,0,0,166311899.929688,95259.5699770104
1648,180902021605,Deadman Pass,0,0,0,0,0,70487016.8867188,45094.8716068008
1649,160600150301,Stump Springs,0,0,0,0,0,110922439.945312,64683.4219924105
1650,181002041002,South Fork Coyote Wash,1,0.075472,0,1,0,119319042.890625,58348.6606787333
1651,181002020302,Coyote Mountains-Carrizo Creek,0,0,0,0,0,87060514.2148438,45529.8292586571
1652,181002020303,Barrett Canyon-Carrizo Wash,0,0,0,0,0,133418919.800781,91643.5069563913
1653,181002041103,Middle New River,1,0.075472,0,1,0,283674682.628906,120085.220672341
1654,181002030801,Tarantula Wash,1,0.056604,1,0,0,79082091.1835938,69923.636490838
1655,181002041501,Arroyo Salada,0,0,0,0,0,131935416.011719,76940.3627883271
1656,181001004404,Lower Fried Liver Wash,0,0,0,0,0,140724079.953125,87697.5390825369
1657,181001004406,Porcupine  Wash,0,0,0,0,0,78132818.1445312,75050.1946451311
1658,181001004407,Smoke Tree Wash,0,0,0,0,0,221575161.859375,104313.217200278
1659,181001002201,Valley Mountain,0,0,0,0,0,297673083.5625,91360.8070309459
1660,181001002303,181001002303,0,0,0,0,0,89732960.2695312,67452.5056112243
1661,181001002004,181001002004,0,0,0,0,0,95388166.265625,54080.3625753495
1662,180902081802,180902081802,0,0,0,0,0,228471703.59375,83241.5711295207
1663,180902081910,Town of Kerens-Kelso Wash,0,0,0,0,0,99848789.0390625,64278.5567244006
1664,180902082506,Granite Spring,0,0,0,0,0,165134854.511719,96457.109873406
1665,180902021902,180902021902,0,0,0,0,0,64460748.84375,66675.9976496902
1666,160600150801,Horse Thief Springs,0,0,0,0,0,209439954.6875,86572.5720006228
1667,160600150506,Cottonwood Spring-Frontal Pahrump Valley,0,0,0,0,0,8274826.5703125,12416.8775828058
1668,181002040801,Town of El Centro,3,0.226415,0,3,0,582423531.070312,115493.627592772
1669,181002040606,181002040606,1,0.056604,1,0,0,114279003.988281,51255.7513791885
1670,181002040605,Middle Salt Creek,0,0,0,0,0,220842439.539062,95907.1804751434
1671,181002041302,Town of Frink-Frontal Salton Sea,0,0,0,0,0,195226201.980469,67836.503992684
1672,181002040604,Upper Salt Creek,0,0,0,0,0,148607994.316406,74788.8186046586
1673,181002041304,181002041304,0,0,0,0,0,99654368.2929688,83672.2415304813
1674,181001002402,Clarks Pass,0,0,0,0,0,207334178.289062,79054.5552523388
1675,181001002803,Sheep Hole Mountains,0,0,0,0,0,286851197.03125,105000.291632743
1676,181001004503,181001004503,0,0,0,0,0,151889013.25,71867.1673299003
1677,181001003202,Middle Clipper Valley Wash,0,0,0,0,0,238981502.316406,78153.9428566479
1678,180902031104,Pachalka Spring-Kingston Wash,0,0,0,0,0,159697229.222656,69912.2081134889
1679,160600150705,Black Butte-Mesquite Valley,0,0,0,0,0,82915500.5390625,61479.2115199487
1680,181002040803,Town of Fuller-Alamo River,2,0.150943,0,0,1,369526044.609375,97637.7601308232
1681,181002040402,Gordons Well,0,0,0,0,0,366769152.804688,104505.254438689
1682,181001004701,Pinto Wells-Pinto Wash,0,0,0,0,0,178713844.664062,81308.7085129773
1683,181001004606,181001004606,0,0,0,0,0,92126034.2265625,85270.3165692744
1684,181001004604,181001004604,0,0,0,0,0,108514457.925781,58835.6834578616
1685,181001004605,181001004605,0,0,0,0,0,97172664.0351562,59986.5474040893
1686,181001003204,Cave Spring,0,0,0,0,0,205330588.59375,95998.6715697591
1687,181001003304,Desert Spring,0,0,0,0,0,142596845.9375,89292.6616747223
1688,181001003501,Hummingbird Spring-Schulyler Wash,0,0,0,0,0,161413169.339844,74088.1379860187
1689,150301020205,Eagle Well-Sacramento Wash,0,0,0,0,0,228819964.039062,169218.968462394
1690,160600151300,Ivanpah Lake,0,0,0,0,0,102193324.785156,55335.8224971738
1691,160600151201,Bird Spring-Frontal Ivanpah Lake,0,0,0,0,0,16306074.1171875,21405.4810374076
1692,181002040102,Black Mountain,0,0,0,0,0,203374114.558594,108363.279979626
1693,150301041001,Cottonwood Spring,0,0,0,0,0,229187911.210938,93956.5327633107
1694,150301040904,150301040904,0,0,0,0,0,131938130.066406,59561.84857946
1695,150301040803,Clapp Spring,0,0,0,0,0,113178183.15625,58808.164017248
1696,181001004205,Danby Lake,0,0,0,0,0,227191600.582031,180437.997417667
1697,181001004001,181001004001,0,0,0,0,0,85222667.7382812,69146.5544117463
1698,150301010501,Stepladder Mountains,0,0,0,0,0,111530703.25,61981.5393391816
1699,150301020206,150301020206,0,0,0,0,0,59023704.9023438,55241.2415373883
1700,150301020113,150301020113-Piute Wash,0,0,0,0,0,11755096.6835938,27517.191781513
1701,150301041308,Ferguson Wash-Colorado River,0,0,0,0,0,76545225.6210938,50528.0286927145
1702,150301040406,Palo Verde Dam-Colorado River,1,0.056604,1,0,0,143415910.195312,65472.2614248573
1703,150301040201,UpperVidal Wash,0,0,0,0,0,104003833.628906,62154.9030517673
1704,150301010506,Coffin Spring-Chemehuevi Wash,0,0,0,0,0,228962157.386719,95852.6201708707
1705,150301010603,Foothill Peak-Chemehuevi Wash,0,0,0,0,0,213980309.660156,90170.1226858069
1706,150301020308,Hacienda Wash-Piute Wash,0,0,0,0,0,64312953.6210938,60866.8182686848
1707,150301010307,Red Spring-Colorado River,0,0,0,0,0,192948052.765625,60973.7853980876
1708,150301010712,Steamboat Cove-Colorado River,1,0.113208,2,0,0,63989988.1132812,58117.2358485994
1709,150301040103,Copper Basin Wash,0,0,0,0,0,53848219.109375,45855.8179225265
1710,150301040104,Giers Wash-Colorado River,1,0.113208,2,0,0,31314161.6601562,26020.4999303313
1711,180400130102,Camp Creek,4,0.377358,0,3,1,179423374.363281,119233.537269925
1712,181001002007,Town of Siberia,0,0,0,0,0,549947697.765625,169721.234650943
1713,180101070101,Upper Bear River,3,0.264151,2,2,0,218958280.992188,85151.5665244177
1714,180101010504,Elk Creek-Frontal Pacific Ocean,5,0.509434,5,3,0,109171706.335938,127640.395915235
1715,180101010404,Smith River,5,0.849057,7,4,1,184332211.1875,106532.940260692
1716,180101060406,Bull Creek,4,0.396226,3,3,0,185284676.546875,67283.7826726004
1717,180101020101,Noisy Creek-Redwood Creek,4,0.377358,4,2,0,272838250.351562,94014.3046961162
1718,180102091101,Turwar Creek,4,0.396226,3,3,0,147813697.511719,61831.1421248269
1719,180101080904,Brush Creek,3,0.207547,1,2,0,67157416.5703125,53772.7050141969
1720,180101080906,Point Arena Creek-Frontal Pacific Ocean,5,0.415094,2,4,0,136617734.816406,116510.044607095
1721,180101080409,Lower Navarro River,5,0.54717,3,5,0,77039480.171875,50845.3010771418
1722,180101080303,North Fork Big River,5,0.641509,2,5,1,188764809.796875,68268.0503438222
1723,180101080604,Wages Creek,3,0.245283,3,1,0,55865865.9570312,42448.8184855037
1724,180101060302,Red Mountain Creek-South Fork Eel River,4,0.320755,3,2,0,157238809.21875,59209.6808278014
1725,180101060105,Cedar Creek-South Fork Eel River,4,0.320755,3,2,0,178736809.71875,84582.9071232085
1726,180101050303,Conley Creek-Dobbyn Creek,1,0.056604,1,0,0,80691102.7109375,43452.7008560088
1727,180101050902,Little Van Duzen River,1,0.113208,2,0,0,184323651.699219,80946.7258912594
1728,180102120502,Grouse Creek,5,0.54717,3,3,1,255786544.761719,90908.2417617974
1729,180102111208,Soctish Creek-Trinity River,3,0.245283,3,1,0,111476296.851562,75676.4900380667
1730,180102111207,Mill Creek,2,0.132075,1,1,0,220328696.6875,74488.9780603053
1731,180102090901,East Fork Blue Creek,0,0,0,0,0,103957535.484375,51755.5041984208
1732,180102090801,Camp Creek,4,0.320755,3,2,0,193827471.542969,69441.3871833255
1733,180101010201,Siskiyou Fork Smith River,3,0.283019,5,0,0,127842007.507812,59571.9479347556
1734,180101090106,Rockpile Creek,2,0.132075,1,1,0,149677410.191406,82894.116282369
1735,180101100410,Cummiskey Creek-Russian River,4,0.339623,2,1,1,141946992.4375,79033.6721232139
1736,180101030402,Davis Creek,2,0.169811,3,0,0,75377866.5742188,54860.9777705908
1737,180101100401,Ackerman Creek,4,0.358491,1,2,1,85378685.6132812,53239.1447780314
1738,180101050203,Tin Cabin Creek-Eel River,2,0.169811,3,0,0,144024028.507812,65093.3910564565
1739,180101050109,Lower North Fork Eel River,3,0.245283,3,1,0,166984798.371094,74006.5705640059
1740,180101040301,Short Creek,1,0.113208,2,0,0,74979654.5742188,54179.4212615958
1741,180101050107,Hulls Creek,1,0.056604,1,0,0,233182077.0625,76525.6721503718
1742,180101050101,Kettenpom Creek,2,0.132075,1,1,0,70355959.0742188,42049.6621703911
1743,180102111102,Big Bar Creek-Trinity River,5,0.509434,5,1,1,148933369.921875,55742.7285395299
1744,180102100207,Whites Gulch-North Fork Salmon River,4,0.358491,5,1,0,211425254.476562,68717.0335287747
1745,180102100304,Middle Wooley Creek,4,0.301887,4,1,0,169779501.089844,76705.2510520333
1746,180102100303,Hancock Creek,3,0.245283,3,1,0,75753787.3007812,40251.8900551764
1747,180102090104,Lower Indian Creek,4,0.301887,4,1,0,116014952.039062,54868.5147910492
1748,180102090202,Fort Goff Creek-Klamath River,2,0.169811,3,0,0,136240161.210938,54577.8232826986
1749,171003090101,Butte Fork Applegate River,0,0,0,0,0,85446198.046875,47223.5352099829
1750,180102061102,Seiad Creek,5,0.45283,4,3,0,137196765.679688,51400.9183438443
1751,180500050302,Estero Americano,5,0.490566,2,3,1,159864483.597656,77215.5960337078
1752,180101100903,Dutch Bill Creek-Russian River,5,0.603774,4,3,1,232729119.898438,85627.65035978
1753,180201160307,Rodman Slough-Frontal Clear Lake,1,0.056604,1,0,0,122057484.210938,97656.3511052621
1754,180201160102,Upper Scotts Creek,1,0.075472,0,1,0,138386980.195312,68173.8254953244
1755,180201160201,East Fork Middle Creek,3,0.226415,0,1,1,82122026.7695312,49561.2322507178
1756,180101030503,Thomas Creek-Eel River,4,0.396226,3,1,1,149998170.738281,63186.3746160075
1757,180102120205,Barker Creek-Hayfork Creek,5,0.415094,2,2,1,145919084.675781,76099.202698355
1758,180102110707,Dutton Creek-Trinity River,4,0.396226,3,1,1,116975806.902344,81949.8052448832
1759,180102110706,Reading Creek,4,0.396226,3,1,1,139747713.925781,76096.2890369783
1760,180201520202,Duncan Creek,3,0.283019,1,1,1,132514010.488281,59648.857867416
1761,180201520203,Rocky Creek-Middle Fork Cottonwood Creek,3,0.207547,1,0,1,170600387.136719,86564.0087882923
1762,180102110705,Weaver Creek,5,0.471698,3,2,1,224596793.878906,73927.5439633216
1763,180102100201,Right Hand Fork North Fork Salmon River,3,0.245283,3,1,0,91727579.7421875,43443.9952616648
1764,180102080502,Shackleford Creek,4,0.320755,3,2,0,196330780.964844,76970.0562053056
1765,180102061001,Barkhouse Creek,2,0.169811,3,0,0,74278741.9414062,37228.4795881869
1766,180500050103,San Geronimo Creek-Lagunitas Creek,5,0.54717,3,3,1,89778016.359375,57910.7695636265
1767,180500020603,Novato Creek,3,0.283019,1,1,1,98205292.5195312,47862.7181295523
1768,180500020303,Lower Sonoma Creek,5,0.433962,1,3,1,118692041.25,74469.2998939086
1769,180500020201,Upper Napa River,5,0.433962,1,3,1,189890738.316406,70057.6675482183
1770,180201160602,Seigler Canyon Creek-Cache Creek,3,0.207547,1,2,0,153133474.535156,98660.0403987217
1771,180101030201,Corbin Creek,3,0.226415,0,1,1,190425495.179688,65386.7613732771
1772,180201150404,Salt Creek,1,0.075472,0,1,0,92267349.0664062,68200.5174062023
1773,180201150305,Watson Creek,3,0.226415,0,1,1,69336095.9648438,48021.2632106774
1774,180201520403,Sulphur Creek-South Fork Cottonwood Creek,1,0.113208,2,0,0,196741904.96875,63821.6682528475
1775,180201520204,Big Salt Creek-Middle Fork Cottonwood Creek,2,0.169811,3,0,0,247720111.550781,110575.947687081
1776,180201520802,Little Dry Creek,2,0.132075,1,1,0,147957133.300781,72236.2593581188
1777,180102110503,Bragdon Gulch-Trinity River,0,0,0,0,0,175121168.007812,56900.3696360136
1778,180102060902,Hungry Creek-Beaver Creek,2,0.169811,3,0,0,121315950.804688,53904.4797064388
1779,180102060603,Middle Cottonwood Creek,2,0.188679,2,1,0,179478751.414062,65134.4736615226
1780,180102060604,Lower Cottonwood Creek,3,0.245283,3,1,0,100749786.589844,56825.9083031895
1781,180500060206,Pruisima Creek-Frontal Pacific Ocean,5,0.415094,2,2,1,173868132.542969,119004.134350677
1782,180500060202,La Honda Creek,5,0.490566,2,3,1,85653320.7265625,49363.9063713502
1783,180500030404,San Francisquito Creek,5,0.433962,1,3,1,158635621.050781,98091.9828027342
1784,180500020904,Cerrito Creek-Frontal San Francisco Bay Estuaries,5,0.415094,2,2,1,139258169.734375,86408.2335450533
1785,180500020701,San Pablo Creek,4,0.358491,1,2,1,170019924.527344,100405.634861132
1786,180500020202,Middle Napa River,4,0.358491,1,2,1,255328623.925781,105283.874276432
1787,180500020204,Milliken Creek,3,0.207547,1,0,1,125324393.46875,59162.000649651
1788,180201160504,Lower Bear Creek,4,0.377359,0,1,2,144758305.644531,58391.6387969023
1789,180201040804,Sand Creek,3,0.226415,0,1,1,157384021.117188,100141.347730497
1790,180201160502,Upper Bear Creek,1,0.075472,0,1,0,84389149.21875,74056.5744789763
1791,180201040503,Hunters Creek,2,0.150943,0,0,1,247826972.449219,101508.696104193
1792,180201040101,Upper South Fork Willow Creek,0,0,0,0,0,150690678.613281,76178.8372326853
1793,180201040301,Sheep Corral Creek,0,0,0,0,0,80760370.4101562,70467.066534329
1794,180201040104,Lower South Fork Willow Creek,0,0,0,0,0,141290737.824219,85674.3154178382
1795,180201040502,North Fork Logan Creek,2,0.150943,0,0,1,193262909.367188,79771.7802888993
1796,180201550404,Dibble Creek,2,0.169811,3,0,0,139567292.84375,79442.986204654
1797,180201550403,Blue Tent Creek,2,0.169811,3,0,0,79390006.75,57917.5866967995
1798,180201520803,Upper Cottonwood Creek,2,0.169811,3,0,0,87099676.75,63886.7144954465
1799,180201540502,Anderson Creek-Sacramento River,5,0.45283,4,1,1,177926395.75,119289.358551433
1800,180200050403,Salt Creek,3,0.226415,0,1,1,96496957.09375,56410.9942310063
1801,180200050101,South Fork Sacramento River,2,0.150943,0,2,0,163412611.148438,54464.9380749187
1802,180200050304,Shotgun Creek-Sacramento River,4,0.301887,0,2,1,130237873.34375,48951.2181020874
1803,180200050302,Mears Creek-Sacramento River,4,0.377358,0,3,1,134400415.949219,58727.2887184477
1804,180200050201,Big Canyon Creek-Sacramento River,2,0.150943,0,2,0,137409792.527344,81627.6815078176
1805,180200050102,Wagon Creek,2,0.150943,0,2,0,116676514.117188,74065.7522130884
1806,180102070406,Juniper Flat,0,0,0,0,0,77722722.6640625,57957.1765905644
1807,180102070404,Spring Creek-Hart Creek,0,0,0,0,0,70634135.5195312,40849.8911266808
1808,180102060406,Lower Jenny Creek,1,0.113208,2,0,0,13973317.2617188,24116.4534002176
1809,180600060203,Soberanes Creek-Frontal Pacific Ocean,3,0.207547,1,2,0,97008060.1367188,115429.081586517
1810,180500040603,Lower Alameda Creek,5,0.433962,1,3,1,139574763.269531,69965.1539824618
1811,180500010105,Sulphur Springs Creek,3,0.226415,0,1,1,66669195,44119.3388390369
1812,180500010204,Walnut Creek-Frontal Suisin Bay Estuaries,3,0.283019,1,1,1,146755088.640625,106001.933734937
1813,180500010107,Union Creek-Frontal Suisun Bay Estuaries,4,0.339623,2,1,1,182182001.230469,117174.371124471
1814,180201630505,Lower Ulatis Creek,2,0.132075,1,1,0,106589230.425781,102954.098801214
1815,180201630202,Chickahominy Slough-Dry Slough,2,0.150943,0,0,1,197714396.5,115908.201014976
1816,180201040806,Salt Creek,0,0,0,0,0,70685364.5195312,82197.1790823113
1817,180201570206,Delaney Slough-Deer Creek,4,0.377358,4,0,1,113321639.144531,90067.0334485047
1818,180201570604,Kusal Slough-Mud Creek,2,0.188679,2,1,0,122427732.445312,69399.1732529349
1819,180201560605,Butler Slough-Sacramento River,5,0.45283,4,1,1,118671593.566406,104077.587477727
1820,180201570101,Big Dry Creek,0,0,0,0,0,138298237.648438,78100.0575388343
1821,180201540404,Upper Bear Creek,2,0.169811,3,0,0,116012168.125,82434.7408873008
1822,180201540501,Ash Creek,3,0.226415,4,0,0,137233933.878906,98578.4070832623
1823,180201540401,South Fork Bear Creek,3,0.207547,1,0,1,127623969.617188,81673.7853298395
1824,180201530204,Lower South Fork Battle Creek,4,0.339623,2,1,1,222045550.832031,98340.1157418639
1825,180200031104,Devils Canyon-Pit River,0,0,0,0,0,117778376.371094,64657.8644144422
1826,180201510302,Upper Little Cow Creek,2,0.150943,0,0,1,175386807.46875,89343.8659941699
1827,180200040402,Clairborne Creek,0,0,0,0,0,72548821.6367188,39046.9457740996
1828,180200031007,Iron Canyon Creek,2,0.132075,1,1,0,102863674.367188,55150.8935583977
1829,180200040101,Gravel Creek,0,0,0,0,0,107556987.597656,50540.7650103863
1830,180200040102,Upper Ash Creek,0,0,0,0,0,113467959.304688,50268.0312362856
1831,180102050103,Horsethief Creek,0,0,0,0,0,197476819.683594,76113.3496174006
1832,180600060302,Partington Creek-Frontal Pacific Ocean,2,0.132075,1,1,0,132666967.429688,118756.415837643
1833,180600051301,Lost Valley Creek,1,0.056604,1,0,0,99596896.8710938,51461.1271914642
1834,180600060301,Big Sur River,5,0.509434,1,2,2,233058233.273438,88316.5087024021
1835,180600051507,180600051507-Salinas River,1,0.056604,1,0,0,132863118.429688,80656.3054139877
1836,180600020704,San Juan Canyon,4,0.377358,0,3,1,154509533.953125,77032.7325308306
1837,180600020401,Upper Uvas Creek,5,0.509434,1,4,1,189929950.03125,73694.4141885183
1838,180500030201,Silver Creek,3,0.283019,1,1,1,181774685.269531,70667.8991960429
1839,180500040201,Arroyo Seco,5,0.45283,0,4,1,105685471.625,63461.1255354196
1840,180400030604,Califton Court Forebay,5,0.471698,3,2,1,101959758.179688,57484.1259309653
1841,180400030801,Upper Kellogg Creek,4,0.301887,0,2,1,120993880.53125,68317.7112250949
1842,180400030803,Dutch Slough-Big Break,5,0.471698,3,0,2,158004707.1875,80435.3092668032
1843,180201630605,Watson Hollow,1,0.113208,2,0,0,157469388.195312,65011.1201984022
1844,180201590201,Thermalito Afterbay,3,0.264151,2,0,1,119711207.617188,60251.4162911163
1845,180201580402,Cottonwood Creek,1,0.075472,0,1,0,154041580.027344,61302.0962507454
1846,180201570602,Maple Branch-Mud Creek,2,0.188679,2,1,0,108963249.027344,84703.1535093254
1847,180201570502,Middle Big Chico Creek,0,0,0,0,0,91597681.0820312,41113.3261230065
1848,180201560102,South Fork Antelope Creek,4,0.339623,2,1,1,205066704.417969,77520.8264808302
1849,180201530102,Bridges Creek-North Fork Battle Creek,0,0,0,0,0,144055712.648438,59219.2861807135
1850,180201530103,Rock Creek,0,0,0,0,0,103082211.246094,72647.6041042225
1851,180200030701,Bunchgrass Creek,0,0,0,0,0,143126825.195312,55416.5375801731
1852,180200030901,Dry Burney Creek,0,0,0,0,0,56784820.0234375,36399.1453060617
1853,180102050201,Garner Mountain-Long Prairie,1,0.075472,0,1,0,150147948.988281,54765.2917416334
1854,180200030401,Harris Spring,0,0,0,0,0,132726731.71875,63718.3464588953
1855,180102041302,Three Sisters,0,0,0,0,0,250988339.019531,83906.1811347188
1856,180200030302,Papoose Hill,0,0,0,0,0,195624780.816406,70913.9353638918
1857,180200030305,Grasshopper Flat,1,0.075472,0,1,0,294049980.171875,142815.952091151
1858,180102041402,Town of Laird Landing,1,0.075472,0,1,0,244117851.582031,101010.546575177
1859,180600050706,Squirrel Spring-San Antonio River,4,0.358491,1,2,1,127135692.628906,79674.2721967217
1860,180600051307,Horse Creek-Arroyo Seco,4,0.358491,1,2,1,140089217.929688,66622.9929128597
1861,180600051309,Sweetwater Creek-Arroyo Seco,3,0.207547,1,0,1,97237059.1679688,56157.9506583588
1862,180600051504,Chualar Creek,0,0,0,0,0,114062427.933594,66217.8730780962
1863,180600020101,Arroyo De Las Viboras,2,0.150943,0,2,0,93575473.0898438,63597.5770747806
1864,180400030904,Mandeville Island-Connection Slough,4,0.377358,4,0,1,133551281.488281,87417.798379941
1865,180400030502,Roberts Island-Trapper Slough,5,0.415094,2,0,2,234048895.746094,102736.78108822
1866,180400130802,Badger Creek,4,0.358491,1,0,2,91165555,69090.4825971703
1867,180201110104,Linda Creek-Cirby Creek,3,0.207547,1,0,1,83750632.2734375,54164.6084578181
1868,180201260403,Grasshopper Slough-Dry Creek,3,0.264151,2,0,1,143366062.457031,75754.3508336028
1869,180201610301,Markham Ravine,1,0.056604,1,0,0,142480230.484375,81172.4879577491
1870,180201610202,Doty Creek,1,0.056604,1,0,0,107187555.976562,67216.4113887773
1871,180201210804,Potter Ravine-North Fork Feather River,1,0.075472,0,1,0,87673307.3984375,46274.1950315312
1872,180201580102,Bull Creek-Butte Creek,2,0.150943,0,2,0,133366692.03125,57048.8857750625
1873,180201210606,Camp Creek-North Fork Feather River,5,0.433962,1,3,1,206753181.527344,81324.297307286
1874,180201570203,Cub Creek-Deer Creek,3,0.264151,2,2,0,247872449.894531,75324.7413277216
1875,180201210301,Soldier Creek-Butt Creek,1,0.075472,0,1,0,157583275.59375,67692.4741682305
1876,180200030704,Logan Lake-Hat Creek,0,0,0,0,0,119575449.011719,50240.0923588899
1877,180200030803,Negro Camp Gulch,0,0,0,0,0,96870278.7929688,57441.1656726144
1878,180200030802,Peacock Creek-Pit River,3,0.207547,1,0,1,307272495.898438,132281.415612376
1879,180200030502,Little Hot Spring Valley,0,0,0,0,0,73960143.1132812,46998.8942373842
1880,180200021901,Widow Valley Creek,0,0,0,0,0,144912830.082031,62617.4890036275
1881,180200021309,Taylor Creek,0,0,0,0,0,174377146.988281,91916.8277745545
1882,180102041002,The Frog Pond-Tule Lake,2,0.169811,3,0,0,213438098.855469,85971.2690638171
1883,180102040601,Woolen Canyon-Lost River,0,0,0,0,0,126755.859375,1734.53155382748
1884,180600060403,Pico Creek,5,0.490566,2,1,2,52527039.1992188,35851.5784066152
1885,180600051110,Hamilton Canyon-Salinas River,4,0.358491,1,0,2,182400918.449219,113805.746444013
1886,180600051204,Middle Chalone Creek,3,0.226415,0,1,1,99787550.3867188,45791.9705375531
1887,180600020504,Rock Springs Creek-San Benito River,5,0.509434,1,2,2,186749633.027344,72248.2514585335
1888,180600051107,Wildhorse Canyon,0,0,0,0,0,70599525.7382812,59398.5596964142
1889,180400010603,Lower South Fork Los Banos Creek,4,0.377358,0,3,1,132946681.804688,58546.1051177405
1890,180400010604,Carrisalito Creek-Los Banos Creek,4,0.301887,0,2,1,169869701.921875,67902.9020001433
1891,180400011301,Piedra Azul Creek,3,0.226415,0,3,0,108235739.414062,53929.116914406
1892,180400510303,Middle Lone Tree Creek,2,0.132075,1,1,0,217556981.890625,81225.5467369651
1893,180400100705,Riley Slough,2,0.188679,2,1,0,243415262.804688,121996.638018904
1894,180400110307,Duck Creek-Calaveras River,3,0.264151,2,2,0,141927499.410156,74818.3770394288
1895,180400510401,Upper Duck Creek,2,0.150943,0,2,0,116983742.671875,60683.8861985056
1896,180400120902,Loch Lane-Dry Creek,4,0.358491,1,2,1,161759708.136719,94288.7768221387
1897,180400130701,Willow Creek,0,0,0,0,0,94984942.7578125,71834.5771990432
1898,180400120502,Lower Sutter Creek,1,0.056604,1,0,0,143285202.570312,110770.988372148
1899,180400130602,Big Canyon Creek,1,0.075472,0,1,0,181793054.789062,69166.5803956846
1900,180201110102,Miners Ravine,4,0.320755,3,0,1,84591861.5664062,67910.8791448415
1901,180201260401,Indian Springs Creek-Dry Creek,0,0,0,0,0,137236779.835938,63324.9752868655
1902,180201250404,Mill Creek-North Yuba River,3,0.226415,0,1,1,182557673.277344,82262.7337969129
1903,180201220903,Mill Creek-East Branch North Fork Feather River,3,0.207547,1,2,0,102228433.808594,46412.9560115358
1904,180201230701,Willow Creek-Middle Fork Feather River,4,0.301887,0,4,0,135594517.214844,61783.156591987
1905,180201230507,Bear Creek,2,0.150943,0,2,0,95420710.3320312,47586.1218103526
1906,180201220802,Rock Creek,4,0.377358,0,3,1,75876387.9804688,45273.0239036372
1907,180201230508,Dogwood Creek-Middle Fork Feather River,3,0.226415,0,3,0,91910596.78125,64093.504396958
1908,180201220804,Mill Creek-Spanish Creek,3,0.226415,0,1,1,138021736.476562,59973.4371665026
1909,180201210408,Mosquito Creek-North Fork Feather River,1,0.056604,1,0,0,140707336.683594,61188.6583531548
1910,180201220501,Upper Wolf Creek,0,0,0,0,0,140742984.753906,51506.5618260183
1911,180800030103,Pine Creek Valley-Pine Creek,0,0,0,0,0,188756650.558594,73734.5590016234
1912,180800030204,Champs Flat-Pine Creek,0,0,0,0,0,85698631.9179688,53201.1844123564
1913,180200021205,Rose Canyon-Pit River,1,0.056604,1,0,0,130582165.636719,60969.6468079368
1914,180200021102,Upper Turner Creek,1,0.056604,1,0,0,115036160.402344,56501.4638084962
1915,180200021101,Washington Creek,1,0.056604,1,0,0,157335193.03125,73948.8829911453
1916,180102040303,Mammoth Springs-Frontal Clear Lake,1,0.113208,2,0,0,74107746.5078125,54685.1346628396
1917,180600090202,San Antonio Terrace-Frontal Pacific Ocean,2,0.188679,2,1,0,87117485.8554688,84366.5329963071
1918,180600060503,Morro Bay,4,0.339623,2,1,1,41878529.1210938,43360.7241149408
1919,180600060411,Toro Creek,4,0.339623,2,1,1,59367701.1875,49262.0555894556
1920,180600050404,Town of Templeton-Salinas River,2,0.132075,1,1,0,118943452.238281,79367.4516599326
1921,180600050205,Paloma Creek-Salinas River,4,0.358491,1,2,1,78317876.3242188,50665.6555595774
1922,180600050405,Mustard Creek-Salinas River,4,0.358491,1,2,1,170855889.339844,74587.9234890345
1923,180600040409,San Jacinto Creek,0,0,0,0,0,71128680.8398438,75406.8518703921
1924,180300120302,Upper Warthan Creek,0,0,0,0,0,182566896.378906,72079.6936096839
1925,180600020503,James Creek-San Benito River,3,0.283019,1,1,1,179965315.265625,67846.1379258962
1926,180400140401,Cedar Flat Canyon-Panoche Creek,3,0.226415,0,1,1,200097844.246094,81035.440963869
1927,180400011703,Lower Owens Creek,2,0.150943,0,0,1,268846020.09375,127429.706528509
1928,180400011504,Mariposa Creek-Duck Slough,1,0.075472,0,1,0,237978233.125,148793.044788198
1929,180400120801,Hunt Gulch-Mokelumne River,1,0.113208,2,0,0,97064989.9492188,66283.2263586222
1930,180201290601,North Fork Weber Creek,3,0.226415,0,1,1,71241697.609375,48565.1978435683
1931,180201290401,Whaler Creek,2,0.150943,0,0,1,68227408.0859375,47447.6653750356
1932,180201290501,Slab Creek,0,0,0,0,0,95503649.7460938,65255.4170494791
1933,180201280303,Brushy Creek-Middle Fork American River,2,0.150943,0,2,0,123823713.894531,59342.7284358099
1934,180201280601,Upper Shirttail Canyon,1,0.075472,0,1,0,133078036.28125,49325.0687113331
1935,180201260101,Steephollow Creek,3,0.226415,0,1,1,104717299.007812,78150.9842341918
1936,180201250101,Lavezzola Creek,0,0,0,0,0,124690884.28125,56925.2389502938
1937,180201230503,Nelson Creek,1,0.075472,0,1,0,199818676.273438,73001.1499444371
1938,180201230504,Poplar Creek-Middle Fork Feather River,2,0.132075,1,1,0,155475299.054688,92368.9546419768
1939,180201230405,Jamison Creek,3,0.207547,1,2,0,125261595.328125,62486.1830275187
1940,180201220602,Little Grizzly Creek,0,0,0,0,0,154880877.941406,72196.7808938427
1941,180201220601,Hosselkus Creek,0,0,0,0,0,70973784.2265625,45181.6659803918
1942,180800030701,Piute Creek,0,0,0,0,0,159634923.191406,61080.8049806479
1943,180800020302,Said Valley Reservoir,0,0,0,0,0,93462995.9179688,47095.9414573364
1944,180200020304,Crooks Canyon,2,0.150943,0,0,1,168462428.027344,80333.3754747067
1945,180200020902,Hot Creek-Pit River,1,0.113208,2,0,0,170565144.613281,95758.9583429101
1946,180200020901,Noble Creek-Pit River,2,0.188679,2,1,0,191575987.742188,89637.7127737795
1947,180102040202,Wild Horse Creek,1,0.056604,1,0,0,71514658.28125,40811.3247373597
1948,180600130101,Jalama Creek,4,0.339623,2,1,1,93913671.3164062,52348.8135476275
1949,180600090105,Lower San Antonio Creek,5,0.566038,2,2,2,148099183.472656,67013.6761645664
1950,180600090104,Middle San Antonio Creek,3,0.207547,1,2,0,74205171.0117188,48491.6683475604
1951,180600080404,Santa Maria Canyon-Sisquoc River,5,0.509434,1,4,1,101144885.609375,78756.0457520057
1952,180600060602,Upper Arroyo Grande Creek,2,0.132075,1,1,0,138871859.273438,58754.8303174976
1953,180600070606,Canada de Los Coches-Cuyama River,3,0.283019,1,1,1,86818665.765625,45888.773067391
1954,180600050103,Toro Creek-Salinas River,0,0,0,0,0,74378053.9648438,55253.5841745061
1955,180300121701,Upper Avenal Creek,2,0.150943,0,0,1,163974681.65625,79578.0798428286
1956,180300120301,Hot Springs Canyon,0,0,0,0,0,68313167.3242188,48165.8821404483
1957,180300120603,Upper Los Gatos Creek,0,0,0,0,0,87751035.4960938,45731.6880269316
1958,180300090604,Domengine Creek,0,0,0,0,0,80612486.3945312,55225.3869146185
1959,180300090904,Town of Levis,0,0,0,0,0,236539902.558594,100957.869792716
1960,180300090906,Town of Jamesan-Fresno Slough,4,0.377359,0,1,2,132353920.453125,102981.42377352
1961,180400011602,Upper Mariposa Slough,1,0.056604,1,0,0,107327733.386719,88859.783558969
1962,180400070504,180400070504-Fresno River,0,0,0,0,0,100689635.882812,85190.1540386747
1963,180400070503,Berenda Slough,1,0.075472,0,1,0,65063312.1875,116358.630573178
1964,180400070502,Town of Fairmead,1,0.075472,0,1,0,277466571.917969,99703.7298001974
1965,180400010804,180400010804,1,0.075472,0,1,0,131888107.546875,104816.575629399
1966,180400011402,Fahrens Creek,1,0.075472,0,1,0,170989691.773438,72093.204094255
1967,180400091101,Curtis Creek,3,0.207547,1,0,1,96899982.0351562,71541.0753405607
1968,180400110102,O'Neil Creek,2,0.150943,0,0,1,88554055.6757812,64934.8891562796
1969,180201290304,Plum Creek-South Fork American River,3,0.226415,0,3,0,247414958.15625,101989.137734958
1970,180201280301,Duncan Creek,0,0,0,0,0,101645409.78125,66250.0106064731
1971,180201280205,South Fork Rubicon River,1,0.056604,1,0,0,109611581.765625,74027.9986986915
1972,160501020201,Donner Creek,1,0.056604,1,0,0,127200887.882812,63114.6517532629
1973,160501020102,Independence Creek,3,0.264151,2,2,0,81319740.9492188,49637.5999024795
1974,180201230404,Humbug Creek-Middle Fork Feather River,4,0.301887,0,2,1,229728360.171875,89017.9768760364
1975,180201230102,Frenchman Lake-Little Last Chance Creek,0,0,0,0,0,258557700.246094,94883.8982930137
1976,180201220301,Boulder Creek,4,0.301887,0,2,1,74102161.7460938,40265.8669902596
1977,180800030606,Petes Creek,0,0,0,0,0,194965731.832031,78584.5905508943
1978,180800030509,Lower Secret Creek,0,0,0,0,0,199587802.78125,73020.5337428107
1979,180800030501,Upper Secret Creek,0,0,0,0,0,172684052.476562,57318.0062541705
1980,180600100507,Nojoqui Creek,5,0.433962,1,1,2,62699563.9257812,41376.843118623
1981,180600100502,Happy Canyon,4,0.377359,0,1,2,81887228.0039062,49563.2550304496
1982,180600070602,Sycamore Creek-Cuyama River,5,0.45283,0,2,2,133304118.367188,62296.1392464438
1983,180600070306,Mustang Canyon-Cuyama River,2,0.150943,0,2,0,76389157.8828125,45025.0215426925
1984,180300121801,Big Tar Creek,0,0,0,0,0,173928835.207031,70507.4561112865
1985,180300122304,180300122304-Frontal Tulare Lake Bed,0,0,0,0,0,164504443.53125,83834.1555832006
1986,180300090205,Town of Calflax,0,0,0,0,0,120258782.878906,76823.3926979866
1987,180400011002,Bear Reservoir-Bear Creek,0,0,0,0,0,97446911.2929688,69115.9137058248
1988,180400010901,180400010901,2,0.150943,0,2,0,70863282.8554688,53827.7391143433
1989,180400010701,Chapman Creek,1,0.075472,0,1,0,97178565.59375,61780.0410497112
1990,180400080401,Bean Creek-North Fork Merced River,4,0.301887,0,2,1,238117070.402344,88308.5162096684
1991,180400091003,Turnback Creek,3,0.226415,0,1,1,75229168.71875,62332.1279401805
1992,180400090902,Lower North Fork Tuolumne River,3,0.283019,1,1,1,222978505.394531,79513.7012805171
1993,180400091002,Big Creek,2,0.150943,0,0,1,121647431.546875,66110.6952588878
1994,180400090803,Middle Clavey River,2,0.132075,1,1,0,175703675.210938,77465.006748826
1995,180400090901,Upper North Fork Tuolumne River,0,0,0,0,0,193903949.667969,91974.7182654483
1996,180400120106,Salt Springs Reservoir-North Fork Mokelumne River,0,0,0,0,0,185194918.082031,71776.4613995234
1997,180201280201,Miller Creek-Rubicon River,4,0.339623,2,3,0,203277870.546875,88060.4979771846
1998,160501010402,General Creek-Frontal Lake Tahoe,2,0.188679,2,1,0,167691172.8125,88374.1017342034
1999,180800031004,Red Rock Valley,0,0,0,0,0,2725064.5625,7353.41035194543
2000,180800031501,Wendel Canyon-Frontal Honey Lake,0,0,0,0,0,134697696.394531,57344.8417209657
2001,180800031404,Town of Stacy,0,0,0,0,0,30736209.3867188,30637.8225261716
2002,160402040608,Mason Spring-Duck Lake,0,0,0,0,0,4343821.37109375,15520.9771298358
2003,180800010206,Granger Creek-Frontal Middle Alkali Lake,0,0,0,0,0,114309162.136719,48835.300485597
2004,180800010205,Cottonwood Creek-Frontal Middle Alkali Lake,0,0,0,0,0,262696677.3125,81475.204041654
2005,180800010204,Big Spring-Frontal Middle Alkali Lake,0,0,0,0,0,89387259.7929688,58233.06473193
2006,180800010108,Goose Creek-Frontal Upper Alkali Lake,0,0,0,0,0,167922516.402344,93380.5149753724
2007,180800010109,Upper Alkali Lake,0,0,0,0,0,210039697.585938,78734.1006605736
2008,180800010104,Lake Annie-Frontal Upper Alkali Lake,0,0,0,0,0,210096285.773438,87247.3839378476
2009,171200070101,Cow Head Slough,1,0.056604,1,0,0,127638840.714844,59311.3036821563
2010,180800010102,Crooks Lake,0,0,0,0,0,1284113.203125,6014.68547127015
2011,180600130202,San Pedro Creek,3,0.283019,1,1,1,105382545.746094,46564.1827907737
2012,180600080105,Wellman Canyon-Sisquoc River,5,0.509434,1,2,2,118514116.777344,64579.7361470065
2013,180600100501,Cachuma Creek,4,0.377359,0,1,2,100666392.820312,63027.8841211294
2014,180600070208,New River-Cuyama River,0,0,0,0,0,165614529.492188,97362.1936207067
2015,180600070305,Cottonwood Canyon-Cuyama River,0,0,0,0,0,166970230.347656,73311.6245153616
2016,180300031501,Crocker Spring,0,0,0,0,0,170054244.109375,77831.2388363589
2017,180300121903,180300121903,0,0,0,0,0,121487360.507812,68954.8431757293
2018,180300090203,Elkhorn Ditch-Liberty Ditch,0,0,0,0,0,236901089.261719,90626.5158641418
2019,180300122002,Sand Slough,0,0,0,0,0,121536037.558594,81559.8391180025
2020,180300090202,Hammer Ditch-Liberty Ditch,0,0,0,0,0,160191300.882812,80116.0105470768
2021,180300090504,Central Canal,0,0,0,0,0,278081501.769531,113768.058516423
2022,180400010505,Willow Creek-Chowchilla River,4,0.301887,0,2,1,120581594.230469,75474.1163402486
2023,180400070201,Upper Coarse Gold Creek,3,0.226415,0,1,1,117932742.808594,61889.6908153662
2024,180400080501,Ned Gulch-Merced River,2,0.150943,0,2,0,125458747.449219,78239.6040566217
2025,180400080306,Crane Creek-Merced River,3,0.283019,1,3,0,108718448.929688,62988.0128589411
2026,180400090505,Poopenaut Valley-Tuolumne River,3,0.226415,0,1,1,118587971.382812,61073.3150702485
2027,180400090404,Upper Cherry Creek,2,0.150943,0,2,0,106844737.011719,70908.7330378705
2028,180400090202,Lower Rancheria Creek,2,0.150943,0,2,0,104566302.195312,65011.6242940587
2029,180400100102,Lower Clark Fork,2,0.150943,0,2,0,148980587.171875,66402.5495223127
2030,180400100201,Summit Creek,3,0.226415,0,3,0,105277740.929688,57747.2452953957
2031,160502010102,Bryant Creek-East Fork Carson River,1,0.056604,1,0,0,209054567.703125,92425.696350416
2032,160502010107,Hot Springs Creek,1,0.075472,0,1,0,121555357.996094,57977.0007225596
2033,160502010108,Markleeville Creek-East Fork Carson River,1,0.056604,1,0,0,183756890.21875,90190.2330547129
2034,180600130204,Carpinteria Creek,2,0.188679,2,1,0,67185801.5742188,45059.3548711611
2035,180600070110,Deer Park Canyon-Cuyama River,0,0,0,0,0,113880817.277344,59694.4819637842
2036,180600070109,Burges Canyon-Cuyama River,0,0,0,0,0,101034202.070312,57276.9864634566
2037,180600070107,Oak Creek-Cuyama River,0,0,0,0,0,74311605.8984375,48952.1682595993
2038,180701020701,Abadi Creek-Sespe Creek,5,0.433962,1,1,2,177808541.445312,70539.4958650751
2039,180600070204,The Wash,0,0,0,0,0,195510354.128906,73777.9200203947
2040,180300031502,Twentyone Canyon,0,0,0,0,0,69746173.7734375,60268.3234472171
2041,180300121202,180300121202-Kern River Flood Canal,2,0.150943,0,0,1,71945047.7421875,36617.1722589286
2042,180300031601,Town of Dustin Acres-Frontal Buena Vista Lake Bed,1,0.075472,0,1,0,116360939.417969,56245.4624072319
2043,180300050801,180300050801,0,0,0,0,0,85048348.4765625,55483.8121655522
2044,180300071303,Tulare Canal-Cross Creek,0,0,0,0,0,90788906.4765625,101516.809984692
2045,180300071402,Cameron Creek,0,0,0,0,0,191663846.339844,116759.074581813
2046,180300050903,Town of Pixley-Deer Creek,1,0.075472,0,1,0,308805957.671875,95056.4459762586
2047,180300071302,Mosquito Creek-Cross Creek,3,0.226415,0,1,1,193039918.929688,94481.9886618904
2048,180300071301,Mill Creek,2,0.150943,0,0,1,114386349.285156,93524.3259680298
2049,180300090502,Redbank Slough,2,0.150943,0,2,0,94011528.6835938,74067.314808967
2050,180300090302,Mud Creek,2,0.150943,0,2,0,102884535.554688,49961.0149214873
2051,180300090402,Middle Dry Creek,1,0.075472,0,1,0,143154220.558594,60449.9986484296
2052,180400061101,North Fork Willow Creek,5,0.45283,0,4,1,239381261.230469,110927.058744639
2053,180400080106,Illilouette Creek,2,0.150943,0,2,0,251860204.015625,74898.227329695
2054,180400090502,Register Creek-Tuolumne River,2,0.150943,0,2,0,147132242.152344,77994.3361674864
2055,180400090105,Return Creek,2,0.150943,0,2,0,159622904.417969,78944.0467163987
2056,160503020204,East Slough-West Walker River,0,0,0,0,0,270562252.785156,82042.6387645156
2057,180701020904,Harmon Canyon-Santa Clara River,4,0.377358,4,0,1,147985769.84375,58624.5816466367
2058,180300031101,Pleito Creek,0,0,0,0,0,143530112.046875,70793.4122648852
2059,180300031000,Caparell Creek-Frontal Kern Lake Bed,0,0,0,0,0,416367175.652344,125927.457941387
2060,180300031303,Buena Vista Canal-Frontal Buena Vista Lake Bed ,1,0.075472,0,1,0,181183671.03125,81394.6678225638
2061,180300120801,West Shore Gulch,2,0.150943,0,0,1,202729962.21875,84807.4049961154
2062,180300050604,Lake Woollomes,1,0.075472,0,1,0,213136686.113281,120470.87345456
2063,180300060802,Porter Slough,0,0,0,0,0,86599670.5078125,89462.8302219981
2064,180300050404,Hungry Hollow-Deer Creek,0,0,0,0,0,128939170.207031,67741.9950093341
2065,180300071101,Antelope Creek,1,0.075472,0,1,0,87865291.0820312,48863.3098571431
2066,180300070701,Murry Creek,1,0.075472,0,1,0,76662216.2421875,44834.21307008
2067,180400060904,Lower Big Creek,3,0.226415,0,3,0,113889228.226562,59397.6380420382
2068,180400060902,Middle Big Creek,2,0.150943,0,2,0,162265197.917969,78140.5252351308
2069,180400060901,Upper Big Creek,3,0.226415,0,3,0,166888393.117188,74841.466728366
2070,180400060401,Upper Middle Fork San Joaquin River,3,0.283019,1,3,0,181098412.285156,64325.6334335336
2071,180400060402,Middle Middle Fork San Joaquin River,3,0.207547,1,2,0,140684055.988281,62502.791505805
2072,180901010303,Walker Creek-Rush Creek,2,0.150943,0,2,0,196731913.109375,88159.7903504321
2073,180901010500,Mono Lake,1,0.075472,0,1,0,293637700.480469,123674.825355193
2074,160503010301,Murphy Creek-East Walker River,1,0.056604,1,0,0,128808944.941406,60823.7855950775
2075,180701020802,Pole Creek-Santa Clara River,5,0.528302,4,0,2,180082563.851562,103976.137979898
2076,180300030702,O'Neil Canyon-Grapevine Creek,4,0.301887,0,0,2,114196588.628906,77682.4669991718
2077,180300030602,180300030602,0,0,0,0,0,182027335.578125,67767.5446764951
2078,180300030502,Chanac Creek,0,0,0,0,0,213231259.910156,83029.8221648567
2079,180300040301,Adobe Canyon,0,0,0,0,0,113748577.074219,72002.0684246592
2080,180300050203,Coho Creek-White River,0,0,0,0,0,128446619.601562,81253.0853123229
2081,180300060702,Lake Success-Tule River,0,0,0,0,0,76480441.5664062,45914.030611608
2082,180300050402,Upper Fountain Springs Gulch,1,0.075472,0,1,0,93830231.6015625,49159.5743857434
2083,180300060103,Long Canyon-Middle Fork Tule River,4,0.301887,0,2,1,95134452.1835938,46107.5239279208
2084,180300070501,Upper South Fork Kaweah River,1,0.075472,0,1,0,120863843.242188,66424.0858090198
2085,180300070302,Upper North Fork Kaweah River,1,0.075472,0,1,0,125853319.953125,59536.4199871453
2086,180300100307,Middle Middle Fork Kings River,1,0.075472,0,1,0,218212559.789062,74164.8940652387
2087,180901020208,Wilfred Creek-Owens River,2,0.169811,3,0,0,282367778.910156,82212.5614754462
2088,180901010601,180901010601,0,0,0,0,0,67390787.8828125,51848.6018611631
2089,180901010605,Adobe Creek,2,0.150943,0,2,0,149158094.824219,89798.1961072608
2090,160503010206,Lower Bodie Creek,0,0,0,0,0,244028.0703125,4030.94396349106
2091,180701070002,Santa Catalina Island-Frontal San Pedro Channel,2,0.150943,0,0,1,92564798.2460938,119389.459819124
2092,180701040500,Manhattan Beach-Frontal Santa Monica Bay,3,0.226415,0,1,1,90298591.0234375,108917.206586536
2093,180701040300,Ballona Creek,5,0.45283,0,2,2,484483334.082031,124136.803225569
2094,180701020202,Lower Bouquet Canyon,3,0.207547,1,2,0,131803659.902344,80824.0336065996
2095,180701020402,San Francisquito Canyon,5,0.566038,2,2,2,189613483.472656,103445.575365537
2096,180701020201,Upper Bouquet Canyon,3,0.207547,1,0,1,146615000.21875,70449.1362890655
2097,180701020301,Elizabeth Lake,2,0.150943,0,0,1,68433662.8398438,66715.1336010382
2098,180902061402,Myrick Canyon,0,0,0,0,0,71522965.1679688,45184.4878013563
2099,180300030202,Upper Tehachapi Creek,0,0,0,0,0,136959565.21875,54765.2900030774
2100,180300030103,Havilah Canyon,0,0,0,0,0,94668006.1367188,51786.7805106077
2101,180300010607,Isabella Lake-Kern River,3,0.226415,0,1,1,187260956.789062,85509.6247795688
2102,180300010605,Caldwell Creek-Kern River,0,0,0,0,0,95547196.4335938,48780.2370292372
2103,180300050101,Tyler Creek,1,0.075472,0,1,0,64923342.8789062,44396.9282666146
2104,180300010503,Dry Meadow Creek,0,0,0,0,0,143166758.285156,61413.7814857649
2105,180300010205,Rattlesnake Creek-Kern River,2,0.132075,1,1,0,156172633.742188,62760.6170477477
2106,180300010402,Coyote Creek-Kern River,2,0.188679,2,1,0,206114281.269531,73984.6496863795
2107,180901020709,Big Pine Creek,3,0.226415,0,3,0,168572547.726562,84689.5041489248
2108,180901020303,Lower Rock Creek,4,0.339623,2,3,0,250685882.03125,75884.2307222834
2109,180901020603,Coyote Creek-Bishop Creek,2,0.150943,0,2,0,161799180.664062,85774.3103985764
2110,180901020404,Pleasant Valley Reservoir-Owens River,1,0.113208,2,0,0,235781623.710938,80729.6942567461
2111,180901020708,Baker Creek,4,0.358491,1,4,0,142112556.59375,73522.1490153252
2112,180901020705,North Fork Bishop Creek-Owens River,3,0.245283,3,1,0,316988858.03125,106440.667587425
2113,180901010609,Antelope Lake-Adobe Valley,1,0.056604,1,0,0,174324468.636719,74393.8121834028
2114,180701060701,Long Beach Harbor,3,0.226415,0,1,1,187622638.410156,141115.597630807
2115,180701050402,Compton Creek-Los Angeles River,1,0.075472,0,1,0,296450969.902344,127710.457761478
2116,180701020101,Aliso Canyon,3,0.226415,0,1,1,93447276.0664062,59717.2547869604
2117,180902062002,Soledad Mountain,0,0,0,0,0,149617713.949219,63826.5872261179
2118,180902060401,Desert Butte-Cache Creek,0,0,0,0,0,225748986.488281,101124.228105836
2119,180300030401,Weaver Creek,0,0,0,0,0,99720075.6679688,53653.0051669098
2120,180902060201,Kelso Valley,0,0,0,0,0,148869951.511719,57332.7230155002
2121,180902060701,Dove Spring Canyon,0,0,0,0,0,101254542.144531,51764.1813944899
2122,180902050402,Upper Little Dixie Wash,0,0,0,0,0,146078142.902344,73226.436465342
2123,180300020302,Tibbets Creek-South Fork Kern River,1,0.056604,1,0,0,181712124.40625,80920.4179850767
2124,180300020103,Soda Creek-South Fork Kern River,3,0.207547,1,2,0,194707789.019531,70804.718627301
2125,180901030107,Shepherd Creek,0,0,0,0,0,68898576.2734375,75092.1251289986
2126,180901030204,Hogback Creek,0,0,0,0,0,70804535.8867188,52956.2381418838
2127,180901030106,Santa Rita Spring-Owens River,1,0.113208,2,0,0,225753849.980469,77975.4970012015
2128,180902010201,Upper Marble Canyon,0,0,0,0,0,217396958.070312,74822.7595976928
2129,180901020704,Gunter Creek,0,0,0,0,0,166008060.085938,67437.8392296885
2130,180902010101,Upper Wyman Creek,0,0,0,0,0,216040661.945312,82070.8766514757
2131,180902010103,Birch Creek,1,0.075472,0,1,0,199834619.230469,71096.3335289307
2132,180901020702,Upper Chalfant Valley,0,0,0,0,0,208688910.777344,64248.027671582
2133,160600100806,Leidy Creek,1,0.056604,1,0,0,77880494.2148438,43472.4576474676
2134,180702040201,Newport Bay,0,0,0,0,0,51744969.75,34095.7527559312
2135,180702040202,Buck Gully-Frontal Pacific Ocean,0,0,0,0,0,30268324.9023438,46586.1697764568
2136,180702031003,Greenville Banning Channel-Santa Ana River,0,0,0,0,0,131041801.339844,66985.4108700932
2137,180701060501,Upper San Jose Creek,4,0.301887,0,2,1,131209425.945312,88617.3905512014
2138,180902061102,Lower Little Rock Creek,4,0.301887,0,2,1,124258169.25,53357.9542349061
2139,180902062301,Rock Creek,0,0,0,0,0,76428227.2578125,59691.4280639054
2140,180902060902,Jesus Canyon,0,0,0,0,0,138226271.976562,88629.8495794678
2141,180701060301,Fish Fork-San Gabriel River,3,0.226415,0,1,1,115774824.769531,48748.7961748014
2142,180902062006,Buckner Well,0,0,0,0,0,73167535.953125,45159.9495477478
2143,180902061905,Rocky Buttes,0,0,0,0,0,225985690.21875,89711.1168964303
2144,180902061904,Saddleback Butte,0,0,0,0,0,187834394.863281,63016.9073365782
2145,180902050703,Town of Inyokern,0,0,0,0,0,194903188.832031,65715.2210224587
2146,180902010903,Badwater Springs,1,0.075472,0,1,0,173514562.527344,70920.774031508
2147,180902010407,180902010407,0,0,0,0,0,145139167.003906,55642.5134514048
2148,180902010305,180902010305,0,0,0,0,0,162074569.648438,92316.3323608402
2149,180703010401,San Onofre Creek,2,0.132075,1,1,0,159116920.144531,70079.3590235928
2150,180703010402,Las Flores Creek,5,0.509434,1,2,2,99357049.5976562,56086.5440494936
2151,180703010202,Middle San Mateo Creek,5,0.509434,1,2,2,174929224.421875,70704.1875697389
2152,180702030606,Lake Norconian-Temescal Wash,2,0.132075,1,1,0,111473084.148438,64706.5992226303
2153,180702030605,Main Street Wash-Temescal Wash,0,0,0,0,0,220140203.09375,110068.804863172
2154,180702030803,Hole Lake,1,0.075472,0,1,0,113661644.765625,58088.8348772654
2155,180702030705,Lower Cucamonga Creek,0,0,0,0,0,134163982.097656,82684.019012873
2156,180702030303,Lower Cajon Wash,5,0.433962,1,1,2,116110229.28125,87730.1645480889
2157,180902080502,180902080502,0,0,0,0,0,108031962.496094,77298.1938165462
2158,180902080704,Oro Grande Wash,4,0.377359,0,1,2,92329540.7617188,77331.0875645831
2159,180902070802,180902070802,0,0,0,0,0,121799218.21875,51450.4524589053
2160,180902070602,Squaw Spring,0,0,0,0,0,65379779.1367188,38822.3224668113
2161,180902030302,Cottonwood Canyon,0,0,0,0,0,234930287.015625,98085.6108510736
2162,180902010501,Hidden Valley,0,0,0,0,0,111313725.917969,66351.6752289089
2163,180902030603,Dry Bone Canyon,0,0,0,0,0,164757558.644531,70906.4093519926
2164,180902030210,Mesquite Spring-Death Valley Wash,0,0,0,0,0,143082525.277344,63529.5848586494
2165,180703040705,Mission Valley-San Diego River,5,0.528302,0,3,2,175301705.679688,77706.9223795811
2166,180703040301,Lake Hodgtes-San Dieguito River,4,0.377359,0,1,2,128612949.996094,70125.4314589308
2167,180703010201,Upper San Mateo Creek,5,0.509434,1,2,2,127076858.082031,62489.4962164785
2168,180703020406,Santa Gertudis Creek,1,0.075472,0,1,0,102893398.351562,80263.163283644
2169,180702020304,Moreno Valley,1,0.075472,0,1,0,184885235.558594,71806.3734723163
2170,180702020203,Mount Rudolph-San Jacinto River,4,0.377359,0,1,2,201195424.074219,81147.3122750498
2171,180702030403,San Timoteo Canyon-San Timoteo Wash,3,0.226415,0,1,1,180781410.292969,101427.008294242
2172,180902080702,Antelope Valley-Mojave River,1,0.075472,0,1,0,184002684.929688,64546.0427908365
2173,180902080703,Desert Knolls Wash-Mojave River,4,0.358491,1,2,1,187704495.117188,107276.757557071
2174,180902080705,Bell Mountain Wash,2,0.150943,0,2,0,138716341.445312,59022.564786874
2175,180902080303,Deadman Hills,0,0,0,0,0,182691391.855469,58661.3570622407
2176,180902071108,Iron Mountain,0,0,0,0,0,127732392.585938,77116.7006504147
2177,180902080801,Stoddard Mountain,0,0,0,0,0,69755107.0507812,49181.7039012607
2178,180902081101,Town of Johnstons Corner,0,0,0,0,0,152164507.683594,63137.4789748607
2179,180902071106,Bird Spring,0,0,0,0,0,143513984.789062,72115.8131917771
2180,180902070503,Inscription Canyon,0,0,0,0,0,215565254.59375,98928.5800540934
2181,180902071002,Fossil Canyon,0,0,0,0,0,81290698.546875,72125.3142502863
2182,180902070501,Pyramid Point,0,0,0,0,0,110945968.226562,88930.4591326674
2183,180902041001,Jail Canyon,0,0,0,0,0,81651160.1289062,49661.0045330401
2184,180902041105,Surprise Canyon,0,0,0,0,0,76213128.7109375,50426.3310838907
2185,180902041106,Happy Canyon,0,0,0,0,0,74595821.6171875,50701.8036632207
2186,180902040404,Dolomite Canyon,0,0,0,0,0,69239004.1445312,41332.1305985846
2187,180902030807,Tucki Wash,0,0,0,0,0,72975325.4335938,60750.4766726639
2188,180902030503,Titus Canyon,0,0,0,0,0,111256469.582031,61941.1907710866
2189,180902030206,Little Grapevine Creek,0,0,0,0,0,82339862.6484375,49285.5803366507
2190,180902030208,Grapevine Canyon,0,0,0,0,0,75398210.9023438,55659.7170381202
2191,180703041004,Poggi Canyon-Otay River,2,0.150943,0,0,1,157579944.992188,96331.3975714419
2192,180703040702,Forester Creek,0,0,0,0,0,103574092.527344,60015.8628566416
2193,180703040902,Sweetwater Reservoir,4,0.301887,0,2,1,186860690.316406,94232.9220331398
2194,180703040602,Upper San Vicente Creek,4,0.301887,0,2,1,173978257.644531,81225.0623918808
2195,180703040901,Loveland Reservoir-Sweetwater River,4,0.301887,0,2,1,138477045.941406,57972.1527808198
2196,180703040202,Guejito Creek,5,0.433962,1,1,2,102716839.007812,65028.4943056094
2197,180703040102,Temescal Creek,4,0.377359,0,1,2,109180770.742188,53392.1359456977
2198,180703020403,Rawson Canyon,1,0.075472,0,1,0,64642473.6796875,43221.4630025046
2199,180703020202,Lower Cahuilla Creek,1,0.075472,0,1,0,103207401.796875,56709.3492945835
2200,180702020301,Saint Johns Canyon,4,0.301887,0,2,1,154037473.078125,62896.8090527395
2201,181002010102,Headwaters San Gorgonio River,1,0.075472,0,1,0,179040188.832031,62646.1441390297
2202,180702030101,Baldwin Lake,2,0.132075,1,1,0,138136334.769531,63820.2690800221
2203,181001000403,Crystal Creek,0,0,0,0,0,140156069.285156,59306.2549271289
2204,180902081001,Goat Spring,0,0,0,0,0,73063697.6640625,63136.4419652543
2205,180902081402,Sunrise Canyon-Mojave River,0,0,0,0,0,157879227.761719,94301.949237869
2206,180902070902,Murphys Well,0,0,0,0,0,131488967.109375,56224.7209465459
2207,180902081201,Owl Canyon,0,0,0,0,0,192902261.882812,72135.9372891932
2208,180902040501,Mesquite Spring,0,0,0,0,0,158864389.285156,78069.2237470303
2209,180902070202,Town of Apollo-Goldstone Lake,0,0,0,0,0,180021517.125,78469.5420053149
2210,180902031904,Upper Wingate Wash,0,0,0,0,0,139955855.929688,79391.4849105234
2211,180902032201,Upper Warm Spring Canyon,0,0,0,0,0,100313692.113281,54084.1049107522
2212,180902032211,Death Valley Canyon,0,0,0,0,0,78813499.921875,58286.1588556337
2213,180703051103,Bell Valley-Campo Creek,3,0.226415,0,1,1,61649571.0585938,39144.5629834744
2214,181002030204,Indian Creek,0,0,0,0,0,126829886.398438,58107.7684026203
2215,181002010302,Garnet Wash,0,0,0,0,0,77672030.0742188,40056.2775359565
2216,181002010304,Chino Canyon-Whitewater River,1,0.075472,0,1,0,183679053.539062,121497.87910951
2217,181002010402,Little Morongo Creek,0,0,0,0,0,220631374.292969,103351.300840939
2218,181001001602,Water Canyon,0,0,0,0,0,133576448.246094,68910.7741339687
2219,181001000906,Ruby Mountain-Pipes Wash,0,0,0,0,0,174455030.007812,86179.1850596577
2220,180902081405,Fourmile Waterhole-Mojave River,0,0,0,0,0,114406343.535156,66160.7623922332
2221,180902031602,Drinkwater Lake,0,0,0,0,0,178351844.082031,86106.3501412541
2222,180902031005,No Name Lake,0,0,0,0,0,227057351.453125,119694.366471006
2223,180902021702,Miller Spring,0,0,0,0,0,166682594.617188,74114.4050700701
2224,181002010403,Long Canyon,0,0,0,0,0,144842745.464844,74543.8221721594
2225,181002010608,City of Indian Wells-Whitewater River,1,0.056604,1,0,0,104880824.941406,62445.5894945556
2226,181002010703,Indio Canyon,0,0,0,0,0,93640268.421875,43906.6475561032
2227,181002010704,Fargo Canyon,0,0,0,0,0,78049986.4023438,63546.2852751155
2228,181001001603,Town of Joshua Tree,0,0,0,0,0,76296978.9414062,61835.0637023502
2229,181001001701,Moonlight Mesa,0,0,0,0,0,108823043.960938,64196.4754893823
2230,181001001503,Lower Quail Wash,0,0,0,0,0,208349793.1875,94363.7018029421
2231,180902081301,Pisgah Crater,0,0,0,0,0,135827450.628906,55366.5962064155
2232,180902031001,Red Pass Lake,0,0,0,0,0,161121827.046875,66195.5846160388
2233,180902082508,Oasis of Mara-Soda Lake,1,0.113208,2,0,0,365875633.382812,223021.28981595
2234,180902031402,Dry Lake-Salt Creek,0,0,0,0,0,342796156.273438,98980.6250520467
2235,180902031703,Buckwheat Wash,0,0,0,0,0,179765357.488281,67672.6499065511
2236,180902021803,180902021803,0,0,0,0,0,69356199.890625,37895.673701082
2237,180902022001,Brown Peak-Amargosa River,0,0,0,0,0,185807674.359375,65308.2528330963
2238,181002041004,Upper Coyote Wash,0,0,0,0,0,106446294.410156,79646.8639434585
2239,181002030703,Wolfe Well-San Felipe Creek,1,0.056604,1,0,0,126352815.371094,92464.138944832
2240,181002041600,Salton Sea,1,0.113208,2,0,0,1364165280.15234,260535.888973058
2241,181002040502,Cottonwood Canyon,0,0,0,0,0,172708797.160156,73175.0959442165
2242,181002040503,Pinkham Wash,0,0,0,0,0,175892687.816406,96577.0989651452
2243,181001004408,Pinkham Spring-Pinto Wash,0,0,0,0,0,244172395.558594,107667.622617589
2244,181001002102,Fortynine Palms Canyon,0,0,0,0,0,133035380.746094,53862.4183783041
2245,181001001901,181001001901,0,0,0,0,0,143084456.109375,71565.8521673163
2246,181001001902,Cleghorn Pass,0,0,0,0,0,68325263.7890625,45212.1918365973
2247,181001001904,181001001904,0,0,0,0,0,71004935.8398438,38577.1354813534
2248,180902081801,Old Dad Mountains,0,0,0,0,0,112207353.339844,63178.5908357826
2249,180902082501,Jackass Canyon,0,0,0,0,0,134107789.769531,75270.9747792081
2250,180902021904,Tule Spring,0,0,0,0,0,208813499.832031,88424.5575679368
2251,160600150501,Headwaters Pahrump Valley,0,0,0,0,0,119613375.175781,63635.3744708509
2252,160600150503,Middle Pahrump Valley,0,0,0,0,0,111270202.882812,67969.2740951397
2253,160600150508,Lower Pahurmp Valley,0,0,0,0,0,135658088.582031,58209.8341388933
2254,181002040804,Gieselmann Lake-Alamo River,0,0,0,0,0,279367529.035156,80783.9865038374
2255,181002040805,Ramer Lake-Alamo River,2,0.132075,1,1,0,174043871.980469,71965.969930544
2256,181001004802,181001004802,0,0,0,0,0,71345925.4101562,62668.5242371816
2257,181001004801,Red Butte Wash,0,0,0,0,0,104230257.960938,48746.6480343874
2258,181001004505,Eagle Tank Spring-Pinto Wash,0,0,0,0,0,254930732.511719,122377.43924805
2259,181001004805,Lake Tamarisk,0,0,0,0,0,204496497.347656,104311.178892359
2260,181001002401,Humbug Mountain,0,0,0,0,0,144130539.570312,71185.4087031115
2261,181001004504,181001004504,0,0,0,0,0,120768724.34375,59614.7636784547
2262,181001002901,Cleghorn Lakes,0,0,0,0,0,91747578.546875,64953.3042340809
2263,181001002902,181001002902,0,0,0,0,0,167208156.144531,70527.6069138838
2264,181001003003,Town of Saltus-Bristol Lake,0,0,0,0,0,555275629.976562,208921.535748589
2265,181001003001,181001003001,0,0,0,0,0,94588435.3007812,81645.715142704
2266,181001003402,Van Winkle Spring-Clipper Wash,0,0,0,0,0,201869778.09375,166513.87221297
2267,181001002701,Brown Buttes,0,0,0,0,0,82413431.5976562,61838.6471874166
2268,181001003401,Van Winkle Wash,0,0,0,0,0,68783746.109375,61053.9999237856
2269,180902031102,Piute Valley,0,0,0,0,0,240245135.941406,87356.1710273826
2270,181002040304,181002040304,0,0,0,0,0,94650126.3710938,77641.8183047796
2271,181002040802,Ash Main Canal-Alamo River,1,0.075472,0,1,0,232032739.664062,200310.567937335
2272,181001005002,Upper Palen Lake,0,0,0,0,0,145206548.636719,69636.3704295102
2273,181001003602,West Iron Portal,0,0,0,0,0,181144270.363281,81868.0726108344
2274,181001003503,Rattlesnake Canyon,0,0,0,0,0,95420958.7421875,43281.3167037906
2275,150301020203,Mail Spring,0,0,0,0,0,181942669.371094,75324.1636704909
2276,160600151203,Crescent Peak,0,0,0,0,0,69179702.0898438,53452.7566805396
2277,181002040303,181002040303,0,0,0,0,0,221584129.382812,88979.1025163293
2278,181002040204,Village of Glamis,0,0,0,0,0,182219056.183594,80172.6957680067
2279,181002040203,Ninemile Wash,0,0,0,0,0,112746695.597656,91552.5780361752
2280,181002040202,181002040202,0,0,0,0,0,137725703.921875,84549.8829103746
2281,181002040101,181002040101,0,0,0,0,0,74341773.6015625,68022.9057009282
2282,181002040104,Tumco Wash,0,0,0,0,0,143553632.054688,68437.8966117492
2283,181002040205,181002040205,0,0,0,0,0,133533687.074219,68554.189130048
2284,150301041004,Midway Well,0,0,0,0,0,187792821.25,85786.4741990418
2285,181001005102,181001005102,0,0,0,0,0,97227231.109375,56364.8364050664
2286,181001004304,Gypsum Well,0,0,0,0,0,229328224.15625,76389.6285692274
2287,181001004201,181001004201,0,0,0,0,0,73983804.0742188,61185.1658693167
2288,181001003910,181001003910-Homer Wash,0,0,0,0,0,63609863.28125,65858.6123046756
2289,150301020201,Hightower Well,0,0,0,0,0,171731517.128906,78643.0715139646
2290,150301020207,Vontrigger Spring-Sacramento Wash,0,0,0,0,0,163962969.929688,94876.0522160584
2291,150301020112,Piute Range,0,0,0,0,0,129584635.78125,53419.9966967514
2292,150301041205,Carrizo Wash-Colorado River,0,0,0,0,0,142747035.152344,76820.5736076526
2293,150301070107,Bee Wash-Colorado River,4,0.301887,0,2,1,174039303.078125,98690.2763166571
2294,150301070103,Picacho Wash,1,0.075472,0,1,0,167181408.824219,86472.8577094573
2295,150301070105,Haughtelin Lake-Colorado River,1,0.113208,2,0,0,34669175.9179688,51406.6697028415
2296,181001004303,181001004303,0,0,0,0,0,183256494.652344,75926.7469495615
2297,150301010602,Rotten Peak-Chemehuevi Wash,0,0,0,0,0,201714729.84375,94531.2909982932
2298,150301010604,West Well-Chemehuevi Wash,1,0.113208,2,0,0,108322994.628906,71102.8143262646
2299,150301010401,Shadow Canyon,0,0,0,0,0,60819404.0976562,37642.9259742772
2300,150301010406,Monumental Pass,0,0,0,0,0,62208967.09375,73983.9047975553
2301,150301040302,Low Mesa Area,0,0,0,0,0,67451427.96875,59412.3112017974
2302,150301040108,Bennett Wash-Colorado River,1,0.056604,1,0,0,78315851.234375,46730.1647740051
2303,150301040105,Bowmans Wash-Colorado River,0,0,0,0,0,69511176.2539062,47683.2633546715
2304,150301010709,Chesapeake Wash-Colorado River,1,0.113208,2,0,0,135821386.421875,57308.168831406
2305,180101090108,South Fork Gualala River-Gualala River,5,0.622642,3,4,1,187505534.589844,165864.769852143
2306,180201040807,Powell Slough-Colusa Trough,5,0.415094,2,0,2,922573756.808594,320417.357621085
2307,180701070003,Santa Catalina Island-Frontal Pacific Ocean,2,0.150943,0,0,1,188881574.414062,151464.38674787
2308,180901030407,Carroll Creek-Owens Lake,0,0,0,0,0,1478929665.04688,299850.322708535
2309,180101070204,Honeydew Creek,4,0.301887,4,1,0,76313163.0351562,44626.5096259136
2310,180101050906,Cummings Creek-Van Duzen River,5,0.660377,5,3,1,227171219.753906,109000.278086674
2311,180101020606,Tabic Bluff-Frontal Pacific Ocean,3,0.283019,1,1,1,16066323.421875,104451.288148966
2312,180101080703,Hare Creek-Frontal Pacific Ocean,5,0.641509,2,5,1,168807667.292969,105488.291121682
2313,180101080605,Juan Creek-Frontal Pacific Ocean,5,0.490566,2,5,0,161569602.773438,120542.747580144
2314,180101070205,Middle Mattole River,4,0.301887,4,1,0,175838360.8125,66506.9883389862
2315,180101050802,Lawrence Creek,3,0.245283,3,1,0,190137190.160156,79559.0607391614
2316,180101020407,Lindsay Creek,5,0.603774,4,3,1,81464797.1445312,47234.6610466917
2317,180101020502,Little River,5,0.679245,4,4,1,203963411.433594,83204.8972767721
2318,180102090903,Crescent City Fork,2,0.188679,2,1,0,104630494.445312,49414.2057281884
2319,180101010309,Lower South Fork Smith River,5,0.509434,5,3,0,200569102.914062,90155.0144034459
2320,180101010103,Diamond Creek,2,0.169811,3,0,0,111298974.445312,50903.8478065659
2321,180101080902,Elk Creek,5,0.490566,2,5,0,119025164.964844,62713.947244157
2322,180101080304,Lower Big River,5,0.415094,2,4,0,218743669.363281,102352.582722625
2323,180101080602,Cottaneva Creek,5,0.415094,2,4,0,71804323.3984375,43777.3953911257
2324,180101060104,Rattlesnake Creek,2,0.188679,2,1,0,167763789.554688,68803.9250173098
2325,180101050501,Basin Creek-Eel River,2,0.169811,3,0,0,161429229.40625,58368.9806735571
2326,180101050406,Steelhead Creek-Eel River,3,0.245283,3,1,0,129777087.941406,50460.6184445495
2327,180101050702,Shanty Creek-Van Duzen River,3,0.226415,0,1,1,161611697.539062,68975.2447661262
2328,180101050701,West Fork Van Duzen River-Van Duzen River,1,0.075472,0,1,0,106012441.992188,61374.4388813064
2329,180101050703,Mill Creek-Van Duzen River,4,0.396226,3,1,1,114092119.21875,52712.6047049142
2330,180102111107,Sharber Creek-Trinity River,5,0.660377,5,3,1,138971555.78125,55781.500280786
2331,180102090902,Upper Blue Creek,1,0.075472,0,1,0,74577128.5351562,46332.5066042157
2332,180102090501,North Fork Dillon Creek,2,0.169811,3,0,0,153742445.765625,54549.4413789646
2333,180101010202,Upper Middle Fork Smith River,5,0.509434,5,3,0,176879169.078125,70623.3115135654
2334,180102090101,South Fork Indian Creek,3,0.226415,4,0,0,232399390.148438,80177.9057880323
2335,180101090104,Lower Wheatfield Fork Gualala River,5,0.490566,2,3,1,191036223.007812,76301.1043456833
2336,180101080404,Indian Creek,3,0.264151,2,2,0,170021214.953125,75576.0471926706
2337,180101080401,Upper Rancheria Creek,3,0.283019,1,1,1,159769081.101562,77284.9926724366
2338,180101100502,Soda Spring Creek-Dry Creek,4,0.301887,0,2,1,155411794.570312,74176.6940524871
2339,180101030401,Baechtel Creek,5,0.471698,3,2,1,99831637.2148438,53668.9969180457
2340,180101100403,Orrs Creek-Russian River,5,0.415094,2,2,1,171858070.246094,103327.64225622
2341,180101030405,Sherwood Creek-Outlet Creek,4,0.320755,3,0,1,121304492.90625,56709.3053913356
2342,180101040402,Eden Creek,1,0.056604,1,0,0,120415826.378906,56603.1953799723
2343,180101050108,Middle North Fork Eel River,1,0.056604,1,0,0,166599491.667969,71535.5785733219
2344,180101040302,Alder Creek-Mill Creek,3,0.264151,2,0,1,145927057.324219,72073.5686458809
2345,180101050102,Headwaters North Fork Eel River,4,0.358491,1,2,1,159501347.472656,62702.6841924436
2346,180101050104,Red Mountain Creek,3,0.207547,1,0,1,84974909.390625,42911.2384303593
2347,180102120402,Smoky Creek-South Fork Trinity River,5,0.509434,5,1,1,188496213.828125,72493.494890863
2348,180102120304,Corral Creek,4,0.377358,4,2,0,163300147.28125,66105.9639398265
2349,180102120401,Rattlesnake Creek,5,0.45283,4,1,1,209063047.007812,73111.3478467404
2350,180102111105,Don Juan Creek-Trinity River,5,0.509434,5,3,0,150992717.832031,56045.071799014
2351,180102111005,Quinby Creek-New River,5,0.433962,5,2,0,152081469.5,66818.5464822691
2352,180102111004,Devils Canyon,4,0.358491,5,1,0,125342304.253906,52006.6820900773
2353,180102111003,East Fork New River,3,0.226415,4,0,0,187615139.878906,64724.6039457613
2354,180102110905,Lower North Fork Trinity River,4,0.358491,5,1,0,147036611.546875,67658.6589481666
2355,180102100401,Nordheimer Creek,4,0.377358,4,2,0,142181598.246094,57713.186567004
2356,180102111002,Slide Creek,3,0.283019,5,0,0,185565561.355469,61568.9225457225
2357,180102100208,Olsen Creek-North Fork Salmon River,4,0.301887,4,1,0,115490062.175781,53753.3186228548
2358,180102090604,Titus Creek-Klamath River,5,0.566038,6,3,0,140567491.144531,72239.6217854719
2359,180102090301,Upper Elk Creek,3,0.245283,3,1,0,148605773.558594,56911.4761326836
2360,180102080603,Kelsey Creek,2,0.188679,2,1,0,82534801.1132812,39470.9119469417
2361,180102080601,Canyon Creek,4,0.396226,3,3,0,114621037.09375,47215.2154488463
2362,180102090303,Lower Elk Creek,4,0.301887,4,1,0,217968919.566406,94547.2831676353
2363,180101100902,Porter Creek-Russian River,5,0.471698,3,2,1,128559007.464844,78518.5621936702
2364,180201160101,South Fork Scotts Creek,0,0,0,0,0,74015001.6835938,51230.3296255192
2365,180201160304,Adobe Creek,4,0.358491,1,2,1,113717008.457031,77936.1655124411
2366,180101100409,Pieta Creek,5,0.415094,2,2,1,162575253.765625,84046.1879809926
2367,180101100301,Little Sulphur Creek,5,0.433962,1,3,1,135740921.808594,66708.4376129023
2368,180101030502,Soda Creek-Eel River,4,0.396226,3,1,1,182141012.765625,68804.5876636836
2369,180101030103,Rice Creek-Rice Fork,3,0.226415,0,1,1,181868147.671875,71910.3429708346
2370,180101030101,French Creek-Rice Fork,1,0.075472,0,1,0,119360820.808594,62636.5000520811
2371,180101040401,Bear Creek-Elk Creek,3,0.207547,1,0,1,189937931.335938,67393.6573057893
2372,180101030202,Trout Creek-Eel River,3,0.226415,0,1,1,121726612.097656,57153.3630902556
2373,180101030203,Cold Creek-Eel River,3,0.226415,0,1,1,246626524.140625,80190.1831246321
2374,180101040502,Silver Creek-Middle Fork Eel River,4,0.339623,2,1,1,123965529.835938,60159.326918551
2375,180201560404,Auger Creek-Thomes Creek,2,0.132075,1,1,0,90871368.9414062,43773.5997207952
2376,180102120101,East Fork South Fork Trinity River,5,0.584906,5,2,1,171112494.070312,65726.0668304128
2377,180101040202,Cutfinger Creek-Middle Fork Eel River,3,0.245283,3,1,0,151410821.546875,57230.4289578306
2378,180201520601,Wells Creek,2,0.150943,0,0,1,127423781.195312,79951.8149961516
2379,180102110601,Upper Browns Creek,4,0.320755,3,2,0,179167383.339844,68796.9617265917
2380,180102100205,Yellow Dog Creek-North Fork Salmon River,4,0.301887,4,1,0,116136168.117188,50384.3352042523
2381,180102080402,Kidder Creek,5,0.415094,2,2,1,160724191.851562,94248.5534466382
2382,180102080206,Clark Creek-Scott River,2,0.169811,3,0,0,74065776.9335938,50269.2072169442
2383,180102061005,Kohl Creek-Klamath River,2,0.169811,3,0,0,129728305.195312,62054.3932229336
2384,180500050104,Olema Creek-Lagunitas Creek,5,0.54717,3,3,1,112971354.03125,76631.5719362899
2385,180500050505,Bolinas Bay,0,0,0,0,0,2364289.31640625,18039.9274595366
2386,180500050102,Nicasio Creek,5,0.471698,3,2,1,154219556.730469,68795.5166556803
2387,180500050506,Redwood Creek-Frontal Pacific Ocean,5,0.54717,3,3,1,82980930,67747.3396396214
2388,180500050201,Arroyo Sausal,4,0.339623,2,1,1,103266606.492188,57129.3550216663
2389,180500020602,San Antonio Creek,3,0.226415,0,1,1,130329758.070312,62842.3679781143
2390,180101100701,Upper Laguna De Santa Rosa,5,0.509434,1,4,1,261775754.511719,95944.3626642106
2391,180500020606,Burdell Mountain-Frontal San Pablo Bay Estuaries,3,0.264151,2,2,0,79427035.8359375,115468.845655654
2392,180101100705,Windsor Creek,3,0.264151,2,0,1,113388239.375,57472.1063655395
2393,180101100703,Lower Santa Rosa Creek,4,0.339623,2,1,1,91383492.2460938,46211.4053663861
2394,180201160407,Hog Hollow Creek-North Fork Cache Creek,0,0,0,0,0,83876816.2148438,58260.1647024105
2395,180201620307,Crazy Creek-Putah Creek,3,0.226415,0,1,1,168965132.9375,101061.450851158
2396,180201150202,South Fork Stony Creek,3,0.226415,0,1,1,173049834.871094,57992.1879650437
2397,180201150303,Mill Creek,0,0,0,0,0,86099388.8515625,39484.6396101172
2398,180201520605,Lower Dry Creek,2,0.132075,1,1,0,123266603.382812,79660.0495028807
2399,180201550201,Upper Reeds Creek,0,0,0,0,0,180038897.214844,80696.7370482745
2400,180201520301,Upper North Fork Cottonwood Creek,1,0.056604,1,0,0,223250829.167969,74266.2147074905
2401,180102110502,Buckeye Creek-Trinity River,3,0.226415,0,1,1,114208961.378906,60575.3205232298
2402,180102110204,Bear Creek-Trinity River,2,0.150943,0,2,0,158730215.238281,63274.6483392317
2403,180102080202,McConaughy Gulch,0,0,0,0,0,96076786.140625,43526.8324175097
2404,180102060803,Empire Creek-Klamath River,3,0.245283,3,1,0,153321772.730469,60897.2378910572
2405,180500060102,Butano Creek,4,0.320755,3,2,0,87512894.8320312,60448.3062564964
2406,180500020905,Lobos Creek-Frontal San Francisco Bay Estuaries,3,0.283019,1,1,1,40609708.09375,51691.0815505814
2407,180500040805,Sausal Creek-Frontal San Francisco Bay Estuaries,5,0.471698,3,2,1,191224350.367188,131420.225606828
2408,180500020502,Schell Creek-Frontal San Pablo Bay Estuaries,3,0.283019,1,1,1,116560246.117188,70972.7912793837
2409,180500020102,Lake Hennessey-Conn Creek,2,0.150943,0,2,0,84981833.453125,70631.746604098
2410,180201620102,Lower Eticuera Creek,3,0.226415,0,1,1,187814445.722656,78104.954659259
2411,180201160604,Rocky Creek-Cache Creek,4,0.377359,0,1,2,220323204.816406,91876.9156195064
2412,180201040701,Upper Freshwater Creek,0,0,0,0,0,133262492.707031,68598.7604211546
2413,180201040604,Stone Corral Creek,2,0.150943,0,0,1,139399884.421875,110589.889439867
2414,180201150601,Black Butte Lake-Stony Creek,0,0,0,0,0,194258286.636719,107575.423824459
2415,180201560602,Coyote Creek,2,0.169811,3,0,0,113018716.605469,60229.2959348848
2416,180200050406,Sugarloaf Creek-Sacramento River,2,0.150943,0,0,1,226007954.25,116543.825323504
2417,180200050203,Castle Creek,3,0.226415,0,3,0,164401291.660156,65255.3915243272
2418,180102070103,Garrick Creek,0,0,0,0,0,98759124.9414062,62106.9100618664
2419,180200050103,Cascade Gulch-Mount Shasta,1,0.075472,0,1,0,132109283.46875,56121.0474883682
2420,180500030407,Adobe Creek-Frontal San Francisco Bay Estuaries,5,0.509434,1,4,1,122887510.988281,61826.5933668877
2421,180500030306,San Jose International Airport-Frontal San Francisco Bay Estuaries,2,0.150943,0,0,1,73681317.9648438,47494.413465383
2422,180500040801,Crow Creek,3,0.283019,1,1,1,73005505.0195312,48434.0258799193
2423,180500010102,Lake Curry-Suisun Creek,0,0,0,0,0,69220812.609375,38033.1736519586
2424,180201630603,Barker Slough,2,0.132075,1,1,0,73935290.4570312,60060.8742167113
2425,180201620403,Wragg Canyon-Putah Creek,1,0.075472,0,1,0,144918524.960938,65588.4815345667
2426,180201630102,Lamb Valley Slough-South Fork Willow Slough,0,0,0,0,0,128469730.109375,83068.5767304985
2427,180201630203,South Fork Ditch-Willow Slough,2,0.150943,0,0,1,203755644.324219,125424.740774392
2428,180201041003,Clarks Ditch-Colusa Basin Drainage Canal,3,0.226415,0,1,1,251568230.328125,95288.7473521119
2429,180201560104,Upper Antelope Creek,4,0.396226,3,1,1,174624950.90625,108206.957266028
2430,180200031006,Kosk Creek,3,0.245283,3,1,0,283970836.160156,93781.7480607986
2431,180102050102,Upper Butte Creek,1,0.075472,0,1,0,269498280.195312,100150.160443817
2432,180102050105,Lower Butte Creek,2,0.150943,0,0,1,240597343.257812,88562.7247303347
2433,180102050306,Meiss Lake,2,0.150943,0,0,1,383886666.046875,117468.574654549
2434,180102050301,Modac Gulch-Butte Valley,0,0,0,0,0,97300428.359375,57479.7792026058
2435,180102050204,Russell Lake,0,0,0,0,0,125812031.859375,58342.8431060993
2436,180102041404,Lake Miller,0,0,0,0,0,188747061.183594,99580.2198771439
2437,180600020802,Corralitos Creek,4,0.358491,1,2,1,113123907.863281,68973.3506529699
2438,180600020402,Lower Uvas Creek,5,0.433962,1,3,1,163223383.789062,82411.9265135461
2439,180500040103,Arroyo Hondo,5,0.433962,1,3,1,155392065.785156,79649.1155147861
2440,180500040601,San Antonio Creek,4,0.358491,1,2,1,163457241.347656,72270.3789421401
2441,180201041102,McGriff Lakes-Sutter Basin,5,0.433962,5,0,1,506247377.71875,131760.982207698
2442,180201590105,Wyman Ravine,2,0.150943,0,0,1,164889008.148438,88133.0263768365
2443,180201580403,Little Dry Creek,4,0.358491,1,0,2,154517277.992188,153549.141203451
2444,180201570601,Sycamore Creek,1,0.075472,0,1,0,99169520.4726562,44321.393510712
2445,180201580103,West Branch Butte Creek,0,0,0,0,0,76167603.2539062,51641.7687604758
2446,180201510102,Upper Old Cow Creek,4,0.320755,3,2,0,155330147.390625,90454.9709113384
2447,180200030904,Haynes Flat-Burney Creek,0,0,0,0,0,132425986.246094,59285.9119790393
2448,180200030403,Bear Lake,1,0.075472,0,1,0,120845185.941406,60503.513377119
2449,180200030405,Lower Bear Creek,1,0.113208,2,0,0,85428669.5976562,60406.0715960643
2450,180200030507,Fall River,4,0.320755,3,0,1,255385492.117188,116198.69179338
2451,180102041406,Sheepy Creek-Lower Klamath Lake,3,0.226415,0,1,1,168214645.101562,61523.6466849471
2452,180600060307,Salmon Creek-Frontal Pacific Ocean,3,0.207547,1,0,1,112450708.179688,76867.250234013
2453,180600050602,Los Burros Creek,3,0.226415,0,1,1,113236628.34375,52516.2636128878
2454,180600051305,Calaboose Creek-Piney Creek,1,0.056604,1,0,0,63389059.5078125,41311.9246402651
2455,180600020505,Willow Creek,2,0.150943,0,2,0,116867277.453125,56016.0298624811
2456,180500040401,Beauregard Creek,2,0.150943,0,0,1,70354853.5976562,50503.8938944358
2457,180400030601,Upper Old River,3,0.264151,2,2,0,344883817.84375,124146.135840681
2458,180400030204,Oakwood Lake-San Joaquin River,5,0.528302,4,2,1,103432929.691406,68189.8144425799
2459,180400121001,Sacramento Drainage Canal,2,0.150943,0,0,1,93183657.703125,47098.888292344
2460,180201110303,Lower Steelhead Creek,4,0.320755,3,0,1,97071857.2578125,66688.0934588712
2461,180201110105,Gibson Lake-Dry Creek,1,0.056604,1,0,0,103850883.964844,71646.5682736768
2462,180201110302,Arcade Creek,0,0,0,0,0,166562866.039062,85515.2102067833
2463,180201610101,Orchard Creek,1,0.056604,1,0,0,96795668.4609375,46322.9242491842
2464,180201590103,Tennessee Creek-South Honcut Creek,1,0.075472,0,1,0,210472367.683594,92818.2209627959
2465,180201210803,Chino Creek-North Fork Feather River,4,0.301887,0,2,1,188651685.710938,82557.3148091856
2466,180201230707,East Fork Canyon Creek-Feather River,1,0.075472,0,1,0,113190968.234375,77790.5075781123
2467,180201230606,Oregon Gulch-South Fork Feather River,0,0,0,0,0,132039594.714844,58258.6646735195
2468,180201250901,Upper Dry Creek,3,0.226415,0,1,1,114161568.125,61846.6816129969
2469,180201230605,Sucker Run,2,0.150943,0,0,1,84019985.6640625,49542.2852149706
2470,180201230704,Fall River,3,0.226415,0,3,0,149619698.003906,89458.4212492436
2471,180201210703,Concow Creek,1,0.075472,0,1,0,104607635.429688,59341.1574154597
2472,180201210704,Little West Fork West Branch Feather River-West Branch Feather River,1,0.075472,0,1,0,201855875.117188,105255.540366948
2473,180201210702,Big Kimshew Creek,1,0.075472,0,1,0,119340246.953125,60137.8409931187
2474,180201210601,Chips Creek,1,0.056604,1,0,0,78468458.1914062,43701.5198785349
2475,180200030706,Box Canyon-Hat Creek,0,0,0,0,0,255107873.011719,108880.865743077
2476,180200030203,Lower Beaver Creek,0,0,0,0,0,127550275.75,76387.6310647942
2477,180200030202,Middle Beaver Creek,0,0,0,0,0,87597438.7226562,63775.3817542383
2478,180200030503,Frazier Creek,0,0,0,0,0,144715180.320312,59688.588744911
2479,180200021302,Border Mountain,0,0,0,0,0,327095280.921875,91120.7033218619
2480,180200021307,Egg Lake,0,0,0,0,0,152316165.5,73091.3123812307
2481,180200021301,Town of Kephart,0,0,0,0,0,241470168.941406,104987.115190343
2482,180200021303,Crystal Waterhole,0,0,0,0,0,274800711.011719,90401.9955879542
2483,180102041109,Copic Bay,1,0.113208,2,0,0,156253897.742188,72159.2475204469
2484,180600050705,Jolon Creek,2,0.150943,0,2,0,121602133.675781,61623.7265029965
2485,180600020604,Los Muertos Creek,0,0,0,0,0,119460550.878906,64159.7740693656
2486,180600020602,Upper Tres Pinos Creek,4,0.377358,0,3,1,146344015.164062,73752.8824551297
2487,180400140203,Panoche Valley-Panoche Creek,1,0.075472,0,1,0,82507124.2421875,65259.2455406254
2488,180400010403,Upper Little Panoche Creek,1,0.075472,0,1,0,181423603.9375,85652.556780399
2489,180400010602,North Fork Los Banos Creek,4,0.301887,0,2,1,67384199.0703125,41279.230764274
2490,180400011204,Romero Creek,1,0.075472,0,1,0,91717287.203125,64445.625780904
2491,180400011303,Salt Creek,1,0.075472,0,1,0,66631149.4296875,43792.9948013493
2492,180400012104,Bennett Valley-San Joaquin River,5,0.471698,3,2,1,175532615.734375,74957.0310989455
2493,180400510402,Lower Duck Creek,2,0.150943,0,0,1,114773985.375,78527.0130780894
2494,180400120901,Coyote Creek,4,0.358491,1,2,1,124509683.261719,63383.6200422169
2495,180400130702,Upper Laguna,2,0.150943,0,2,0,91664326.0859375,72122.9164140543
2496,180400130501,Carson Creek,2,0.150943,0,0,1,137918760.925781,79819.9705595572
2497,180201290703,Folsom Reservoir-South Fork American River,1,0.075472,0,1,0,205530363.445312,86158.8304395302
2498,180201280604,Folsom Reservoir-North Fork American River,3,0.226415,0,1,1,198164935.34375,110086.205970449
2499,180400130502,Upper Deer Creek,3,0.226415,0,1,1,220171638.640625,99178.392667113
2500,180201290602,Dry Creek,3,0.226415,0,1,1,106072204.882812,65348.2370567404
2501,180201280504,Todd Creek-Middle Fork American River,3,0.226415,0,1,1,128159324.320312,77116.4286023846
2502,180201280603,Clipper Creek-North Fork American River,3,0.226415,0,1,1,181155979.953125,97761.3357329253
2503,180201260201,South Wolf Creek,2,0.150943,0,0,1,143183153.660156,74490.3269810306
2504,180201250302,Cherokee Creek-North Yuba River,1,0.075472,0,1,0,187871024.515625,66686.1565546744
2505,180201220801,Meadow Valley Creek,3,0.226415,0,3,0,78587989.4765625,46002.3974340193
2506,180201210402,Bailey Creek,1,0.075472,0,1,0,153335197.59375,85465.6550328143
2507,180201210407,Clear Creek-North Fork Feather River,0,0,0,0,0,127886613.304688,60712.1664343741
2508,180201210204,Mountain Meadows Reservoir,0,0,0,0,0,175662617.710938,70296.5566018523
2509,180201220502,Lower Wolf Creek,0,0,0,0,0,178513761.582031,68058.7131478664
2510,180200021902,Bull Run Slough-Pit River,0,0,0,0,0,367442683.136719,112606.694348519
2511,180200021803,Deer Spring-Juniper Creek,0,0,0,0,0,84245333.4257812,69174.5405602129
2512,180200021204,Stone Coal Creek-Pit River,1,0.113208,2,0,0,209556320.839844,74411.8491317773
2513,180102040305,Mud Lake-Frontal Clear Lake,2,0.169811,3,0,0,219738264.535156,132163.224205824
2514,180102040306,Clear Lake,2,0.169811,3,0,0,214442085.929688,121654.714156629
2515,180102040404,Cape Horne-Lost River,2,0.169811,3,0,0,108120489.800781,79541.2670836392
2516,180102040304,Double Head Lake-Frontal Clear Lake,1,0.113208,2,0,0,238137255.390625,113072.013169928
2517,180102040108,Pothole Valley,1,0.113208,2,0,0,103782773.6875,49095.6180102098
2518,180600090203,Canada Tortuga-Frontal Pacific Ocean,5,0.490566,2,1,2,73872371.4882812,46698.4864835854
2519,180600050403,Graves Creek-Salinas River,3,0.207547,1,2,0,94934274.8164062,57108.5279556605
2520,180600050406,San Marcos Creek,1,0.075472,0,1,0,108660894.152344,66559.8398126901
2521,180600040410,Town of Estrella-Estrella River,1,0.056604,1,0,0,81619230.2539062,81150.7917492023
2522,180600050306,Dry Creek,0,0,0,0,0,90803485.7929688,72385.256215524
2523,180600051001,Headwaters San Lorenzo Creek ,1,0.075472,0,1,0,124343409.054688,67487.8847241572
2524,180600050501,Sheehee Spring,0,0,0,0,0,66224641.1523438,48749.6415322594
2525,180600050903,Middle Lewis Creek,2,0.150943,0,2,0,92147428.6132812,47325.1448979072
2526,180300120601,Headwaters Los Gatos Creek,0,0,0,0,0,113796384.574219,55337.7235483377
2527,180300091001,180300091001-Fresno Slough,4,0.377359,0,1,2,239163820.851562,119221.325394647
2528,180400011306,Upper Ruth Lake-Mud Slough,4,0.377359,0,1,2,158847979.203125,113407.285537951
2529,180400510101,Salt Spring Valley Reservoir,0,0,0,0,0,82969244.0117188,51225.4398740737
2530,180400110107,South Fork Calaveras River,0,0,0,0,0,59692431.34375,54006.3578657852
2531,180400130601,Big Indian Creek,3,0.226415,0,1,1,94862388.796875,69789.6572878468
2532,180201290402,Bear Creek,4,0.377358,0,3,1,101775327.925781,47064.4577027946
2533,180201280502,Canyon Creek,1,0.075472,0,1,0,67353643.03125,51525.7636431614
2534,180201280207,Pilot Creek,1,0.075472,0,1,0,129998211.839844,87403.4143235899
2535,180201250702,Humbug Creek-South Yuba River,4,0.301887,0,2,1,205481037.457031,80462.4615496073
2536,180201280105,North Fork of North Fork American River,3,0.226415,0,1,1,157418970.597656,77945.926415692
2537,180201250301,Goodyears Creek-North Yuba River,3,0.226415,0,1,1,128839087.046875,64187.845508643
2538,180201250504,Kanaka Creek,1,0.075472,0,1,0,78133185.1328125,54009.7362817867
2539,180201250203,Jim Crow Creek-North Yuba River,4,0.301887,0,2,1,234657572.625,74782.5880156989
2540,180201220103,Lower Red Clover Creek,1,0.056604,1,0,0,258181759.703125,96624.7502287058
2541,180800030306,Brockman Flat Lava Beds-Frontal Eagle Lake,1,0.113208,2,0,0,118082053.644531,64263.728565739
2542,180800030302,Houseman Camp Reservoir-Frontal Eagle Lake,1,0.113208,2,0,0,77131563.8164062,46078.8519280835
2543,180200020303,Stones Canyon,0,0,0,0,0,197930044.351562,78738.2312419286
2544,180102040203,Rock Creek,1,0.056604,1,0,0,106751162.835938,50440.269313683
2545,180102040105,Lower Fletcher Creek,1,0.113208,2,0,0,285087832.683594,100394.741928734
2546,180600130104,Canada De Santa Anita-Frontal Santa Barbara Channel,5,0.566038,2,2,2,163952278.308594,84864.5760254815
2547,180600060601,Lopez Canyon,5,0.509434,1,2,2,124718433.15625,62944.7961638584
2548,180600060603,Tar Spring Creek,3,0.283019,1,1,1,71205005.96875,46632.8903689756
2549,180600070504,Huasna Creek,0,0,0,0,0,56680901.2109375,44460.859827041
2550,180600050303,180600050303,3,0.226415,0,1,1,69482586.015625,54484.8995165216
2551,180600040303,Gillis Canyon-San Juan Creek,0,0,0,0,0,129331368.296875,65307.5096180991
2552,180600050102,Big Spring-Salinas River,3,0.226415,0,1,1,196073456.355469,75626.9260353668
2553,180600040407,Keyes Canyon-Estrella River,1,0.075472,0,1,0,137404849.167969,97523.1252687238
2554,180300120501,Upper Zapato Chino Creek,0,0,0,0,0,71194562.125,41080.8123677905
2555,180300120605,Oil Creek,0,0,0,0,0,161784561.652344,74020.4856484019
2556,180300090602,Lake Los Nietos,0,0,0,0,0,185841713.21875,69283.9825315698
2557,180300090606,180300090607,0,0,0,0,0,154673059.355469,73105.2424880064
2558,180400091205,Hatch Creek-Tuolumne River,2,0.132075,1,1,0,163044459.613281,84363.5688433209
2559,180400091102,Sullivan Creek,3,0.207547,1,0,1,161907480.285156,98722.2031101105
2560,180400110201,Esperanza Creek,0,0,0,0,0,70189498.6054688,55950.4441650056
2561,180400100306,Lower North Fork Stanislaus River,2,0.150943,0,2,0,176900039,82556.3977252319
2562,180400100305,Griswold Creek,1,0.075472,0,1,0,217254003.992188,84741.9266992726
2563,180400120402,Blue Creek,1,0.075472,0,1,0,122507811.660156,70159.9700135928
2564,180201290202,Jones Fork Silver Creek,3,0.207547,1,2,0,130119407.769531,74001.3687864815
2565,180201280101,Wabena Creek-North Fork American River,3,0.207547,1,2,0,233801632.898438,76315.5310370815
2566,180201220102,Upper Red Clover Creek,1,0.056604,1,0,0,141417480.027344,55533.6744866106
2567,180201220201,Ferris Creek-Last Chance Creek,2,0.150943,0,2,0,158166799.523438,69969.8732131001
2568,180800030803,Otis Spring-Frontal Honey Lake,0,0,0,0,0,106024523.300781,58077.5068701641
2569,180800030604,Hagata Canyon,0,0,0,0,0,62710869.7773438,49076.8351477073
2570,180800030502,Middle Secret Creek,0,0,0,0,0,201313319.945312,76439.5818770909
2571,180200020301,Dry Creek,0,0,0,0,0,165247584.445312,72089.5993517529
2572,180200020602,Joseph Creek,0,0,0,0,0,88791449.4101562,50725.6631179649
2573,180200020503,Lower Parker Creek,0,0,0,0,0,159564334.585938,81823.7707433284
2574,180200010306,Ross Creek-Frontal Goose Lake,3,0.226415,4,0,0,75444689.078125,54956.3251403665
2575,180200010307,Davis Creek-Frontal Goose Lake,3,0.226415,4,0,0,284740129.8125,86720.5391572795
2576,180200010304,Willow Creek,3,0.226415,4,0,0,173604825.105469,71996.6776210981
2577,180600140102,Santa Rosa Island-Frontal Santa Barbara Channel,0,0,0,0,0,202109827.132812,103158.956025966
2578,180600100508,Alisal Creek-Santa Ynez River,3,0.283019,1,1,1,154510444.386719,94006.1582986527
2579,180600100504,Zanja de Cota Creek,2,0.132075,1,1,0,68971141.4726562,42286.5333609112
2580,180600100506,Alamo Pintado Creek,4,0.358491,1,2,1,156331572.402344,85209.1112192658
2581,180300121501,Media Agua Creek,0,0,0,0,0,156545244.0625,72653.6239150473
2582,180300122302,Arroyo Torcido,0,0,0,0,0,85160345.375,55907.9036821321
2583,180300122303,180300122303-Frontal Tulare Lake Bed,2,0.150943,0,0,1,160593761.492188,91464.337942667
2584,180300090506,Fanning Ditch-Fish Slough,3,0.226415,0,1,1,251777968.765625,132445.430870499
2585,180400011503,Ganns Creek-Mariposa Creek,0,0,0,0,0,193802650.144531,86288.7360169948
2586,180400080603,Solomon Gulch-Merced River,1,0.075472,0,1,0,179201007.550781,69193.6224209266
2587,180400080601,Sherlock Creek,3,0.226415,0,1,1,78323829.8867188,44054.4213619007
2588,180400090702,Lower South Fork Tuolumne River,3,0.226415,0,1,1,129658284.234375,66522.428688093
2589,180400091004,Grapevine Creek-Tuolumne River,1,0.075472,0,1,0,154851736.734375,85961.9513014299
2590,180400090804,Lower Clavey River,1,0.075472,0,1,0,116276618.148438,60158.7696325107
2591,160501020202,Squaw Creek-Truckee River,2,0.132075,1,1,0,211094702.820312,92074.5967873441
2592,180201230306,Town of Loyalton,0,0,0,0,0,82066066.7265625,51072.2544664611
2593,180800031301,Rhodes Creek,0,0,0,0,0,106806485.652344,50158.9948211862
2594,180800031303,Chimney Canyon-Long Valley Creek,0,0,0,0,0,220096328.421875,88910.9729860285
2595,180800031408,Calneva Lake,0,0,0,0,0,163204018.363281,68862.5333108997
2596,160402030905,Middle Smoke Creek,0,0,0,0,0,41897989.9335938,29610.0598036635
2597,180200020101,East Creek,0,0,0,0,0,211712342.496094,78225.2897728239
2598,180800010303,Bare Creek,0,0,0,0,0,206722632.1875,78672.8651054817
2599,180800010207,Cedar Creek-Frontal Middle Alkali Lake,3,0.226415,0,1,1,248813842.40625,77512.7199963111
2600,180800010105,First Creek-Frontal Upper Alkali Lake,0,0,0,0,0,144997754.214844,60467.4321030147
2601,171200070107,Lower Twelvemile Creek,0,0,0,0,0,659537.91015625,3891.43468877604
2602,180701070001,San Nicolas Island,0,0,0,0,0,82698475.8710938,71770.0408172507
2603,180600100303,Upper Santa Cruz Creek,5,0.45283,0,2,2,82061046.515625,43593.3528688107
2604,180600070303,Red Rock Canyon,0,0,0,0,0,61267802.1171875,43663.9228816822
2605,180600070209,Bitter Creek-Cuyama River,0,0,0,0,0,130413140.648438,60387.5660068772
2606,180300121206,Chico Martinez Creek,0,0,0,0,0,68497983.4960938,62570.3271972283
2607,180300121604,Kern River Flood Canal-Kern River Channel,3,0.226415,0,1,1,129309666.179688,151623.272837701
2608,180300121102,Frazer Spring,0,0,0,0,0,103268862.144531,75862.913530851
2609,180300121104,Browns Canyon,0,0,0,0,0,115416070.839844,73135.348626765
2610,180300121405,180300121405,0,0,0,0,0,166826294.5625,88589.836253367
2611,180300122004,Jacobs Slough,0,0,0,0,0,162392632.789062,118922.492825533
2612,180300090701,Gates Lake,1,0.075472,0,1,0,356502269.082031,121164.291507901
2613,180300090206,Kennedy Pond,0,0,0,0,0,268112864.339844,100929.986956685
2614,180400010102,Lower Little Dry Creek,4,0.301887,0,2,1,118624626.550781,61737.6338472215
2615,180400061303,Millerton Lake-San Joaquin River,4,0.301887,0,2,1,215004230.355469,101872.150495084
2616,180400080307,Moss Creek-Merced River,1,0.075472,0,1,0,86486302.0351562,53562.9040980678
2617,180400090405,Lower Cherry Creek,1,0.056604,1,0,0,158809916.671875,69106.8442788563
2618,180400100202,Kennedy Creek,0,0,0,0,0,87543391.1914062,45732.0953534442
2619,160502010103,Wolf Creek,2,0.132075,1,1,0,126088789.316406,59170.7832816775
2620,180701010202,Los Sauces Creek-Frontal Pacific Ocean,1,0.113208,2,0,0,84652062.9804688,65845.6401639643
2621,180600100202,Juncal Canyon-Santa Ynez River,5,0.603774,0,4,2,109130353.503906,51917.1298307363
2622,180600070202,Santa Barbara Canyon,2,0.150943,0,0,1,199815931.980469,85808.2329313222
2623,180600070104,Rancho Nuevo Creek,4,0.377359,0,1,2,150450170.363281,63871.6978790878
2624,180300031401,Santiago Creek,0,0,0,0,0,134447833.542969,72985.199474178
2625,180600070108,Quatal Canyon,0,0,0,0,0,162431171.546875,80443.9202007643
2626,180300031405,Sandy Creek,0,0,0,0,0,133982726.199219,62594.0876818603
2627,180300040401,180300040401,0,0,0,0,0,189651782.53125,87659.9321136625
2628,180300040403,180300040403,0,0,0,0,0,160843500.542969,119266.730106579
2629,180300071206,East Branch Cross Creek-Cross Creek,0,0,0,0,0,177786299.261719,100426.45759539
2630,180300090201,Benight Pond,0,0,0,0,0,132956683.730469,96303.4510230339
2631,180400061103,South Fork Willow Creek-Willow Creek,3,0.226415,0,1,1,198556751.390625,105608.356683546
2632,180400080301,Yosemite Creek,2,0.150943,0,2,0,176417823.046875,79872.4196053297
2633,180400080105,Snow Creek,2,0.150943,0,2,0,67906294.75,43923.7821077773
2634,180400080103,Echo Creek,1,0.075472,0,1,0,84529788.4257812,45434.2485017085
2635,160503010106,Upper Swauger Creek,0,0,0,0,0,79543583.5390625,41593.2612581724
2636,160503010108,Robinson Creek,2,0.150943,0,2,0,202385932.835938,104115.648467149
2637,160503020205,Slinkard Creek,1,0.056604,1,0,0,128263132.742188,60765.7458003003
2638,160503020401,Holbrook Junction,0,0,0,0,0,306493.7421875,3090.3919082764
2639,160503020207,Long Dry Canyon-West Walker River,0,0,0,0,0,24992716.4804688,44278.8273395002
2640,180701030106,Beardsley Wash,2,0.150943,0,0,1,105384730.589844,56122.6207422283
2641,180701010103,San Antonio Creek,5,0.433962,1,1,2,195353991.914062,74880.8419109628
2642,180701020903,Adams Canyon-Santa Clara River,5,0.773585,3,2,3,218169865.660156,70224.4815956194
2643,180701020705,West Fork Sespe Creek-Sespe Creek,3,0.283019,1,1,1,239344431,95545.2967749138
2644,180300031102,Salt Creek,0,0,0,0,0,116019651.179688,68625.1707938673
2645,180300031202,Pleitito Creek-Frontal Kern Lake Bed,0,0,0,0,0,169564813.84375,74680.1412085739
2646,180300120803,Town of Minter Village,0,0,0,0,0,238129726.792969,90827.1550878574
2647,180300060803,Upper Elk Bayou,2,0.150943,0,0,1,245585141.707031,116508.403248845
2648,180300060602,Foothill Ditch,0,0,0,0,0,65383748.7773438,53304.3834111238
2649,180300070603,Lower Dry Creek,1,0.075472,0,1,0,150977321.597656,76684.3066899915
2650,180300120101,Upper Mill Creek,1,0.075472,0,1,0,117936497.660156,65055.6280738243
2651,180300100801,Upper Big Creek,3,0.226415,0,1,1,130500621.527344,61534.1878139137
2652,180300100602,Helms Creek,3,0.226415,0,3,0,183532563.921875,73337.1042871873
2653,180400060206,Camp Sixty One Creek-South Fork San Joaquin River,3,0.207547,1,2,0,199059877.875,82937.3825511461
2654,180400060502,Lower Granite Creek,0,0,0,0,0,77493928.0117188,45925.7293145618
2655,180400060403,North Fork San Joaquin River,2,0.132075,1,1,0,236091033.882812,83767.3201004635
2656,180901010405,Rancheria Gulch-Frontal Mono Lake,0,0,0,0,0,113066331.296875,80322.6073038556
2657,160503010102,Clearwater Creek,0,0,0,0,0,139270820.996094,67050.6825399451
2658,180701040101,Potrero Valley Creek,2,0.150943,0,0,1,128426388.992188,72069.3459416443
2659,180701040104,Cold Creek-Malibu Creek,5,0.773585,3,2,3,101359636.382812,71908.0788587805
2660,180701020602,Fish Creek-Piru Creek,5,0.509434,1,2,2,154366584.777344,59128.8637096326
2661,180300031103,Tecuya Creek,0,0,0,0,0,105799170.789062,89802.1100062395
2662,180701020509,Liebre Gulch-Piru Creek,0,0,0,0,0,84852214.6796875,51139.2031553678
2663,180300030603,Comanche Creek,0,0,0,0,0,130253267.507812,64541.4072801288
2664,180300040302,Sycamore Canyon-Poso Creek,0,0,0,0,0,72344488.2382812,55167.5441279873
2665,180300030108,Cottonwood Creek,2,0.150943,0,0,1,198549608.441406,84311.0653968385
2666,180300050501,Tyler Gulch-White River,0,0,0,0,0,96249504.2539062,61597.1182384532
2667,180300050301,Willow Spring Creek,1,0.075472,0,1,0,87463894.8789062,68347.7197924107
2668,180300040104,Bear Hollow Creek-Poso Creek,2,0.150943,0,0,1,138815383.773438,71313.6102457635
2669,180300040201,Little Poso Creek,0,0,0,0,0,106405081.066406,57417.140921254
2670,180300040103,Lower Cedar Creek,2,0.150943,0,0,1,83222799.1289062,48853.9436945684
2671,180300060701,Campbell Creek-Tule River,1,0.075472,0,1,0,156780325.550781,73230.600565951
2672,180300070305,Lower North Fork Kaweah River,1,0.075472,0,1,0,120189647.636719,53464.6987148886
2673,180300060501,Upper Lewis Creek,0,0,0,0,0,69107001.015625,48351.1392030653
2674,180300060401,Upper Yokohl Creek,3,0.226415,0,1,1,132056660.691406,61024.6192172663
2675,180300070502,Middle South Fork Kaweah River,2,0.150943,0,2,0,144331865.875,58453.1973662493
2676,180300070202,Upper East Fork Kaweah River,1,0.075472,0,1,0,152096992.59375,60895.0271202889
2677,180300100603,Post Corral Creek-North Fork Kings River,1,0.075472,0,1,0,187206081.9375,69705.7735217388
2678,180300100304,Goddard Creek,0,0,0,0,0,162326447.355469,62876.2548678521
2679,180400060204,Florence Lake-South Fork San Joaquin River,3,0.226415,0,3,0,209255181.867188,80399.2327734154
2680,180901020301,Upper Rock Creek,3,0.264151,2,2,0,148166692.601562,72761.3491129221
2681,180400060202,Piute Creek,3,0.283019,1,3,0,226439262.347656,77722.6838913095
2682,180901020302,Pine Creek,5,0.471698,3,4,0,164247454.820312,83715.3190464913
2683,180901010604,McGee Creek,1,0.075472,0,1,0,73977314.796875,54169.8471606637
2684,180901010201,Deep Wells,0,0,0,0,0,117278970.707031,48309.1009691072
2685,180701050208,Tujunga Wash-Los Angeles River,3,0.226415,0,1,1,592511391.792969,198804.299234883
2686,180701020306,Lower Castaic Creek,5,0.54717,3,1,2,180961644.699219,93015.51539848
2687,180902061304,Spencer Canyon,0,0,0,0,0,67007750.4179688,37802.5357752857
2688,180902061702,180902061702,0,0,0,0,0,78336428.4648438,52484.622668571
2689,180902060102,Proctor Lake,0,0,0,0,0,86347816.6484375,54563.0813546185
2690,180300030303,Middle Walker Basin Creek,1,0.075472,0,1,0,113586237.257812,54210.2299199785
2691,180300030101,Erskine Creek,2,0.150943,0,0,1,142555170.808594,75967.8526847347
2692,180300010603,Bull Run Creek,1,0.075472,0,1,0,130194906.339844,61416.536603522
2693,180300010604,Corral Creek-Kern River,0,0,0,0,0,221786076.761719,77474.404898015
2694,180300010602,Cannell Creek,2,0.150943,0,0,1,66105749.4648438,46141.3625048563
2695,180300010505,Tobias Creek,1,0.075472,0,1,0,82815264.921875,43011.4183869535
2696,180300070101,Cliff Creek,1,0.075472,0,1,0,71355714.9414062,40942.7753433915
2697,180300100102,Upper Roaring River,1,0.075472,0,1,0,129602193.1875,55595.2151588994
2698,180300100202,South Fork Woods Creek,1,0.075472,0,1,0,85454260.2070312,46070.5146685985
2699,180300100203,Woods Creek,1,0.075472,0,1,0,137504632.691406,68585.9292417149
2700,180901020401,Owens River Gorge-Owens River,2,0.188679,2,1,0,156438118.742188,91960.4607165724
2701,180901020710,Rawson Creek-Owens River,2,0.188679,2,1,0,602618413.21875,155873.231892232
2702,180901020504,Upper Chidago Canyon,0,0,0,0,0,208693396.785156,79391.5572129862
2703,180901020104,Montgomery Creek-Spring Canyon Creek,0,0,0,0,0,248169620.121094,87433.6359954114
2704,180901020103,Truman Canyon,0,0,0,0,0,103095952.257812,49924.4458888618
2705,180701050209,Arroyo Seco,4,0.377358,0,3,1,173165364.179688,88975.1756259265
2706,180701050401,Chavez Ravine-Los Angeles River,4,0.301887,0,2,1,232917827.277344,75306.5488219264
2707,180701050301,Eaton Wash,4,0.377358,0,3,1,89968245.0507812,57787.0752690102
2708,180701060202,Upper West Fork San Gabriel River,5,0.584906,1,3,2,83751811.8632812,50232.7237253651
2709,180902061403,Anaverde Creek,0,0,0,0,0,88397544.0429688,57871.984677236
2710,180902061406,Upper Amargosa Creek,0,0,0,0,0,184487785.902344,72515.9118482805
2711,180902060103,Sand Creek,0,0,0,0,0,65775573.9882812,39665.7062934142
2712,180902060104,Oil Canyon-Cache Creek,0,0,0,0,0,73491222.9375,42566.508037734
2713,180902062001,Joshua Middle School,0,0,0,0,0,135015261.464844,52714.8197814499
2714,180902062004,Town of Mojave,0,0,0,0,0,119114849.695312,115267.279630371
2715,180902060501,North Fork Pine Tree Canyon-Pine Tree Canyon,0,0,0,0,0,142431554.226562,76001.9912152611
2716,180300030403,Upper Indian Creek,0,0,0,0,0,80801781.875,42609.9755829358
2717,180300020501,Upper Canebrake Creek,1,0.075472,0,1,0,69491665.8320312,42764.1126559277
2718,180300020402,Lower Chimney Creek,0,0,0,0,0,135248935.867188,69786.3404294514
2719,180901030202,George Creek,0,0,0,0,0,122597441.273438,68632.1107802019
2720,180901030104,Mazourka Canyon,0,0,0,0,0,129823090.625,71768.2310117333
2721,180901020703,Lower Chalfant Valley,1,0.113208,2,0,0,134860180.605469,71240.7194567865
2722,180901020706,Black Canyon,0,0,0,0,0,94297543.4375,59623.445079226
2723,160600100903,McAfee Creek-Frontal Fish Lake Valley,0,0,0,0,0,75083638.5351562,54671.1322080888
2724,180702040102,Upper San Diego Creek,3,0.226415,0,1,1,156028124.839844,72321.0875266981
2725,180702031002,Walnut Canyon-Santa Ana River,1,0.056604,1,0,0,121315135.710938,72158.0095802807
2726,180702040103,Lower San Diego Creek,4,0.377358,0,3,1,230988612.070312,104037.066787981
2727,180701060502,Lower San Jose Creek,1,0.075472,0,1,0,182647988.976562,68011.502471977
2728,180701050101,Alder Creek,3,0.226415,0,1,1,77941637.203125,47340.2705054794
2729,180701060201,Devils Canyon,3,0.226415,0,1,1,65562514.1367188,43074.7298912389
2730,180902061602,180902061602,0,0,0,0,0,162917444.957031,128958.03404165
2731,180902060903,Eller Slough,0,0,0,0,0,133811558.003906,112559.418360372
2732,180902062203,180902062203,0,0,0,0,0,69378594.3359375,55587.0611224564
2733,180902062201,180902062201,0,0,0,0,0,105211899.445312,46264.7700432609
2734,180902062104,Twin Buttes,0,0,0,0,0,84672817.078125,37882.641969239
2735,180902060801,Last Chance Canyon,0,0,0,0,0,117305357.40625,71435.0964098511
2736,180902050702,Sand Canyon,0,0,0,0,0,154178182.621094,67618.6684858803
2737,180902050705,180902050705,0,0,0,0,0,161851560.097656,119462.350281421
2738,180902050303,Portuguese Canyon,0,0,0,0,0,77539624.1210938,37775.7732023366
2739,180901030503,South Haiwee Reservoir,0,0,0,0,0,119252959.792969,54894.3034243818
2740,180902050301,Upper Cactus Flat,0,0,0,0,0,65386102.171875,44029.0123569682
2741,180901030304,180901030304,0,0,0,0,0,91552120.1328125,63223.6907599464
2742,180902010603,Middle Waucoba Wash,0,0,0,0,0,140721528.664062,72392.0864430548
2743,180902010408,180902010408,0,0,0,0,0,180799677.566406,92923.2901942297
2744,180902080501,180902080501,0,0,0,0,0,153023931.800781,77867.7035651436
2745,180902051002,Christmas Canyon,0,0,0,0,0,182019854.722656,73265.8995500904
2746,180902070606,Red Mountain-Cuddeback Lake,0,0,0,0,0,235050337.328125,112739.533699149
2747,180902050204,180902050204-Airport Lake,0,0,0,0,0,61942736.4335938,42332.1974956138
2748,180902050602,Mountain Springs Canyon,0,0,0,0,0,76039022.1210938,65957.2134026882
2749,180902040305,Middle Darwin Wash,0,0,0,0,0,189062396.601562,117632.187966818
2750,180902041201,Etcharren Valley,0,0,0,0,0,124671202.863281,68460.7730806564
2751,180902041102,Revenue Canyon,0,0,0,0,0,85024356.9414062,46341.5443500993
2752,180902040401,Mill Canyon,0,0,0,0,0,65767866.234375,47589.5085720103
2753,180902041101,Snow Canyon-Panamint Valley,0,0,0,0,0,168113282.363281,89576.4007708008
2754,180902010802,180902010802,0,0,0,0,0,186242562.261719,65369.1967919503
2755,180902010502,Perdido Canyon,0,0,0,0,0,162467949.523438,73124.1256220988
2756,180902010405,Dedeckera Canyon,0,0,0,0,0,165103797.742188,73278.0038500337
2757,180703041201,Chollas Creek,2,0.150943,0,0,1,98030300.9765625,53095.6600638524
2758,180703030304,Guajome Lake-San Luis Rey River,5,0.509434,1,2,2,152286655.472656,84569.1820505006
2759,180703020501,Sandia Canyon,2,0.150943,0,0,1,80279094.1875,56655.5879985724
2760,180703020407,Long Canyon-Murrieta Creek,5,0.584906,1,1,3,83746212.65625,66553.4642254993
2761,180703020401,Warm Springs Creek,3,0.226415,0,1,1,212866659.738281,111398.363832783
2762,180703030203,Gomez Creek-San Luis Rey River,2,0.150943,0,2,0,187367892.507812,73790.7420541313
2763,180702020306,Perris Valley-San Jacinto River,1,0.075472,0,1,0,222671087.261719,86273.0733066628
2764,180902071105,180902071105,0,0,0,0,0,112673959.679688,70099.7738299228
2765,180902070502,Seaburgs Well,0,0,0,0,0,110515885.5,60675.2738439564
2766,180902070405,Indian Spring,0,0,0,0,0,138338549.140625,69934.7077721154
2767,180902051306,Borax Flat-Searles Lake,0,0,0,0,0,206888040.972656,76721.4705199324
2768,180902030808,180902030808,0,0,0,0,0,72932726.7617188,51906.9974118867
2769,180902030607,Grotto Canyon,0,0,0,0,0,197051430.007812,107862.019341544
2770,180703020103,Tule Creek,0,0,0,0,0,85923426.8828125,57835.8766961245
2771,181001000302,Cougar Buttes,0,0,0,0,0,170283854.488281,72036.8947114532
2772,181001000203,181001000203,0,0,0,0,0,74206198.5546875,54282.942088252
2773,180902081105,City of Barstow-Mojave River,0,0,0,0,0,211566714.863281,95909.9430478438
2774,180902081002,Sweetwater Spring,0,0,0,0,0,112687130.773438,68847.95112448
2775,180902081302,Kane Wash,0,0,0,0,0,228858268.328125,105267.060291484
2776,180902070304,Noble Well,0,0,0,0,0,126317898.347656,59604.9268451063
2777,180902081202,Odessa Canyon,2,0.150943,0,0,1,204123410.0625,103659.145900925
2778,180902070305,180902070306,0,0,0,0,0,206242906.796875,76178.7850484942
2779,180902070403,Town of Goldstone,0,0,0,0,0,99174463.7929688,58670.642766422
2780,180902070104,180902070104,0,0,0,0,0,118049569.507812,58128.5408390318
2781,180902031801,Lost Lake,0,0,0,0,0,85767788.6679688,38690.2477868939
2782,180902031802,Quail Spring,0,0,0,0,0,166390709.714844,86896.4895522218
2783,180902031906,Lower Wingate Wash,0,0,0,0,0,128794858.609375,68203.2365140778
2784,180703051003,Bee Canyon-Cottonwood Creek,4,0.301887,0,2,1,68599368.2617188,39854.3078256982
2785,180703050801,Upper Pine Valley Creek,5,0.45283,0,2,2,139549574.480469,76198.5902601403
2786,180703040502,Ritchie Creek-San Diego River,5,0.45283,0,2,2,151295608.371094,75395.8699061619
2787,180703030104,Buena Vista Creek,2,0.150943,0,2,0,159893643.472656,81287.3147591918
2788,181002010107,Lower San Gorgonio River,1,0.075472,0,1,0,85654490.6210938,68367.4066023055
2789,181001000901,Antelope Wash,0,0,0,0,0,85059043.546875,67514.7980454154
2790,181001000905,Flat Top-Pipes Wash,0,0,0,0,0,61684310.625,38933.9567678297
2791,181001000604,One Hole Spring,0,0,0,0,0,115667965.539062,81727.4281687269
2792,181001001003,Emerson Lake,0,0,0,0,0,200206366.320312,77586.8324458587
2793,180902070302,Dolores Lake,0,0,0,0,0,63486343.8046875,48439.076028412
2794,180902082201,Wilhelm Wash-Mojave River,0,0,0,0,0,208747800.699219,90101.8197905263
2795,180902070103,180902070103,0,0,0,0,0,155450155.082031,64376.364058381
2796,180902031002,Four Corners,0,0,0,0,0,204066002.414062,72816.8149370956
2797,180902081702,Tiefort Mountains,0,0,0,0,0,181946419.414062,68477.7954734765
2798,180902032005,Scottys Canyon-Amargosa River,0,0,0,0,0,219646701.8125,82472.9569517782
2799,180902031705,180902031705,0,0,0,0,0,119558331.632812,54254.7881403046
2800,180902032001,Rhodes Wash,0,0,0,0,0,163229374.515625,72257.5389562703
2801,180902021703,Salsberry Spring,0,0,0,0,0,232331786.277344,112710.123563597
2802,180902030704,Middle Furnace Creek Wash,0,0,0,0,0,144932607.246094,68988.2514792627
2803,180902020704,Lees Camp,0,0,0,0,0,56306047.5390625,32142.8265131045
2804,181002020102,The Potrero,0,0,0,0,0,72743192.5429688,46851.6153599907
2805,181002020204,Tule Creek,3,0.226415,0,1,1,124964417.8125,64726.3961928975
2806,181002010802,Town of Thermal-Whitewater River,0,0,0,0,0,176365740.75,74116.2432362071
2807,181002041508,Oasis Elementary School-Frontal Salton Sea,1,0.056604,1,0,0,106874966.511719,61378.6246944366
2808,181001001201,Goat Mountain,0,0,0,0,0,96653683.171875,42818.8844665481
2809,181001001803,Mesquite Lake,0,0,0,0,0,144985511.785156,60861.2551673217
2810,180902081604,Cady Peak-Frontal Broadwell Lake,0,0,0,0,0,193830548.40625,63350.4558239473
2811,180902081603,Broadwell Mesa,0,0,0,0,0,144956623.34375,76188.4462644741
2812,180902031004,180902031004,0,0,0,0,0,98417245.5273438,52600.5890787363
2813,180902031407,Amargosa Spring-Salt Creek,0,0,0,0,0,155075023.289062,83785.9711783724
2814,180902031403,180902031403,0,0,0,0,0,134554522.308594,78947.9063535868
2815,180902031401,Riggs Wash,0,0,0,0,0,173461443.308594,79653.629343746
2816,180902021905,China Ranch Wash,1,0.113208,2,0,0,151006721.441406,74742.892897014
2817,180902022002,180902022002-Amargosa River,0,0,0,0,0,248365604.136719,78102.1363670273
2818,180902022004,Tecopa Hot Springs,0,0,0,0,0,117797431.832031,55046.6399397483
2819,160600150302,Shadow Mountain,0,0,0,0,0,113129684.65625,78121.5445760134
2820,181002020305,Superstition Mountain-Carrizo Wash,1,0.056604,1,0,0,229720205.882812,101107.831414182
2821,181002041503,Sea View Beach-Frontal Salton Sea,1,0.056604,1,0,0,85057602.2304688,43721.5023343664
2822,181002041201,Surprise Valley-Frontal Salton Sea,1,0.056604,1,0,0,79420743.3554688,51360.1449967308
2823,181002041202,Hidden Springs Canyon-Frontal Salton Sea,2,0.132075,1,1,0,79768964.109375,55024.4505852065
2824,181001004402,Washington Wash,0,0,0,0,0,132855041.980469,69625.4059490653
2825,180902082003,Town of Sands-Kelso Wash,0,0,0,0,0,181673996.199219,91194.6873537121
2826,181001002601,Upper Orange Blossom Wash,0,0,0,0,0,196373110.980469,72944.9468426391
2827,180902081907,Cornfield Spring,0,0,0,0,0,237590186.777344,102078.65819381
2828,180902031105,Halloran Summit,0,0,0,0,0,126264203.632812,64951.7113247652
2829,181002041307,Camp Dunlap,1,0.056604,1,0,0,78305481.1835938,57629.0318573721
2830,181002040806,German Diggins Wash,0,0,0,0,0,194270226.503906,101151.41559074
2831,181002040209,Mammoth Wash,0,0,0,0,0,124595747.035156,63273.1233049759
2832,181001005401,Ship Creek,0,0,0,0,0,103761235.148438,85220.6954263032
2833,181001005408,Chuckwalla Spring,0,0,0,0,0,215091795.453125,90338.9494890066
2834,181001005101,Mesquito Spring,0,0,0,0,0,203582616.726562,95390.8656971347
2835,181001004703,181001004703-Pinto Wash,0,0,0,0,0,144633192.78125,67894.418472042
2836,181001004603,Packard Well,0,0,0,0,0,78249942.5742188,54697.93184634
2837,181001005001,181001005001,0,0,0,0,0,122284506.804688,53532.1343104253
2838,181001003603,181001003603,0,0,0,0,0,85438456.75,55396.1296674508
2839,181001003704,Sheep Camp Spring,0,0,0,0,0,86071405.0351562,63743.4263457786
2840,181001003705,Browns Wash,0,0,0,0,0,160452996.972656,77517.0375680528
2841,181001004102,181001004102,0,0,0,0,0,153179095.683594,57505.5965952016
2842,181001003104,Fenner Hills,0,0,0,0,0,80563635.2929688,66237.8845215709
2843,181001003308,Honeymoon Wash-Watson Wash,0,0,0,0,0,207404515.589844,130724.734694511
2844,181001003105,Ford Lake-Watson Wash,0,0,0,0,0,394402952.132812,192799.926605428
2845,160600151207,Kokoweef Canyon-Frontal Ivanpah Lake,0,0,0,0,0,145798638.421875,50273.0208815262
2846,181001005409,Hopkins Well,0,0,0,0,0,189331265.90625,157315.164365827
2847,181001005202,Wileys Well,0,0,0,0,0,205609748.085938,108237.924396546
2848,181001005203,Ford Well,0,0,0,0,0,145468291.574219,77728.141067047
2849,181001005406,181001005406,0,0,0,0,0,95722797.8789062,53937.3825111599
2850,150301040505,Lower McCoy Wash,0,0,0,0,0,158800105.445312,140608.212933564
2851,181001004203,181001004203,0,0,0,0,0,67506444.484375,63944.7432323894
2852,181001004308,Rice Valley,0,0,0,0,0,186196367.054688,128778.403544242
2853,181001003805,Little Piute Mountains,0,0,0,0,0,78926388.0664062,64376.5548793039
2854,181001003801,Town of Camino-Homer Wash,0,0,0,0,0,187891904.886719,69826.5495239501
2855,181001003804,181001003804-Homer Wash,0,0,0,0,0,166845101.863281,72510.4723099629
2856,150301020307,Sacramento Springs-Piute Wash,0,0,0,0,0,128710273.441406,104271.195741082
2857,150301040403,150301040403,0,0,0,0,0,63394009.2460938,56218.5192426423
2858,150301010701,Trampas Wash,1,0.113208,2,0,0,100984977.007812,59078.2807802781
2859,150301040303,Chambers Well,1,0.056604,1,0,0,151102260.789062,81736.2034295067
2860,180101090202,Russian Gulch-Frontal Pacific Ocean,5,0.471698,3,4,0,206680364.214844,228270.026337235
2861,180500040602,Upper Alameda Creek,5,0.433962,1,3,1,255810295.875,132979.102491122
2862,180300071403,East Branch Cross Creek-Middle Branch Cross Creek,0,0,0,0,0,412600408.269531,187796.2282915
2863,150301040804,Cinnabar Wash-Palo Verde Valley,5,0.415094,2,2,1,1126127058.04297,251288.473294155
2864,171003120600,Mack Arch Cove-Pacific Ocean,1,0.056604,1,0,0,233459,14064.1464221321
2865,180101060404,Salmon Creek,4,0.320755,3,0,1,163267132.664062,64705.0900661179
2866,180101020104,Bridge Creek-Redwood Creek,5,0.528302,4,4,0,279294871.71875,75758.6947860375
2867,180102091003,Roach Creek,4,0.396226,3,3,0,134615799.492188,52571.1042020173
2868,180101010306,Goose Creek,4,0.320755,3,2,0,187281805.054688,70857.983326435
2869,180102090904,Middle Blue Creek,2,0.188679,2,1,0,128372028.4375,62301.3062542264
2870,180101010304,Middle South Fork Smith River,5,0.45283,4,3,0,240284256.515625,123529.771733417
2871,180101010308,Craigs Creek,5,0.45283,4,3,0,83827192.9296875,48874.8754727621
2872,180101080905,Mallo Pass Creek-Frontal Pacific Ocean,5,0.735849,5,6,0,113004681.035156,151459.660030454
2873,180101080901,Greenwood Creek,5,0.433962,1,5,0,110782841.785156,72301.7888268505
2874,180101080503,Lower Garcia River,5,0.54717,3,3,1,200686115.125,91696.2514570627
2875,180101060202,Lower East Branch South Fork Eel River,4,0.339623,2,1,1,177581918.039062,72750.2021763868
2876,180101050401,Chamise Creek,2,0.169811,3,0,0,123860424.011719,61568.4197834229
2877,180101050404,Jewett Creek,2,0.169811,3,0,0,88160806.4609375,41590.3312448209
2878,180101020301,Pilot Creek,4,0.339623,2,1,1,178769937.0625,70986.138461778
2879,180101020302,Bear Creek-Mad River,4,0.339623,2,1,1,217385337.644531,105783.328478705
2880,180102111206,Campbell Creek-Trinity River,5,0.679245,4,4,1,221085241.917969,94005.2339048932
2881,180102120505,Mingo Creek-South Fork Trinity River,5,0.679245,4,4,1,203758966.042969,66569.4471922399
2882,180102090502,Copper Creek-Dillon Creek,4,0.301887,4,1,0,185540981.46875,75346.5610368977
2883,180102090402,Upper Clear Creek,2,0.169811,3,0,0,287192642.351562,97899.2326214709
2884,180102090102,Upper Indian Creek,4,0.301887,4,1,0,189727567.585938,63662.786157323
2885,171003110100,Althouse Creek,0,0,0,0,0,3184375.4765625,11202.9964275325
2886,180101100408,Feliz Creek,4,0.339623,2,1,1,179719182.667969,74499.1185292394
2887,180101100404,Robinson Creek,3,0.207547,1,2,0,111551415.3125,52474.9372894939
2888,180101040505,Salt Creek,1,0.056604,1,0,0,73021710.8867188,41301.5672498898
2889,180102120103,Happy Camp Creek-South Fork Trinity River,4,0.358491,5,1,0,151925973.902344,58647.2193517009
2890,180102120302,Tule Creek,4,0.301887,4,1,0,104546347.84375,49546.3705960847
2891,180102120303,Rusch Creek-Hayfork Creek,5,0.584906,5,2,1,226377832.171875,101525.391347342
2892,180102111006,Big Creek,5,0.433962,5,2,0,87034120.796875,46404.2824981476
2893,180102100107,Knownothing Creek,4,0.396226,3,1,1,104228737.667969,49337.4656336924
2894,180102100105,Crawford Creek-South Fork Salmon River,4,0.377358,4,2,0,182021367.589844,72001.3960947439
2895,180102100404,Somes Creek-Salmon River,4,0.301887,4,1,0,73099398.4921875,45291.8993038268
2896,180102090603,Ukonom Creek,4,0.320755,3,2,0,151534875.878906,65774.8581459278
2897,180102100305,Lower Wooley Creek,4,0.377358,4,2,0,152444734.496094,90802.6497099103
2898,180102100302,Upper Wooley Creek,4,0.301887,4,1,0,186878455.011719,59176.5896944402
2899,180101100505,Pena Creek,3,0.264151,2,2,0,96223498.9375,61887.9600945401
2900,180101100103,Lake Mendocino-East Fork Russian River,3,0.226415,0,1,1,173349058.996094,87825.6752448129
2901,180101040504,Hayshed Creek-Middle Fork Eel River,3,0.264151,2,0,1,91072206.3828125,48330.5633452903
2902,180101040501,Williams Creek,4,0.339623,2,1,1,135882895.257812,60441.4922249194
2903,180201520102,Upper Beegum Creek,4,0.396226,3,1,1,132453439.378906,56869.7439033997
2904,180102120203,Carr Creek,2,0.132075,1,1,0,127322412.8125,49153.3729612376
2905,180201520201,Harrison Gulch-Middle Fork Cottonwood Creek,2,0.132075,1,1,0,165631760.132812,65471.5514261047
2906,180102110701,Rush Creek,5,0.45283,4,1,1,101798343.972656,64371.8048243878
2907,180102100203,South Russian Creek,4,0.339623,2,3,0,84898472.1601562,45507.455584951
2908,180102110101,North Fork Coffee Creek,1,0.075472,0,1,0,111563301.25,48145.8549911891
2909,180102080201,South Fork Scott River,4,0.339623,2,3,0,201877891.199219,70393.9432452846
2910,180102080503,Oro Fino Creek-Scott River,4,0.396226,3,1,1,183706808.492188,84455.540582648
2911,180102080205,Etna Creek,2,0.188679,2,1,0,124241974.289062,63811.071504371
2912,180102060904,Dutch Creek-Beaver Creek,4,0.301887,4,1,0,88254114.3085938,45714.3351801628
2913,180500050504,Bolinas Lagoon,5,0.490566,2,3,1,78990410.5351562,53176.6720270296
2914,180500050101,Kent Lake-Lagunitas Creek,5,0.415094,2,2,1,90297140.1523438,51493.8152917971
2915,180500020301,Upper Sonoma Creek,5,0.509434,1,4,1,190362227.34375,72090.6268327541
2916,180201620304,Soda Creek,3,0.226415,0,1,1,139083024.335938,69481.5744478538
2917,180201160408,Grizzly Creek-North Fork Cache Creek,1,0.075472,0,1,0,117484860.894531,68178.2623717105
2918,180201160403,Spanish Creek-North Fork Cache Creek,3,0.226415,0,1,1,77712720.4101562,43589.7067957936
2919,180201150403,Elk Creek,0,0,0,0,0,146242619.113281,61900.7095702633
2920,180201150402,Briscoe Creek,3,0.226415,0,1,1,228494584.015625,75448.0580544197
2921,180201150401,Stony Gorge Reservoir-Stony Creek,0,0,0,0,0,236900178.511719,95623.0410579111
2922,180201150302,Upper Grindstone Creek,0,0,0,0,0,143282733.136719,53974.480828536
2923,180201150304,Middle Grindstone Creek,0,0,0,0,0,131768446.484375,57309.2786935187
2924,180201560201,Middle Fork Elder Creek,0,0,0,0,0,81829076.5585938,46069.6577967771
2925,180201150502,Heifer Camp Creek,0,0,0,0,0,87809173.7421875,52051.704885049
2926,180201560502,Mill Creek,0,0,0,0,0,127391817.980469,73712.2696906147
2927,180201560503,Digger Creek-Thomes Creek,5,0.45283,4,1,1,260062966.082031,198327.703712024
2928,180201550302,Middle Red Bank Creek,1,0.056604,1,0,0,175076681.53125,88150.9757704307
2929,180201520303,Roaring River,2,0.169811,3,0,0,108114376.507812,65495.3880356059
2930,180201540106,South Fork Clear Creek-Clear Creek,5,0.45283,4,1,1,220543175.703125,90666.7071781848
2931,180102110703,Deadwood Creek-Trinity River,5,0.45283,4,1,1,99551976.2851562,55948.0253670763
2932,180102110505,Mooney Gulch-Trinity River,2,0.150943,0,0,1,118199243.390625,49644.5144882831
2933,180201540101,Stacey Creek-Clear Creek,1,0.075472,0,1,0,209004666.785156,78329.5482031166
2934,180201540102,East Fork Clear Creek-Clear Creek,4,0.301887,0,2,1,178350867.558594,57849.4255910414
2935,180102110202,Tangle Blue Creek,3,0.226415,0,1,1,100788930.03125,47249.3315266819
2936,180102110203,Picayune Creek-Trinity River,3,0.226415,0,3,0,181880198.488281,72633.3585200741
2937,180102080303,Lower Moffett Creek,2,0.169811,3,0,0,216760005.46875,92785.1880902838
2938,180102070201,Upper Willow Creek,2,0.150943,0,0,1,142650658.800781,60763.4931432086
2939,180102070202,Lower Willow Creek,2,0.150943,0,0,1,263271888.960938,96249.4795609325
2940,180102070502,Yreka Creek,4,0.339623,2,1,1,238125268.59375,80542.9208706441
2941,180102060704,Williams Creek-Klamath River,4,0.320755,3,0,1,126852572.410156,57941.2456762037
2942,180500060203,San Gregorio Creek,5,0.54717,3,3,1,128798197.578125,60419.7170041185
2943,180500060103,Lower Pescadero Creek,5,0.45283,4,3,0,124511696.601562,70053.637763385
2944,180500040903,Colma Creek-Frontal San Francisco Bay Estuaries,2,0.132075,1,1,0,131165589.664062,96126.0374628768
2945,180500041002,Oakland Inner Harbor-San Francisco Bay,1,0.113208,2,0,0,675642710.527344,331073.587661713
2946,180500020203,Dry Creek,3,0.207547,1,2,0,121877580.996094,65977.0389866671
2947,180500020402,Tulucay Creek-Frontal San Pablo Bay Estuaries,4,0.339623,2,1,1,144576975.515625,96366.158759829
2948,180201160503,Middle Bear Creek,3,0.226415,0,1,1,140408703.488281,66022.9239130363
2949,180201160701,Hamilton Creek-Cache Creek,3,0.226415,0,1,1,218243194.875,72305.0442451147
2950,180201040603,Antelope Creek,0,0,0,0,0,126381785.910156,72724.5810203287
2951,180201041201,Deadmans Reach-Sacramento River,4,0.320755,3,0,1,171122683.566406,85599.1324524985
2952,180201150504,Lower North Fork Stony Creek,1,0.075472,0,1,0,136290008.546875,88206.1449182515
2953,180201570302,Houghton Creek,0,0,0,0,0,95587347.2539062,72017.7545358192
2954,180201570306,Rice Creek-Burch Creek,2,0.188679,2,1,0,104635235.933594,102404.174707727
2955,180201560607,Rodeo Creek-Sacramento River,4,0.377358,4,0,1,132770516.648438,143303.63550662
2956,180201540202,East Fork Stillwater Creek,1,0.056604,1,0,0,73910427.890625,48223.534524534
2957,180201510303,Dry Creek,1,0.056604,1,0,0,86688719.8671875,53398.6432172076
2958,180200040501,Nosoni Creek-McCloud River,4,0.301887,0,2,1,198719878.996094,70970.578453185
2959,180200050303,North Salt Creek,4,0.301887,0,2,1,110102828.601562,49883.4123429235
2960,180200050202,Soda Creek,3,0.226415,0,3,0,132618658.308594,68972.196508628
2961,180102070401,Grass Lake,0,0,0,0,0,131683731.625,61918.4300504119
2962,180102070303,Middle Little Shasta River,2,0.188679,2,1,0,115738473.171875,60827.7266535164
2963,180102060701,Bogus Creek,2,0.169811,3,0,0,252660325.445312,83736.0827932251
2964,180600150305,Monterey Bay,5,0.773585,7,3,1,274362455.203125,283764.767481787
2965,180600150201,Bear Creek-San Lorenzo River,3,0.264151,2,2,0,209660103.804688,77542.4579640726
2966,180500030406,Permanente Creek-Frontal San Francisco Bay Estuaries,3,0.283019,1,3,0,99785115.3828125,53398.7399054337
2967,180500030403,Stevens Creek,4,0.358491,1,4,0,86085626.7539062,83373.4565910384
2968,180500040802,San Lorenzo Creek,3,0.207547,1,2,0,119118374.945312,92127.3632290643
2969,180500040502,South San Ramon Creek,3,0.226415,0,1,1,110997022.925781,58056.1084241306
2970,180500010201,San Ramon Creek,4,0.301887,0,2,1,213400326.84375,86058.5839295838
2971,180500040701,Agua Caliente Creek-Frontal San Francisco Bay Estuaries,4,0.301887,0,2,1,108776492.285156,45534.6162948974
2972,180500010104,Green Valley Creek,3,0.207547,1,2,0,91160518.71875,60673.2048470614
2973,180201630201,Union School Slough,0,0,0,0,0,127237526.367188,81109.6774214634
2974,180201041008,Smith Creek-Colusa Basin Drainage Canal,4,0.320755,3,0,1,221830811.851562,82877.8529984752
2975,180201040805,Elk Creek,0,0,0,0,0,72705836.7109375,49743.595506122
2976,180201041002,Buckeye Creek,1,0.075472,0,1,0,78533551.4570312,82634.5285481104
2977,180201570704,Murphy Slough-Sacramento River,2,0.169811,3,0,0,250122694.898438,101183.43615779
2978,180201580204,Dubock Slough-Little Butte Creek,3,0.207547,1,0,1,209102637.753906,83065.1962158296
2979,180201580301,Comanche Creek,3,0.207547,1,0,1,82201591.8789062,72588.1531512
2980,180201570503,Lower Big Chico Creek,4,0.396226,3,1,1,161856888.347656,124019.814044482
2981,180201560105,Lower Antelope Creek,3,0.226415,4,0,0,135827123.03125,69734.6957853024
2982,180201560604,Dye Creek,3,0.245283,3,1,0,186731969.628906,70177.9291229411
2983,180201510304,Middle Little Cow Creek,4,0.339623,2,1,1,167380321.644531,84630.8789412865
2984,180201540403,Lack Creek,0,0,0,0,0,113902253.054688,63736.5014564678
2985,180201530301,Baldwin Creek,2,0.132075,1,1,0,82098464.6484375,46486.7869502606
2986,180200031302,Flat Creek-Pit River Arm,3,0.226415,0,1,1,167033292.710938,76839.1681557841
2987,180200031008,Tunnel Reservoir-Pit River,5,0.509434,5,1,1,235429826.921875,98062.1343422961
2988,180200031102,Hatchet Creek,0,0,0,0,0,156479872.472656,91581.4166710994
2989,180200040205,Mud Creek,0,0,0,0,0,81685566.1289062,75079.042095894
2990,180200040204,Pilgrim Creek,0,0,0,0,0,164468061.597656,70273.5982666685
2991,180200040208,Star City Creek-McCloud River,1,0.075472,0,1,0,204227503.914062,119272.964310806
2992,180200040105,Dry Creek,2,0.132075,1,1,0,200507850.269531,79200.7449549727
2993,180102050302,Pleasant Valley,0,0,0,0,0,96446756.4023438,46565.4416192414
2994,180600051302,Tassajara Creek,3,0.207547,1,0,1,112169616.398438,48853.5975136787
2995,180600020302,Upper Llagas Creek,5,0.509434,1,4,1,119479997.644531,92024.6476086705
2996,180500040202,Upper Arroyo Las Positas,4,0.377358,0,3,1,110978483.464844,54223.8039870156
2997,180400030907,Markley Canyon-San Joaquin River,5,0.735849,5,2,2,133703920.335938,70502.7050390556
2998,180400030603,Brushy Creek,3,0.207547,1,2,0,67412793.1796875,46891.2491546979
2999,180201610402,Natomas Main Drainage Canal-Sacramento River,5,0.584906,5,0,2,370506143.828125,106744.327476933
3000,180201590106,Prairie Creek-South Honcut Creek,0,0,0,0,0,107259324.730469,80406.0179973433
3001,180201580104,Clear Creek-Butte Creek,0,0,0,0,0,78036223.8320312,54809.9998987655
3002,180201560101,North Fork Antelope Creek,4,0.339623,2,1,1,185191043.828125,72379.455642161
3003,180200030905,Goose Creek,0,0,0,0,0,171614147.085938,63713.7815365569
3004,180200031004,Rock Creek-Pit River,4,0.301887,4,1,0,179258623.679688,72316.0913148571
3005,180102050203,Red Rock Valley,0,0,0,0,0,195962531.628906,74667.8728222914
3006,180102041401,Sheep Camp Butte,0,0,0,0,0,227694193.125,113488.713975714
3007,180600060306,San Carpoforo Creek,5,0.509434,1,2,2,140753942.699219,61630.1098909192
3008,180600050601,San Miguel Creek-Nacimiento River,5,0.433962,1,3,1,176428449.382812,71131.4381326689
3009,180600050603,Stony Creek-Nacimiento River,3,0.226415,0,1,1,131138662.9375,84803.9551424303
3010,180600051306,Paloma Creek-Piney Creek,2,0.132075,1,1,0,168313527.164062,72708.7945197731
3011,180600051202,Upper Chalone Creek,5,0.45283,0,4,1,127415459.035156,64288.2631947999
3012,180600150101,Mud Creek-Gabilan Creek,4,0.358491,1,2,1,113106210.085938,58869.4355700691
3013,180600051505,Johnson Creek,2,0.150943,0,2,0,188049351.65625,70922.5831149578
3014,180600020606,Lower Tres Pinos Creek,5,0.433962,1,3,1,112744958.050781,71705.9767772487
3015,180600020206,Lower Pacheco Creek,4,0.358491,1,2,1,139693262.214844,56380.2286427869
3016,180400020502,Ingram Creek,0,0,0,0,0,191391684.839844,74747.3014412486
3017,180400030205,Town of French Camp-San Joaquin River,3,0.226415,4,0,0,194640240.515625,97267.8623267826
3018,180400030404,Pixley Slough,3,0.226415,0,1,1,71722357.34375,77297.9407027437
3019,180400121102,Murphy Creek-Mokelumne River,5,0.754717,4,3,2,258511353.820312,176507.861185233
3020,180201630701,Lake Greenhaven-Sacramento River,5,0.415094,6,1,0,235337054.378906,123654.807574759
3021,180201251003,Brooks Creek-Yuba River,4,0.320755,3,0,1,123927837.847656,101009.279552285
3022,180201250903,Lower Dry Creek,3,0.207547,1,0,1,181358712.257812,86962.9278376249
3023,180201250804,Slacks Ravine-Deer Creek,2,0.188679,2,1,0,98050758.1796875,77765.7520571789
3024,180201210802,Berry Creek,2,0.150943,0,0,1,82631385.6484375,45964.6645951253
3025,180201230705,Brush Creek-Middle Fork Feather River,4,0.377358,0,3,1,151221073.820312,87292.8570980339
3026,180201210801,French Creek,4,0.301887,0,2,1,183608210.992188,63655.5662846299
3027,180201230702,Little North Fork of Middle Fork Feather River,3,0.226415,0,1,1,203328717.890625,83357.0011157863
3028,180201210602,Bucks Creek,3,0.226415,0,3,0,196437629.292969,72440.4440433018
3029,180201570201,Gurnsey Creek,2,0.132075,1,1,0,89645447.0859375,46066.8032394292
3030,180201210103,Louse Creek-North Fork Feather River,2,0.150943,0,2,0,90612141.4492188,76368.2691661599
3031,180201210404,Marian Creek-Frontal Lake Almanor,3,0.207547,1,2,0,200718904.730469,114527.594921449
3032,180200030702,Lost Creek,0,0,0,0,0,152830420.335938,64955.4843674535
3033,180102040904,Tule Lake Valley-Lost River,1,0.113208,2,0,0,169461226.316406,61445.9916166882
3034,180600060408,Villa Creek,4,0.339623,2,1,1,74760994.015625,57458.7181168395
3035,180600050604,El Piojo Creek,0,0,0,0,0,64509109.5820312,42963.5447246406
3036,180600050606,Salmon Creek-Nacimiento River,2,0.150943,0,0,1,177074458.785156,85013.3642030387
3037,180600050709,Harris Creek,0,0,0,0,0,64890348.8359375,46970.3317482699
3038,180600050710,San Antonio Reservoir-San Antonio River,1,0.056604,1,0,0,249573542.394531,123855.156911017
3039,180600050803,Hames Creek,0,0,0,0,0,177529601.375,81031.4035500958
3040,180600050707,Sam Jones Canyon-San Antonio River,5,0.433962,1,3,1,181821537.105469,88317.5349504299
3041,180600051104,Coyote Canyon-Salinas River,1,0.056604,1,0,0,147690902.761719,72063.0264084549
3042,180600051004,Lower San Lorenzo Creek,4,0.301887,0,0,2,115622110.902344,70456.5405240802
3043,180600051003,Middle San Lorenzo Creek,0,0,0,0,0,160350233.316406,64835.8702710812
3044,180600051002,Upper San Lorenzo Creek,1,0.075472,0,1,0,118454467.796875,61767.5387990776
3045,180400140201,Bitterwater Canyon,0,0,0,0,0,103025300.304688,56605.4793483478
3046,180400010402,Mercey Creek,2,0.150943,0,2,0,93798360.046875,51606.893148962
3047,180400100703,Town of Oakdale-Stanislaus River,4,0.301887,4,1,0,113790712.773438,82256.6936532724
3048,180400510104,Long Gulch-Rock Creek,2,0.150943,0,2,0,181787011.359375,95674.4164933015
3049,180400030401,Upper Bear Creek,2,0.150943,0,2,0,84185205.7148438,59383.4586513715
3050,180400130604,Indian Creek-Cosumnes River,1,0.075472,0,1,0,159743619.0625,90666.5284209451
3051,180201110103,Antelope Creek,4,0.396226,3,1,1,64210507.3671875,52458.3683188471
3052,180201290701,Greenwood Creek,3,0.226415,0,1,1,109301092.894531,59858.4333723734
3053,180201250507,Grizzly Creek-Middle Yuba River,3,0.226415,0,1,1,174918789.070312,95913.7763834972
3054,180201250703,Rock Creek-South Yuba River,4,0.301887,0,2,1,150283226.488281,70197.3687628344
3055,180201260103,Little Bear Creek-Bear River,4,0.301887,0,2,1,152842514.582031,112274.300865517
3056,180201250401,Canyon Creek,3,0.226415,0,3,0,266818726.148438,111827.963639339
3057,180201230703,South Branch Middle Fork Feather River,2,0.150943,0,2,0,143736618.0625,74198.189714962
3058,180201230506,Onion Valley Creek,2,0.150943,0,2,0,84900609.7695312,52438.4319869172
3059,180201210403,Mud Creek-Frontal Lake Almanor,2,0.150943,0,2,0,103095951.945312,89942.9146298346
3060,180201210205,Rock Creek,0,0,0,0,0,137874469.785156,63799.5259380054
3061,180800030202,Squaw Valley-Pine Creek,0,0,0,0,0,102684991.53125,59952.7919015639
3062,180200030605,Grass Valley,0,0,0,0,0,164244211.546875,55165.7829457303
3063,180200030104,Russell Dairy Creek,0,0,0,0,0,140313728.222656,70685.8765166346
3064,180200030101,Sheep Valley,0,0,0,0,0,164791417.003906,66953.7576503899
3065,180200021502,Rush Creek,1,0.056604,1,0,0,179733365.695312,72846.8286046489
3066,180200021203,Town of Canby-Pit River,1,0.056604,1,0,0,279756183.945312,125637.33384455
3067,180600060703,Pismo Creek,4,0.339623,2,1,1,146630480.25,78933.5465702555
3068,180600060501,Los Osos Creek,2,0.132075,1,1,0,89144212.390625,46701.3960325155
3069,180600050204,Atascadero Creek,3,0.283019,1,1,1,77921433.671875,56086.3489904595
3070,180600050802,Portuguese Canyon-Salinas River,3,0.283019,1,1,1,205209838.085938,116944.307743074
3071,180600051102,Pine Creek,0,0,0,0,0,156957809.101562,63458.9767765843
3072,180600050502,Upper Big Sandy Creek,0,0,0,0,0,131622097.113281,78896.1051099586
3073,180400140301,Los Pinos Creek,0,0,0,0,0,84276272.3515625,47051.7666952479
3074,180400140302,Larious Creek,3,0.226415,0,1,1,74983063.9648438,46610.8239488211
3075,180600020501,Clear Creek-San Benito River,5,0.433962,1,1,2,217752978.78125,81212.8377310906
3076,180300090901,Tumey Gulch,0,0,0,0,0,124450748.625,68287.3556281522
3077,180400012003,Moreno Gulch,4,0.301887,0,0,2,545807684.890625,137287.639578614
3078,180400012101,Sand Slough-San Joaquin River,5,0.509434,1,2,2,149599032.699219,112427.810719411
3079,180400011805,Deep Slough-Bear Creek,5,0.415094,2,2,1,203509204.257812,136974.386112977
3080,180400011604,South Slough-Deadman Creek,4,0.377358,0,3,1,223274881.125,147421.894379787
3081,180400020201,Mustang Creek 666 Dam,1,0.075472,0,1,0,69302818.8046875,57337.3446649576
3082,180400110306,North Gulch-Calaveras River,4,0.320755,3,2,0,74494966.3398438,66748.9390552333
3083,180400510202,Martells Creek,0,0,0,0,0,70625983.7539062,46583.0578438385
3084,180400110303,Cosgrove Creek,2,0.132075,1,1,0,89582301.8046875,58385.5349714187
3085,180400110204,Murray Creek,0,0,0,0,0,114503887.609375,75290.3889264336
3086,180400110105,Lower San Antonio Creek,0,0,0,0,0,89786518.703125,79358.6068818975
3087,180400130404,Spanish Creek-Middle Fork Cosumnes River,2,0.150943,0,2,0,203188337.28125,89159.1605686855
3088,180201290502,Brush Creek-South Fork American River,5,0.471698,3,2,1,194914470.503906,85857.3612228266
3089,180201250801,Scotts Flat Reservoir-Deer Creek,2,0.150943,0,0,1,87646608.0273438,53626.5103569291
3090,180201280106,Humbug Creek-North Fork American River,2,0.150943,0,2,0,157169273.546875,74972.4995132226
3091,180201230501,Long Valley Creek,0,0,0,0,0,114735697.546875,52799.1202278862
3092,180201220402,Middle Lights Creek,1,0.075472,0,1,0,97341518.3046875,53066.0179411012
3093,180800030702,Gold Run Creek,0,0,0,0,0,105937633.855469,54792.2135035733
3094,180800030801,Baxter Creek,0,0,0,0,0,187843789.777344,84118.7657151584
3095,180200020701,Ingall Swamp,0,0,0,0,0,143858982.652344,70190.1475991094
3096,180200020803,Lower Canyon Creek,0,0,0,0,0,73017715.59375,65263.0610708502
3097,180102040101,Deer Hill Reservoir,0,0,0,0,0,82068255.5429688,46886.4184206847
3098,180600080602,Upper Santa Maria River,5,0.433962,1,3,1,155338263.007812,70699.4110078536
3099,180600070501,Arroyo Seco,3,0.226415,0,1,1,92074718.6484375,54506.7534942569
3100,180600050304,Upper Huerhuero Creek,1,0.075472,0,1,0,140760676.183594,88321.741596986
3101,180600050104,San Margarita Lake-Salinas River,3,0.226415,0,1,1,92494772.9804688,60989.847511913
3102,180600040401,Indian Creek,0,0,0,0,0,188345249.792969,104663.703329128
3103,180600050101,Pozo Creek,1,0.075472,0,1,0,73931538.0507812,45426.0500410533
3104,180600040402,McMillan Canyon-Estrella River,2,0.150943,0,0,1,144941726.65625,74641.3162448814
3105,180600040205,180600040205,1,0.075472,0,1,0,78103672.3125,54856.3356706636
3106,180300120401,Upper Jacalitos Creek,0,0,0,0,0,118405333.125,61846.0989125561
3107,180300120502,Middle Zapato Chino Creek,0,0,0,0,0,77785236.6171875,55641.5880512418
3108,180300090801,Arroyo Hondo,0,0,0,0,0,108433280.039062,68240.0558027641
3109,180300090905,Town of Three Rocks,0,0,0,0,0,197032587.722656,59769.6062476258
3110,180300090903,Foot Hill,0,0,0,0,0,109445901.359375,60349.1963185802
3111,180300091002,Whites Bridge-Fresno Slough,5,0.45283,0,0,3,93939311.4140625,67262.9522236334
3112,180400010903,Lower Dutchman Creek,4,0.301887,0,2,1,90933261.7890625,96065.5386117449
3113,180400091401,Peaslee Creek-Tuolumne River,5,0.528302,4,2,1,200969494.214844,90765.3575628785
3114,180400080702,Middle Dry Creek,4,0.301887,0,2,1,142089824.921875,81777.9027619623
3115,180400100606,Green Spring Run,3,0.283019,1,1,1,82232528.2773438,56112.3202127899
3116,180400091204,Six-bit Gulch,1,0.056604,1,0,0,74422659.1484375,50901.1126301563
3117,180400120202,Licking Fork,1,0.075472,0,1,0,70903506.7929688,56307.6939886069
3118,180400120201,Upper South Fork Mokelumne River,0,0,0,0,0,198740115.308594,91938.9517662556
3119,180201290205,Little Silver Creek-Silver Creek,2,0.150943,0,2,0,206795351.691406,81916.6784310642
3120,160501020203,South Fork Prosser Creek,1,0.075472,0,1,0,94078546.0703125,42252.2825304236
3121,180201280202,Five Lakes Creek,2,0.132075,1,1,0,124885028.632812,59000.6243933159
3122,180201230403,Sulphur Creek,1,0.075472,0,1,0,144810494.769531,55937.251702963
3123,180201250502,Jackson Meadows Reservoir-Middle Yuba River,2,0.188679,2,1,0,83297922.0976562,50337.9529945915
3124,180201230304,Turner Creek,0,0,0,0,0,73773421.6914062,39925.8658143175
3125,180201230302,Hamlin Creek,0,0,0,0,0,79064540.2851562,43192.0884639207
3126,180201230307,Carman Creek,0,0,0,0,0,147067090.34375,75241.4194095186
3127,180201230301,Bonta Creek-Cold Stream,1,0.075472,0,1,0,159859747.722656,71228.4011474848
3128,180800031600,Honey Lake,0,0,0,0,0,385806458.191406,155629.745799462
3129,180800030503,Upper Snowstorm Creek,0,0,0,0,0,170881690.257812,55459.5703611283
3130,180800030504,Lower Snowstorm Creek,0,0,0,0,0,123314154.949219,55598.6039294295
3131,180800020203,Dill Butte,0,0,0,0,0,200675323.199219,72753.4717789921
3132,180800020208,Mitchell Field,0,0,0,0,0,241982730.402344,81350.6003810031
3133,180200020203,Lower Cedar Creek-West Valley Reservoir,1,0.075472,0,1,0,277539459.230469,95870.2317313073
3134,180200020201,Upper Cedar Creek,0,0,0,0,0,214485105.972656,81282.2205997216
3135,180200020401,Big Juniper Creek-Little Juniper Creek,0,0,0,0,0,152010893.117188,58545.882076954
3136,180200020403,Fitzhugh Creek,0,0,0,0,0,175684664.960938,88614.1681092643
3137,180200010500,Goose Lake,3,0.226415,4,0,0,465690492.566406,119895.708778059
3138,180200010303,Cottonwood Creek-Frontal Goose Lake,4,0.301887,4,1,0,170017682.449219,65713.923080263
3139,180600130106,Dos Pueblos Canyon-Frontal Santa Barbara Channel,4,0.339623,2,1,1,160443307.863281,70550.1497952362
3140,180600080402,Tepusquet Creek,1,0.075472,0,1,0,112307290.445312,60061.0191009007
3141,180600070604,Aliso Creek-Cuyama River,4,0.301887,0,0,2,122786679.824219,54149.3642263019
3142,180300121302,Cedar Canyon,0,0,0,0,0,64434415.9453125,43907.8684272907
3143,180600030201,Mustang Springs-Carrizo Plain,0,0,0,0,0,222654959.042969,86461.8758071465
3144,180300121503,Bitterwater Valley,0,0,0,0,0,131007508.652344,71818.4901613839
3145,180300122301,Arroyo Vadoso,0,0,0,0,0,177827465.996094,69105.6360419513
3146,180300090607,Town of Helm-Fresno Slough,0,0,0,0,0,236635698.847656,89461.4399802658
3147,180300090101,Boggs Slough-Fresno Slough,1,0.075472,0,1,0,202840688.335938,117633.890354988
3148,180400070403,Lower Dry Creek,1,0.075472,0,1,0,89309267.6328125,69778.8904119554
3149,180400080503,Saxon Creek-Merced River,3,0.226415,0,1,1,166750512.988281,87405.4278704824
3150,180400080402,Bull Creek,3,0.226415,0,1,1,136356503.90625,66153.1939975075
3151,180400090802,Reed Creek,0,0,0,0,0,160144279.769531,75172.5782484729
3152,180400100303,Middle North Fork Stanislaus River,3,0.283019,1,3,0,175046117.847656,66878.4504397047
3153,180400100304,Beaver Creek,0,0,0,0,0,133271031.816406,82400.0754555535
3154,180201290101,Caples Creek,3,0.207547,1,2,0,134648929.066406,67405.4031184211
3155,160501010303,Upper Truckee River-Frontal Lake Tahoe,4,0.396226,3,3,0,128305951.089844,67393.27310646
3156,160501010403,Ward Creek-Frontal Lake Tahoe,0,0,0,0,0,128790924.089844,61908.4038860527
3157,160501010101,Burton Creek-Frontal Lake Tahoe,2,0.150943,0,2,0,137406908.191406,70835.7118581474
3158,180201230202,Bear Valley Creek-Smithneck Creek,0,0,0,0,0,162204397.480469,78547.0151164024
3159,160501020503,Dog Creek,0,0,0,0,0,88210474.4335938,41758.9686315525
3160,160402030902,Upper Smoke Creek,0,0,0,0,0,180533155.632812,80369.013361132
3161,180800020106,Gallion Spring,0,0,0,0,0,77459865.4726562,45409.5613320501
3162,180800010305,Emerson Creek-Frontal Lower Alkali Lake,0,0,0,0,0,119314647.035156,55397.8679408055
3163,180800010208,Middle Alkali Lake,0,0,0,0,0,266027289.410156,150791.737092562
3164,171200070102,Upper Twelvemile Creek,0,0,0,0,0,61581160.3085938,44677.9993248862
3165,180600100302,West Fork Santa Cruz Creek,4,0.377359,0,1,2,62807194.9140625,41677.9035020225
3166,180600030203,Carrizo Plain-Soda Lake,1,0.075472,0,1,0,447397538.261719,123844.313818194
3167,180300121101,Willow Springs,0,0,0,0,0,92590450.4921875,58455.1312271959
3168,180300121203,180300121203,0,0,0,0,0,92010737.9296875,78540.1156816985
3169,180300122401,Upper Blakeley Canal-Tulare Lake Bed,2,0.150943,0,0,1,127572327.507812,53699.1773105815
3170,180300122005,Jacobs Ditch-Frontal Tulare Lake Bed,2,0.150943,0,0,1,308592601.8125,158737.189442975
3171,180300120207,South Branch Island Canal-Kings River,2,0.150943,0,0,1,142336775.960938,163301.12812432
3172,180300090303,Fancher Creek Canal,0,0,0,0,0,167292846.398438,80028.3107562116
3173,180400010203,Upper Cottonwood Creek,1,0.075472,0,1,0,73489813.8398438,62882.041396581
3174,180400010201,Hildreth Creek,4,0.301887,0,2,1,96876748.9726562,70143.8042531754
3175,180400010301,Cottonwood Creek,4,0.301887,0,2,1,148908511.449219,72459.0651395629
3176,180400070103,China Creek-Fresno River,3,0.226415,0,1,1,163282532.558594,86040.2520861414
3177,180400090504,Hetch Hetchy Reservoir-Tuolumne River,2,0.150943,0,0,1,147324574.316406,106543.593883254
3178,160501010202,Zephyr Cove-Frontal Lake Tahoe,0,0,0,0,0,26042676.59375,25617.6063447128
3179,160502010303,Brockliss Slough,1,0.075472,0,1,0,117763782.867188,58667.5360770935
3180,160502010304,Lower West Fork Carson River,0,0,0,0,0,62309189.0898438,44082.4576351667
3181,180600100203,Blue Canyon-Santa Ynez River,5,0.603774,0,4,2,60179007.1875,45349.4613680267
3182,180701010105,Coyote Creek,3,0.283019,1,1,1,157556505.320312,67523.6349027927
3183,180701010101,Matilija Creek,5,0.490566,2,1,2,208710219.113281,74837.3364205737
3184,180600070203,Tennison Canyon-Cuyama River ,0,0,0,0,0,110269713.984375,51695.6762914873
3185,180600030101,Padrones Spring-Carrizo Plain,1,0.075472,0,1,0,238841994.707031,105202.675405581
3186,180300031404,Bitterwater Creek,0,0,0,0,0,85043977.4921875,58688.3104568707
3187,180300120902,Lower West Side Canal,4,0.301887,0,0,2,263290553.3125,111650.363368338
3188,180300120901,Upper West Side Canal,4,0.377359,0,1,2,235735651.425781,103227.235662888
3189,180300040405,Sage Brush Well-Poso Creek,0,0,0,0,0,135029146.113281,68778.2571137697
3190,180300122103,Homeland Canal-Frontal Tulare Lake Bed,0,0,0,0,0,243087015.222656,81902.8297862373
3191,180300090501,Dog Creek,2,0.150943,0,2,0,101898119.28125,88757.8064686441
3192,180300120203,Byrd Slough,2,0.150943,0,2,0,79780310.8398438,57209.5548067106
3193,180400061302,Big Sandy Creek,2,0.150943,0,0,1,117553904.769531,63009.414333269
3194,180300100803,Watts Creek,3,0.226415,0,1,1,101989377.046875,52741.5670923883
3195,180400061201,Upper Fine Gold Creek,4,0.301887,0,2,1,188996309.582031,66400.2051122471
3196,180400080202,Chilnualna Creek,2,0.150943,0,2,0,76932364.140625,44350.3774550796
3197,180400060501,Upper Granite Creek,3,0.207547,1,2,0,186469230.257812,66487.6248039713
3198,180400090106,Cathedral Creek,1,0.075472,0,1,0,86434733.40625,54581.5640955614
3199,160503020101,West Fork Walker River,2,0.150943,0,2,0,84005849.8242188,49883.3603037152
3200,180701040202,Arroyo Sequit-Frontal Pacific Ocean,3,0.207547,1,0,1,131320961.957031,84829.7336167645
3201,180300031301,San Emigdio Creek,0,0,0,0,0,187528112.144531,81843.6027130134
3202,180300031302,Los Lobos Creek,0,0,0,0,0,99121397.390625,60729.879101833
3203,180300031304,Maple Canal-Frontal Buena Vista Lake Bed,0,0,0,0,0,199685796.898438,111964.796692794
3204,180300031203,Stine Canal-Frontal Kern Lake Bed,0,0,0,0,0,228193449.695312,109006.177967822
3205,180300031201,Kern Island Canal-Frontal Kern Lake Bed,3,0.226415,0,1,1,828562271.796875,138893.154908098
3206,180300071201,Wooten Creek,1,0.075472,0,1,0,80952866.015625,52458.9874168484
3207,180300120103,Middle Mill Creek,3,0.226415,0,1,1,213458856.601562,82521.1013394919
3208,180300100503,Deer Creek,3,0.283019,1,3,0,106813331.601562,60185.049179413
3209,180300100606,Patterson Creek-North Fork Kings River,1,0.075472,0,1,0,86360484.0390625,49188.8744876822
3210,180400060903,Pitman Creek,1,0.075472,0,1,0,103518152.589844,56500.7004073016
3211,180400060102,Lower Mono Creek,3,0.226415,0,3,0,180566585.265625,76152.0590272486
3212,180901010301,Grant Lake-Rush Creek,4,0.339623,2,3,0,241866540.078125,89126.9213265483
3213,180901010402,Mill Creek,2,0.188679,2,1,0,101097231.519531,68348.0466531996
3214,180901010302,Mono Craters Tunnel,1,0.075472,0,1,0,135734312.605469,58676.6828155336
3215,180701030104,Upper Conejo Arroyo,4,0.358491,1,0,2,164034502.484375,81099.0566982564
3216,180701040204,Solstice Canyon-Frontal Santa Monica Bay,2,0.132075,1,1,0,81625823.7578125,48518.2057718306
3217,180701020706,Boulder Creek-Sespe Creek,5,0.679245,4,2,2,134330067.007812,57698.8459678184
3218,180701020403,Salt Canyon-Santa Clara River,5,0.773585,3,2,3,229444867.574219,103148.916856723
3219,180701020505,Snowy Creek-Piru Creek,5,0.45283,0,2,2,172188463.347656,65735.9460022373
3220,180902061301,Oso Canyon,0,0,0,0,0,118536935.703125,50319.4307146329
3221,180300030903,180300030903,1,0.075472,0,1,0,81495361.3945312,68251.298808248
3222,180300030503,Lower Tejon Creek,2,0.150943,0,2,0,174567585.007812,103012.259526363
3223,180300030407,Lower Caliente Creek,1,0.075472,0,1,0,152479046.875,90164.0108715236
3224,180300040101,Sandy Creek-Poso Creek,0,0,0,0,0,116865672.867188,51653.778679799
3225,180300050401,Pothole Creek-Deer Creek,0,0,0,0,0,127257392.097656,56835.938213016
3226,180300060204,Lower North Fork Tule River,1,0.075472,0,1,0,95022353.5429688,54389.1971282861
3227,180300060402,Middle Yokohl Creek,3,0.226415,0,1,1,71383367.1367188,47207.0826102029
3228,180300070601,Upper Dry Creek,0,0,0,0,0,77454554.2421875,46794.9818634195
3229,180300070301,Dorst Creek,0,0,0,0,0,114540037.582031,56971.4971465491
3230,180300100404,Boulder Creek-South Fork Kings River,2,0.150943,0,0,1,154919223.761719,62823.8237313741
3231,180400060203,Goddard Canyon-South Fork San Joaquin River,2,0.150943,0,2,0,117812580.03125,68129.452724152
3232,180400060101,Upper Mono Creek,3,0.226415,0,3,0,239894469.957031,73892.6811738413
3233,180901020204,Mammoth Creek,3,0.264151,2,2,0,144381519.945312,64766.9802545971
3234,180901020207,Convict Creek,4,0.320755,3,2,0,246533380.597656,77974.563658977
3235,180901010103,Larkin Lake-Alkali Valley,0,0,0,0,0,33938594.7421875,43249.756483391
3236,180701040402,Santa Monica Canyon,3,0.226415,0,1,1,57326604.9921875,40794.9266405244
3237,180701050206,Lower Pacoima Wash,1,0.075472,0,1,0,98466430.5195312,61712.1673296584
3238,180701020305,Middle Castaic Creek,4,0.377359,0,1,2,71335787.9414062,42343.6729461403
3239,180300030501,Upper Tejon Creek,0,0,0,0,0,61449626.484375,35400.7389292413
3240,180300030205,Lower Tehachapi Creek,0,0,0,0,0,96067748.5820312,54143.300886579
3241,180300030301,Rancheria Creek,0,0,0,0,0,104217179.46875,54130.756579491
3242,180300060101,South Fork Middle Fork Tule River,4,0.301887,0,2,1,176177555.019531,69936.1000658877
3243,180300010303,Lower Little Kern River,2,0.132075,1,1,0,190141550.316406,82094.8400211804
3244,180300010601,Salmon Creek,1,0.075472,0,1,0,100921500.132812,61086.0098989495
3245,180901020402,McGee Creek,2,0.188679,2,1,0,143328653.625,76934.7005623047
3246,180901020701,Fish Slough,2,0.188679,2,1,0,152295403.996094,61740.5311035093
3247,180901010606,Pizona Creek,0,0,0,0,0,65871666.4335938,41497.9356991773
3248,180701020102,Kentucky Springs Canyon-Santa Clara River,0,0,0,0,0,75939872.6523438,52325.6559613816
3249,180902062402,180902062402,0,0,0,0,0,65398796.5078125,77903.6628962228
3250,180902061407,Middle Amargosa Creek,0,0,0,0,0,110789256.730469,78979.6090130111
3251,180300030402,Headwaters Caliente Creek,0,0,0,0,0,79833738.9570312,43663.9718531236
3252,180300020604,Lower Kelso Creek,0,0,0,0,0,112222233.261719,69040.5782336709
3253,180902060203,Lower Cottonwood Creek,0,0,0,0,0,101923187.328125,55185.1462690479
3254,180902050401,Bird Spring Canyon,0,0,0,0,0,80718968.3828125,47952.4496182202
3255,180902060303,Lower Jawbone Canyon,0,0,0,0,0,144178033.09375,74083.7228342535
3256,180300020701,Fay Creek,2,0.150943,0,2,0,104657483.597656,72541.9951657838
3257,180300020303,Taylor Creek,1,0.075472,0,1,0,75454442.2773438,43118.8525302684
3258,180300020304,Bartolas Creek-South Fork Kern River,0,0,0,0,0,233614011.101562,94401.6918118532
3259,180300020205,Pine Creek-South Fork Kern River,1,0.056604,1,0,0,145888429.355469,99213.2565594669
3260,180901030404,Upper Cottonwood Creek,1,0.075472,0,1,0,86027205.5351562,46534.4563758957
3261,180901030502,North Haiwee Reservoir,0,0,0,0,0,116108564.058594,81163.135375736
3262,180901030105,Tulare Swamp,4,0.320755,3,2,0,422031024.335938,140864.316341361
3263,180901030406,Lubken Creek,0,0,0,0,0,64854067.3515625,46841.9380499607
3264,180901030205,Union Wash-Owens River,0,0,0,0,0,131061689.085938,70526.470955476
3265,180901020801,Soldier Canyon,0,0,0,0,0,236908292.5625,93441.7620311577
3266,160600100901,Brusher Creek-Frontal Fish Lake Valley,0,0,0,0,0,38177695.8632812,35348.1870856687
3267,160600100902,Perry Aiken Creek,0,0,0,0,0,91987712.0820312,47386.0767059526
3268,160600101300,Fish Lake,0,0,0,0,0,30418564.0039062,59334.2033805017
3269,180701060303,Iron Fork-San Gabriel River,5,0.698113,3,3,2,160735573.765625,69273.0819528544
3270,180701060203,Bear Creek,5,0.773585,3,4,2,107064156.332031,52076.2289158159
3271,180902061003,Big Rock Wash,0,0,0,0,0,75541170.671875,72387.1862716624
3272,180902061902,Grandview Canyon,0,0,0,0,0,162204375.3125,77357.1237620417
3273,180902062401,180902062401,0,0,0,0,0,103528006.609375,69587.5388270011
3274,180902060402,Town of California City,0,0,0,0,0,131267571.628906,64358.8485736362
3275,180902050406,Lower Little Dixie Wash,0,0,0,0,0,170568005.097656,119703.124940258
3276,180902050701,Indian Wells Canyon,0,0,0,0,0,65859845.2773438,41996.7423286206
3277,180902050704,Grapevine Canyon,0,0,0,0,0,202427294.335938,90385.9418915026
3278,180902050305,Fine Canyon-Rose Valley,0,0,0,0,0,172550235.332031,95949.0922777196
3279,180902050205,Black Canyon-Airport Lake,0,0,0,0,0,220964753.835938,136372.368977579
3280,180901030302,Black Rock Canyon,0,0,0,0,0,130665817.753906,55226.0254977475
3281,180902010902,Hunter Canyon,0,0,0,0,0,90718496.9414062,43753.1399778388
3282,180901030401,Burgess Well,0,0,0,0,0,93741407.7148438,53589.2889919249
3283,180902010303,Soldier Pass Canyon,0,0,0,0,0,201271443.476562,92956.4847168818
3284,180702030603,Lake Mathews,3,0.283019,1,1,1,177214501.082031,88505.6276622192
3285,180902080404,El Mirage Lake,0,0,0,0,0,234224051.449219,124251.459806385
3286,180902080601,Shadow Hills-Fremont Wash,0,0,0,0,0,154268759.1875,84643.3360237134
3287,180902080602,Sun Hill Ranch Airport,0,0,0,0,0,93230910.359375,44514.9269609723
3288,180902071102,Town of Kramer Hills,0,0,0,0,0,210959287.261719,72426.8353011579
3289,180902080603,South Lake-Fremont Wash,0,0,0,0,0,104674742.753906,85494.5188703454
3290,180902062101,Boron T Pond 6 738-003 Dam,0,0,0,0,0,64414842.890625,38992.0630221119
3291,180902061202,180902061202,0,0,0,0,0,214959585.613281,68658.051325591
3292,180902050101,Dead End Canyon,0,0,0,0,0,90249662.4921875,66034.8477813599
3293,180902051201,Homewood Canyon,0,0,0,0,0,79572244.0976562,47813.6406150421
3294,180902040201,Upper Lee Wash,0,0,0,0,0,163624494.925781,66365.7523919838
3295,180902040402,Rainbow Canyon,0,0,0,0,0,120023671.359375,76008.4869223013
3296,180902040406,Nova Canyon-Panamint Valley,0,0,0,0,0,272043416.679688,93877.542618006
3297,180902030601,Bighorn Gorge,0,0,0,0,0,126255399.585938,60182.5837396265
3298,180902010702,180902010702,0,0,0,0,0,220674987.972656,78385.0612897295
3299,180902030104,Last Chance Canyon,0,0,0,0,0,142922943.828125,61933.419042708
3300,180902030103,Cottonwood Creek-Death Valley Wash,0,0,0,0,0,52771198.875,41086.9771291117
3301,180703040402,Los Penasquitos Creek,4,0.377359,0,1,2,212747492.128906,87506.2111781517
3302,180703030503,San Marcos Creek,3,0.226415,0,1,1,198139634.375,101307.881965099
3303,180703030204,Keys Creek,1,0.075472,0,1,0,136323556.457031,77027.6886993492
3304,180902080202,Grass Valley Creek-West Fork Mojave River,5,0.528302,0,3,2,154584341.859375,91197.1051421406
3305,180902080102,Upper Deep Creek,4,0.301887,0,2,1,116471105.65625,58861.7998007054
3306,180902080706,Burkhardt Lake-Mojave River,5,0.45283,0,2,2,220529356.597656,98800.9332803122
3307,180902080304,Apple Pond-Apple Valley Dry Lake,0,0,0,0,0,163531866.3125,80116.2415362881
3308,180902080302,Isabelle Spring,0,0,0,0,0,67540959.4375,48519.8007776127
3309,180902040601,Seep Spring-Pilot Knob Valley,0,0,0,0,0,135139595.765625,79327.39249003
3310,180902040801,Lone Willow Spring-Panamint Valley,0,0,0,0,0,225300430.839844,72772.3101377638
3311,180902030304,Lower Marble Canyon,0,0,0,0,0,73977114.6757812,52849.6245201742
3312,180902030805,Tucki Mountain,0,0,0,0,0,70727287.546875,54951.4218484318
3313,180902030501,Grapevine Peak,0,0,0,0,0,130877317.851562,60369.2145039282
3314,180703041003,Lower Otay Reservoir,3,0.226415,0,1,1,119759062.90625,56410.5972491987
3315,180703051201,Mine Canyon-Cottonwood Creek,4,0.301887,0,2,1,34096151.078125,27699.2842666732
3316,180703040505,El Capitan Reservoir-San Diego River,2,0.150943,0,2,0,159526524.070312,83013.8454417627
3317,180703040204,Lower Santa Maria Creek,4,0.301887,0,2,1,64320747.609375,44784.358205673
3318,180702020202,Laborde Canyon-San Jacinto River,3,0.226415,0,1,1,245619105.503906,109167.648915299
3319,181002010104,Upper San Gorgonio River,3,0.226415,0,1,1,135069962.957031,88857.087196927
3320,180702030501,Mill Creek,3,0.226415,0,1,1,160575202.683594,65311.4230148535
3321,180702030102,Big Bear Lake,3,0.226415,0,1,1,136231243.921875,61049.8171151755
3322,181001000404,Lucerne Lake,0,0,0,0,0,231503131.921875,133419.121831929
3323,180902081103,180902081103,0,0,0,0,0,61788401.4921875,40605.6861473074
3324,180902040502,180902040502,0,0,0,0,0,166892550.78125,82854.6274247327
3325,180902040702,Myrick Spring,0,0,0,0,0,63442453.4492188,55712.87394154
3326,180902031901,Hidden Spring,0,0,0,0,0,95058802.921875,62081.1836725647
3327,180902032202,Lower Warm Spring Canyon,0,0,0,0,0,162995038.023438,58580.1922530061
3328,180902030809,Cottonball Marsh-Salt Creek,1,0.113208,2,0,0,638592700.15625,209215.495055901
3329,180902030802,Boundary Canyon,0,0,0,0,0,112332592.523438,84534.1338230222
3330,180703051105,Lower Tecate Creek,0,0,0,0,0,31400287.5976562,49605.0587011078
3331,180703050803,Lower Pine Valley Creek,4,0.377359,0,1,2,70275271.3945312,50094.0116788543
3332,180703040503,Boulder Creekb,5,0.45283,0,2,2,125274424.9375,71738.823094799
3333,180703050901,La Posta Creek,4,0.301887,0,2,1,172537419.578125,88108.3155771165
3334,180703040501,Cedar Creek,5,0.528302,0,3,2,94010238.5429688,60930.4389518759
3335,181002030403,Grapevine Canyon,1,0.075472,0,1,0,89175285.8398438,48646.1363071769
3336,180703020201,Upper Cahuilla Creek,0,0,0,0,0,222902595.917969,83159.3754839083
3337,181002030101,Butler Canyon,0,0,0,0,0,85851674.1367188,79323.5716726109
3338,181001000602,Ruby Canyon,0,0,0,0,0,89524456.7421875,58165.0651623655
3339,180902081306,Newberry Spring,0,0,0,0,0,187185780.449219,64204.7610828409
3340,180902081307,180902081307,0,0,0,0,0,74095906.5546875,55485.4531805389
3341,180902081303,180902081303,0,0,0,0,0,238109251.371094,79026.4636184945
3342,180902081501,Garlic Spring,0,0,0,0,0,153282994.753906,58162.8919989566
3343,180902081404,Manix Wash,0,0,0,0,0,182079956.042969,78703.5387162458
3344,180902081704,180902081704-Frontal West Cronise Lake,0,0,0,0,0,196290460.34375,87549.532151431
3345,181002020202,Blue Angels Peak,0,0,0,0,0,782293.015625,7246.99538578273
3346,181002020106,Indian Valley,0,0,0,0,0,69015596.640625,42909.148558485
3347,181002041001,Palm Canyon Wash,0,0,0,0,0,109534082.238281,67153.8584305116
3348,181002041003,Jojoba Wash,0,0,0,0,0,186492053.851562,80931.6307594982
3349,181002030304,Borrego Sink Wash,0,0,0,0,0,211906515.4375,80809.0013937946
3350,181002030406,Mine Wash-San Felipe Creek,1,0.075472,0,1,0,182601952.875,108858.601243226
3351,181002030104,Lower Clark Valley,0,0,0,0,0,247099915.699219,92878.3447317062
3352,181002030602,Lower Fish Creek Wash,1,0.056604,1,0,0,130579712.261719,97740.5431037756
3353,181002030102,Upper Clark Valley,0,0,0,0,0,105665246.164062,53148.5659634798
3354,181002030103,Middle Clark Valley,0,0,0,0,0,99839469.015625,55933.0959250629
3355,181002041502,Barton Canyon,1,0.056604,1,0,0,159331052.640625,65023.9330394327
3356,181002010604,Thousand Palms Canyon,1,0.056604,1,0,0,171523092.207031,94527.6128196659
3357,181002010603,Fan Canyon,0,0,0,0,0,131751445.519531,75879.1225253112
3358,181002010605,Pushawalla Canyon,0,0,0,0,0,122089358.78125,67195.7851308806
3359,181001001501,Cow Camp Dam,0,0,0,0,0,61411712.1210938,49022.3149218755
3360,181001001103,Sunshine Peak,0,0,0,0,0,188513349.945312,76158.2083327635
3361,180902082204,Hidden Valley Wash,0,0,0,0,0,181810557.9375,88729.3621612672
3362,180902081601,Argos Wash,0,0,0,0,0,189843094.917969,80680.2232787819
3363,180902081605,Natural Arch-Broadwell Lake,0,0,0,0,0,176645287.476562,96622.8578205143
3364,180902031503,Sheep Creek Spring-Amargosa River,0,0,0,0,0,112892945.28125,105422.215120239
3365,180902031008,Red Pass-Salt Creek,0,0,0,0,0,214381329.640625,80210.8120969698
3366,180902031701,Cottonwood Spring,0,0,0,0,0,75539534.9648438,39033.6462020638
3367,180902021704,Sheephead Spring,0,0,0,0,0,240444115.59375,74626.8043056618
3368,181002041006,Town of Plaster City,0,0,0,0,0,103871797.949219,50745.4443804697
3369,181002041008,Salt Creek Slough,0,0,0,0,0,225228446.269531,126469.247593656
3370,181002041203,Bat Cave Buttes-Frontal Salton Sea,2,0.188679,2,1,0,141118177.199219,109374.61844474
3371,181001002304,Town of Old Dale,0,0,0,0,0,72379110.5039062,52599.1970871147
3372,181001002202,181001002202,0,0,0,0,0,303615014.792969,103760.528457655
3373,180902031301,Rabbit Holes Spring,0,0,0,0,0,105241035.476562,61285.7456706889
3374,160600150507,Carpenter Canyon,0,0,0,0,0,2260155.32421875,6746.09849679835
3375,160600150504,Trout Canyon-Frontal Pahrump Valley,0,0,0,0,0,41501935.9726562,37455.6649666293
3376,160600150404,Stump Spring-Calvada Springs,0,0,0,0,0,31384440.0117188,30962.6487385801
3377,181002041101,Upper New River,0,0,0,0,0,373822595.789062,117999.513074974
3378,181002041401,181002041401,1,0.056604,1,0,0,108068158.179688,62820.6284423829
3379,181002041309,Town of Niland-Frontal Salton Sea,4,0.339623,2,3,0,380558856.246094,246509.46286517
3380,181002040603,Headwaters Salt Creek,0,0,0,0,0,92864281.9492188,90677.0451012313
3381,181001004804,Red Cloud Wash,0,0,0,0,0,79469746.8203125,69265.396410314
3382,181001002801,181001002801,0,0,0,0,0,133128740.976562,60199.4620790338
3383,180902081908,Kelso Peak-Kelso Wash,0,0,0,0,0,193625571,90846.2608125985
3384,180902081901,Burro Spring-Kelso Wash,0,0,0,0,0,142369393.425781,79970.3705472052
3385,180902031103,Rock Tank,0,0,0,0,0,169037219.558594,72200.4968495368
3386,160600151206,Oro Wash-Frontal Ivanpah Lake,1,0.056604,1,0,0,385142634.300781,122323.566732443
3387,160600150704,160600150704,0,0,0,0,0,94575947.2617188,51315.9102356456
3388,180902031108,Curtis Canyon-Kingston Wash,0,0,0,0,0,244493067.105469,97166.9482820204
3389,160600150805,Mesquite Lake,0,0,0,0,0,287968830.785156,104309.696883005
3390,150301040901,Arroyo Seco,0,0,0,0,0,168200765.070312,94970.6631358515
3391,181001005410,Ford Dry Lake,0,0,0,0,0,216269894.863281,144404.527331337
3392,181001004702,181001004702-Pinto Wash,0,0,0,0,0,125550563.105469,53748.7342301961
3393,181001004906,Lower Big Wash,0,0,0,0,0,110140047.039062,111676.139855794
3394,181001004601,181001004601,0,0,0,0,0,213148398.316406,95211.6778140204
3395,181001003605,181001003605,0,0,0,0,0,100782626.683594,54430.0446080991
3396,181001004005,Iron Mountain Tunnel,0,0,0,0,0,119719949.546875,51472.1038480589
3397,181001004004,Granite Pass,0,0,0,0,0,172073919.644531,67178.8617829287
3398,181001003703,Scanlon Gulch,0,0,0,0,0,97582987.4648438,82832.7039335253
3399,181001003305,Lower Woods Wash,0,0,0,0,0,145637985.179688,125786.438901858
3400,160600151103,Town of Desert-Frontal Ivanpah Lake,0,0,0,0,0,43330962.875,27851.3455952828
3401,181002040302,181002040302,0,0,0,0,0,97471986.8164062,79509.0325639661
3402,181001005303,McCoy Spring,0,0,0,0,0,127760366.03125,76334.9907955788
3403,181001004306,Browns Well,0,0,0,0,0,108518522.671875,45733.5838008623
3404,181001003904,Colton Wash-Homer Wash,0,0,0,0,0,162171725.152344,87297.4150993737
3405,181001003908,Sunflower Wash-Homer Wash,0,0,0,0,0,193673225.167969,134556.987733244
3406,181001003902,181001003902-Homer Wash,0,0,0,0,0,99227074.3828125,68080.1772795317
3407,150301070102,Unnamed Wash,0,0,0,0,0,120725687.269531,62191.8117721854
3408,150301041106,Vinagre Wash,1,0.075472,0,1,0,167891715.210938,83837.8227806121
3409,150301040203,Middle Vidal Wash,0,0,0,0,0,172021025.804688,86321.3580533726
3410,150301040204,150301040204,0,0,0,0,0,251723813.34375,80092.7432057454
3411,150301010502,Headwaters Chemehuevi Wash,0,0,0,0,0,222070897.847656,72212.576106524
3412,150301010507,Turtle Mountains-Chemehuevi Wash,0,0,0,0,0,135683822.789062,78999.8328928983
3413,150301010412,Bat Cave Wash-Colorado River,1,0.056604,1,0,0,123298764.359375,54081.0012308371
3414,180201560204,Digger Creek-Elder Creek,4,0.377358,4,0,1,245252648.328125,155705.335292044
3415,180400010803,Buttonwillow Slough-Lone Willow Slough,4,0.377359,0,1,2,700182248.011719,218220.076481191
3416,180101070402,Big Flat Creek-Frontal Pacific Ocean,2,0.132075,1,1,0,146897308.417969,102095.318304828
3417,180101070207,Squaw Creek,4,0.301887,4,1,0,73741145.015625,45273.7384870663
3418,180101051102,Strongs Creek-Eel River,5,0.641509,6,2,1,243831089.8125,88040.7043281779
3419,180101020403,Blue Slide Creek-Mad River,5,0.528302,4,4,0,226786114.792969,85259.2813519625
3420,180101050801,North Fork Yager Creek,3,0.245283,3,1,0,211154938.878906,87039.8594244388
3421,180101020402,Boulder Creek,4,0.396226,3,3,0,86091110.6953125,51857.1524191615
3422,180102091002,Tully Creek-Klamath River,5,0.45283,4,3,0,246538272.050781,89253.8192490865
3423,180102091103,McGarvey Creek-Klamath River,5,0.641509,6,4,0,208258951.816406,83416.6109371678
3424,180102091007,Ah Pah Creek-Klamath River,5,0.528302,4,4,0,211077942.453125,95961.5733748211
3425,180101010402,Mill Creek,5,0.471698,3,4,0,172060276.632812,66816.9324531973
3426,180101080402,Lower Rancheria Creek,3,0.264151,2,2,0,237501856.804688,93094.7568619399
3427,180101050402,Kekawaka Creek,1,0.113208,2,0,0,146816440.355469,66997.4018358991
3428,180101050901,Butte Creek,3,0.264151,2,2,0,75294409.8867188,41146.3114070939
3429,180102120504,Old Campbell Creek,5,0.603774,4,3,1,105192450.050781,50728.1215756863
3430,180102111203,Horse Linto Creek,5,0.528302,4,4,0,180148150.460938,79735.1513648234
3431,180102090702,Ti Creek-Klamath River,5,0.584906,5,4,0,98564077.859375,53564.723275492
3432,180102090703,Reynolds Creek-Klamath River,5,0.584906,5,4,0,249740854.855469,75626.860060547
3433,171003110301,Upper East Fork Illinois River,2,0.132075,1,1,0,75523044.0234375,45579.881439168
3434,180101090102,House Creek,5,0.433962,1,3,1,121218295.238281,56973.8105231075
3435,180101100202,Salt Hollow Creek-Russian River,3,0.264151,2,0,1,150529284.40625,65816.9418769489
3436,180101040506,Simmerly Creek-Middle Fork Eel River,1,0.113208,2,0,0,98176471.3007812,54401.0415764623
3437,180101040303,Grist Creek,1,0.056604,1,0,0,101019027.464844,56439.8189818289
3438,180101040304,Turner Creek-Mill Creek,2,0.188679,2,1,0,114995501.050781,56780.0603078233
3439,180101020203,Ruth Lake-Mad River,3,0.226415,0,1,1,141202912.394531,54939.3084254825
3440,180101050105,Upper North Fork Eel River,2,0.132075,1,1,0,151705886.980469,59809.9918460535
3441,180102120404,Little Bear Wallow Creek-South Fork Trinity River,5,0.660377,5,3,1,185425873.457031,64594.9152325917
3442,180102111007,Bell Creek-New River,5,0.433962,5,2,0,154117841.945312,78901.7791825324
3443,180102090302,East Fork Elk Creek,2,0.169811,3,0,0,75163814.3203125,43316.7294611762
3444,180500050503,Coast Creek-Frontal Pacific Ocean,3,0.207547,1,2,0,99244030.7265625,76321.5570488182
3445,180500050301,Bodega Harbor,1,0.113208,2,0,0,35625543.7890625,31701.2651511156
3446,180201160103,Middle Scotts Creek,2,0.150943,0,0,1,144165983.699219,79644.7374754096
3447,180101100102,Cold Creek,1,0.075472,0,1,0,78703017.0117188,45015.1390946015
3448,180201160204,Salt Flat Creek-Middle Creek,2,0.132075,1,1,0,60762744.078125,44517.8190233002
3449,180101030102,Bear Creek-Rice Fork,3,0.226415,0,1,1,116724792.757812,72095.5789647719
3450,180101040104,Blue Slide Creek-Black Butte River,1,0.113208,2,0,0,132881409.210938,49936.3076350612
3451,180101040101,Spanish Creek-Black Butte River,2,0.169811,3,0,0,117650429.207031,53093.2932522299
3452,180102120202,Dubakella Creek-Hayfork Creek,4,0.339623,2,1,1,227185264.980469,91692.5143169078
3453,180201520401,Buck Creek,1,0.056604,1,0,0,100099425.164062,43470.2167177403
3454,180102120201,East Fork Hayfork Creek,3,0.283019,1,1,1,117695267.292969,55462.0645354305
3455,180102110402,East Fork Stuart Fork,2,0.150943,0,2,0,148835471.082031,61839.0835458499
3456,180102100101,Big Bend Creek-South Fork Salmon River,4,0.377358,4,2,0,189621279.941406,65563.8483182074
3457,180102061004,Horse Creek,2,0.169811,3,0,0,284823635.847656,75097.2112235839
3458,180102061003,McKinney Creek-Klamath River,3,0.226415,4,0,0,141349707.488281,69089.307512562
3459,180102060903,West Fork Beaver Creek,1,0.113208,2,0,0,143354705.390625,52573.8795135938
3460,171003090108,Squaw Creek,0,0,0,0,0,18944.7734375,769.972004515418
3461,180500060205,Denniston Creek-Frontal Pacific Ocean,2,0.132075,1,1,0,87157212.515625,60403.9593426053
3462,180101100704,Lower Laguna De Santa Rosa,4,0.396226,3,1,1,132028243.613281,76331.6989829482
3463,180500020302,Fowler Creek,3,0.283019,1,3,0,80449735.546875,55357.539893532
3464,180101100603,Franz Creek,5,0.490566,2,3,1,100593274.578125,60304.5612424168
3465,180201160406,Long Valley Creek,0,0,0,0,0,162998445.050781,73256.0505276813
3466,180201150103,Hyphus Creek-Little Stony Creek,3,0.226415,0,1,1,74875104.4023438,40763.5119395902
3467,180201150104,East Park Reservoir-Little Stony Creek,1,0.075472,0,1,0,117613073.308594,73062.569862479
3468,180201560202,South Fork Elder Creek,1,0.056604,1,0,0,156294975.765625,87592.9240225155
3469,180201520603,Salt Creek,0,0,0,0,0,209700046.847656,92142.5415824739
3470,180201540103,Willow Creek,4,0.301887,0,2,1,140044342.660156,60444.0555339732
3471,180201540105,Whiskeytown Lake-Clear Creek,3,0.283019,1,1,1,225556883.851562,73259.3413535827
3472,180102110504,Papoose Creek-Trinity River,0,0,0,0,0,194907089.726562,65736.5057446201
3473,180102110103,Lower Coffee Creek,3,0.226415,0,3,0,216355152.433594,74434.2561654136
3474,180102110201,High Camp Creek-Trinity River,4,0.358491,1,2,1,108329498.710938,53230.5401241798
3475,180102110302,Upper East Fork Trinity River,3,0.226415,0,3,0,132680265.542969,49570.4890126617
3476,180102080301,Upper Moffett Creek,0,0,0,0,0,229856117.347656,65592.4179678692
3477,180102070501,Oregon Slough,1,0.056604,1,0,0,145670553.832031,67252.8687068432
3478,180102060602,East Fork Cottonwood Creek,1,0.056604,1,0,0,1589.96875,186.401670368203
3479,180500060301,Waddell Creek,5,0.54717,3,3,1,97756107.0273438,54849.5429580218
3480,180500020604,Tolay Creek-Frontal San Pablo Bay Estuaries,1,0.075472,0,1,0,83014889.53125,58138.3121422105
3481,180500020205,Lower Napa River,4,0.358491,1,2,1,189704840.007812,107199.834141199
3482,180201620202,Maxwell Creek,4,0.301887,0,2,1,148954312.183594,69566.0188467654
3483,180201620308,Butts Creek-Putah Creek,3,0.226415,0,1,1,234737912.351562,95176.5379507031
3484,180201620306,Hunting Creek,3,0.226415,0,1,1,160309876.675781,75243.0035345407
3485,180201040702,Spring Creek,0,0,0,0,0,78439989.5351562,65703.9170784496
3486,180201040601,Grapevine Creek,0,0,0,0,0,148390422.230469,79201.1558869423
3487,180201040504,Lower Logan Creek,4,0.301887,0,0,2,229529192.890625,127459.175886351
3488,180201040501,Upper Logan Creek,0,0,0,0,0,86271229.7382812,49921.382842366
3489,180201040102,Nye Creek,1,0.075472,0,1,0,128535237.027344,84058.4974327841
3490,180201040302,Wilson Creek,0,0,0,0,0,134830209.679688,114220.133074421
3491,180201560606,McClure Creek,2,0.188679,2,1,0,181824566.929688,86921.2156503004
3492,180201520805,Middle Cottonwood Creek,2,0.169811,3,0,0,93558901.0585938,65036.1622794779
3493,180201540203,Salmon Creek-Stillwater Creek,4,0.320755,3,2,0,145883142.28125,89917.8063083197
3494,180200050405,Squaw Creek,2,0.150943,0,2,0,94626930.5234375,47609.7720922077
3495,180200050204,Little Castle Creek-Sacramento River,3,0.226415,0,3,0,154867331.859375,72917.5792743164
3496,180102070402,North Gate,0,0,0,0,0,94861859.2773438,47150.207427766
3497,180102070302,Davis Gulch,1,0.113208,2,0,0,118826811.914062,62181.3241139523
3498,180102060301,Shovel Creek,1,0.113208,2,0,0,238553779.09375,74698.8049037075
3499,180102060302,Long Prairie Creek,1,0.113208,2,0,0,12897270.4960938,17949.839809215
3500,180600150203,Carbonera Creek-San Lorenzo River,5,0.471698,3,2,1,124235577.277344,61251.1405189859
3501,180500060101,Upper Pescadero Creek,4,0.339623,2,3,0,119032649.089844,53778.5093661689
3502,180500030305,San Jose State University-Frontal San Francisco Bay Estuaries,3,0.207547,1,0,1,75920965.7382812,72225.1822044889
3503,180500010303,Arroyo del Hambre-Frontal Suisun Bay Estuaries,4,0.339623,2,1,1,99459403.4765625,90127.444140718
3504,180500010301,Kirker Creek-Frontal Suisun Bay Estuaries,4,0.358491,1,2,1,147248229.207031,100919.87325084
3505,180201630101,Cottonwood Slough,0,0,0,0,0,71578989.8515625,70773.8311244771
3506,180201041001,South Fork Buckeye Creek,2,0.150943,0,2,0,87415292.3046875,55254.0830557426
3507,180201570402,Singer Creek,3,0.245283,3,1,0,130025278.066406,87542.4838402388
3508,180201570102,Little Dry Creek-Dry Creek,4,0.339623,2,1,1,89912096.5,84824.7959979504
3509,180201570603,Rock Creek,2,0.188679,2,1,0,226730860.726562,111818.669862119
3510,180201550103,Lower Paynes Creek,5,0.528302,4,2,1,184663951.125,98074.2495653803
3511,180201560303,Lower Mill Creek,5,0.45283,4,1,1,131297477.644531,100500.559955266
3512,180201510103,Lower Old Cow Creek,4,0.320755,3,0,1,110367570.785156,88364.7146582751
3513,180200040404,Chatterdown Creek,0,0,0,0,0,75860125.8476562,39784.2744896519
3514,180200031101,Roaring Creek,0,0,0,0,0,160884257.351562,54642.6650715866
3515,180102050305,Prather Creek,0,0,0,0,0,125960330.363281,61758.5936163892
3516,180102050303,Davis Canyon-Butte Valley,0,0,0,0,0,258418143.75,79676.1856325586
3517,180102060204,Rock Creek-Klamath River,1,0.113208,2,0,0,114555301.613281,59621.3467380322
3518,180600060303,Big Creek,2,0.132075,1,1,0,88475629.0742188,45644.321201315
3519,180600060105,Las Gazas Creek-Carmel River,4,0.358491,1,2,1,157695101.316406,81273.904653301
3520,180600020303,Lower Llagas Creek,4,0.358491,1,2,1,127325209.597656,73573.5853145089
3521,180400030605,Lower Old River,5,0.660377,5,3,1,430298258.75,247071.978288765
3522,180400030702,Lower Marsh Creek,4,0.301887,0,2,1,149720931.0625,76285.3665278292
3523,180201580202,Lake De Sabla-Butte Creek,4,0.396226,3,1,1,115489971.710938,87808.8382123225
3524,180201580201,Little Butte Creek,2,0.188679,2,1,0,131493157.878906,80466.9560211314
3525,180201570205,Sulphur Creek-Deer Creek,5,0.415094,2,2,1,174572891.878906,64168.5532254167
3526,180201570501,Upper Big Chico Creek,2,0.150943,0,2,0,112486475.628906,57483.8199720577
3527,180201570204,Big Smoky Creek-Deer Creek,4,0.339623,2,1,1,223846284.652344,74447.4205105125
3528,180201560301,Upper Mill Creek,2,0.188679,2,1,0,220058126.679688,101623.497652435
3529,180201530101,Deer Creek,1,0.075472,0,1,0,155967690.445312,72324.1640192328
3530,180600051303,Roosevelt Creek-Arroyo Seco,3,0.283019,1,1,1,121710743.710938,68970.112376143
3531,180600051310,Reliz Creek,3,0.283019,1,1,1,96380003.4335938,74786.7042942809
3532,180600051403,Agua Grande Canyon-Salinas River,2,0.132075,1,1,0,238898724.0625,82207.998757097
3533,180600020702,Pescadero Creek,4,0.358491,1,2,1,161873293.207031,63215.4948638897
3534,180500030103,Canada de los Osos-Coyote Creek,4,0.377358,0,3,1,170488599.128906,86131.5473130684
3535,180600020103,Tequisquita Slough,4,0.358491,1,2,1,164617207.601562,114770.262434756
3536,180400030202,Red Bridge Slough-San Joaquin River,2,0.169811,3,0,0,89970813.75,54285.069133341
3537,180400020501,Hospital Creek,1,0.075472,0,1,0,163509337.640625,102217.011213631
3538,180400030504,Fivemile Creek-San Joaquin River,5,0.433962,5,0,1,205948546.917969,130950.878989732
3539,180201110202,Lower American River,5,0.433962,5,0,1,199528156.082031,83765.7319747756
3540,180201630402,Upper Morrison Creek,3,0.226415,0,1,1,182756805.003906,98747.9920788353
3541,180201590302,Reeds Creek,0,0,0,0,0,189567132.847656,109687.359796889
3542,180201260502,Best Slough-Bear River,5,0.471698,3,0,2,171077570.160156,154243.188458844
3543,180201610302,Pleasant Grove Creek,1,0.075472,0,1,0,200252879.234375,89155.7188197956
3544,180201260302,Camp Far West Reservoir-Bear River,0,0,0,0,0,236424220.140625,82935.2018187877
3545,180201610102,Dutch Ravine-Auburn Ravine,4,0.396226,3,1,1,176325352.59375,150569.73508609
3546,180201230706,Frey Creek-Middle Fork Feather River,2,0.150943,0,2,0,169019624.6875,83308.0755397844
3547,180201210604,Rock Creek,1,0.056604,1,0,0,124330249.328125,52781.5586168276
3548,180201210603,Milk Ranch Creek-North Fork Feather River,3,0.207547,1,2,0,166240216.117188,82883.6973644124
3549,180201210302,Butt Valley Reservoir-Butt Creek,1,0.075472,0,1,0,132647326.46875,71536.1914145652
3550,180201210102,Willow Creek-North Fork Feather River,2,0.150943,0,2,0,222896775.207031,82208.7659197941
3551,180200030601,Snag Lake,0,0,0,0,0,149542316.875,74735.5319067298
3552,180200030606,Lower Butte Creek,0,0,0,0,0,112518082.9375,67369.6643666294
3553,180200030607,Lost Creek,0,0,0,0,0,167900173.335938,90045.5173424594
3554,180102041107,Dobie Flat,0,0,0,0,0,266647070.375,112805.122549934
3555,180600060401,Burnett Creek,3,0.207547,1,0,1,70349686.6054688,43012.4810124152
3556,180600050609,Kavanaugh Creek-Nacimiento River,0,0,0,0,0,126807099.039062,57554.3023088043
3557,180600060406,Santa Rosa Creek,5,0.641509,2,3,2,96138440.2421875,69143.5284218427
3558,180600051402,Monroe Creek-Salinas River,3,0.283019,1,1,1,206499955.066406,73222.2812777917
3559,180600051105,Espinosa Canyon-Salinas River,1,0.056604,1,0,0,113327943.1875,60345.0975436001
3560,180600050904,Bitterwater Creek,2,0.150943,0,2,0,121990683.953125,64637.1065731943
3561,180600050905,Lower Lewis Creek,5,0.45283,0,2,2,156724065.234375,74989.6038670109
3562,180400011201,Spicer Creek-San Luis Creek,4,0.301887,0,2,1,115630457.742188,55979.314516461
3563,180400011205,180400011205-San Luis Creek,0,0,0,0,0,68487371.03125,49301.2223096803
3564,180400011902,180400011902-Los Banos Creek,2,0.150943,0,0,1,142991532.289062,111938.323785195
3565,180400012103,Shag Slough-San Joaquin River,4,0.358491,1,2,1,204595323.710938,93519.574346251
3566,180400100706,Boscha Lake (Historical)-Stanislaus River,3,0.226415,4,0,0,103750410.933594,95594.6880163877
3567,180400091308,Modesto Reservoir-Dry Creek,2,0.188679,2,1,0,200100141.039062,135457.915133905
3568,180400091402,Salter Gulch-Tuolumne River,4,0.377358,4,2,0,201118024.5625,136773.606367094
3569,180400030301,Gilmore 571 Dam,3,0.207547,1,2,0,123674268.09375,69848.9296735661
3570,180400110305,Indian Creek,3,0.207547,1,2,0,126980319.171875,62544.2563668475
3571,180400120604,Mule Creek-Dry Creek,2,0.150943,0,0,1,115382172.371094,70743.8811225919
3572,180201250802,Little Deer Creek-Deer Creek,3,0.226415,0,1,1,93988880.8398438,53573.5346392696
3573,180201260102,Greenhorn Creek,1,0.075472,0,1,0,188481384.109375,76825.2450203461
3574,180201250506,Oregon Creek,3,0.226415,0,1,1,153023618.425781,86343.604721799
3575,180201220902,Soda Creek-East Branch North Fork Feather River,3,0.226415,0,1,1,128553303.433594,64991.6579935967
3576,180201210206,Dry Creek-Hamilton Branch,0,0,0,0,0,108201416.429688,63630.1299084916
3577,180201220901,Rush Creek,2,0.150943,0,2,0,107507422.777344,67467.9424420868
3578,180800030101,Headwaters Pine Creek,0,0,0,0,0,143396046.398438,66966.582162613
3579,180800030102,Martin Creek,0,0,0,0,0,88452385.3945312,46716.7717200218
3580,180200021801,East Fork Juniper Creek,0,0,0,0,0,172608544.210938,78023.5407348662
3581,180200021503,Dutch Flat Creek,1,0.056604,1,0,0,91403683.0117188,52517.866214714
3582,180200021602,Lower Willow Creek,2,0.150943,0,0,1,190798777.074219,89023.5374209044
3583,180102040301,Lost Valley,0,0,0,0,0,85900471.5976562,55698.8762941385
3584,180102040401,Rock Creek,1,0.113208,2,0,0,88470612.0585938,55956.4427523792
3585,180600130102,Canada Honda Creek-Frontal Santa Barbara Channel,3,0.245283,3,1,0,179811313.359375,90823.9301527335
3586,180600060702,Lower San Luis Obispo Creek,4,0.339623,2,1,1,235074323.703125,77506.5895883825
3587,180600060409,Old Creek,5,0.415094,2,2,1,80468213.359375,50292.56138838
3588,180600060502,Chorro Creek,4,0.358491,1,2,1,170903483.066406,67825.4037147424
3589,180600050611,180600050611-Nacimiento River,3,0.283019,1,1,1,183502179.324219,83987.7343030166
3590,180600050806,Los Lobos Springs-Salinas River,1,0.056604,1,0,0,151923897.296875,95712.0360394802
3591,180600050804,Sargent Creek,0,0,0,0,0,209716711.675781,78492.4106978615
3592,180400140101,Pimental Creek,2,0.150943,0,0,1,84396421.5585938,48723.5984252951
3593,180400140102,Vallecitos Creek-Griswold Creek,2,0.150943,0,0,1,90597635.9648438,53346.9703050559
3594,180400140304,Silver Creek,2,0.150943,0,0,1,154325926.683594,70262.4787833502
3595,180400012002,Holland Drain,0,0,0,0,0,250559643.242188,113173.419984991
3596,180400011305,Laguna Seca Creek,2,0.150943,0,0,1,241310372.125,86274.709754118
3597,180400012006,Big Buttonwillow Lake-Salt Slough,4,0.377359,0,1,2,250866997.570312,117697.999319284
3598,180400091306,Town of Paulsell-Dry Creek,2,0.150943,0,2,0,68873273.6484375,59352.6413425475
3599,180400080703,Lower Dry Creek,2,0.132075,1,1,0,171079277.3125,93567.6753599547
3600,180400100701,Wildcat Creek-Stanislaus River,4,0.396226,3,1,1,113676140.988281,56417.7174462811
3601,180400120802,Pardee Reservoir-Mokelumne River,0,0,0,0,0,112202121.929688,64916.915425965
3602,180400120701,Upper Jackson Creek,2,0.150943,0,0,1,149017675.878906,64246.4382302623
3603,180400110205,Cedar Creek-North Fork Calaveras River,0,0,0,0,0,101705356.417969,55477.2799387097
3604,180400120501,Upper Sutter Creek,4,0.301887,0,2,1,161505179.289062,66549.3470381143
3605,180201280107,Indian Creek-North Fork American River,3,0.226415,0,1,1,248212496.953125,101929.36125998
3606,180201280104,East Fork North Fork North Fork American River,0,0,0,0,0,79080642.9101562,39072.2632792212
3607,180201250505,Wolf Creek-Middle Yuba River,1,0.075472,0,1,0,177635369.738281,81781.8668228804
3608,180201250102,Pauley Creek,1,0.075472,0,1,0,111040222.316406,64178.5395253695
3609,180201220701,Estray Creek-Greenhorn Creek,2,0.150943,0,2,0,154867201.289062,66292.6040696011
3610,180201230401,Big Grizzly Creek,0,0,0,0,0,230210385.207031,89508.69473306
3611,180201210201,Mountain Meadows Creek-Frontal Mountain Meadows Reservoir,0,0,0,0,0,101810969.582031,46011.1516952326
3612,180201220403,Cooks Creek,3,0.226415,0,3,0,93479759.9296875,53981.2960134394
3613,180201220401,Upper Lights Creek,2,0.150943,0,2,0,157013894.070312,74736.6043397134
3614,180800030406,Cheney Creek-Susan River,0,0,0,0,0,122929045.082031,69181.690810764
3615,180800030301,Antelope Valley-Pine Creek,0,0,0,0,0,152329747.992188,65413.3540845305
3616,180800030307,Eagle Lake,1,0.113208,2,0,0,172052182.886719,124232.789057582
3617,180800030304,Lower Dry Lake-Frontal Eagle Lake,1,0.113208,2,0,0,135797089.359375,72843.068371241
3618,180800030303,Cleghorn Creek-Frontal Eagle Lake,1,0.113208,2,0,0,170083615.472656,90695.6672213413
3619,180800020206,Bailey Creek,0,0,0,0,0,237405224.148438,74444.2655602083
3620,180200021501,Messenger Gulch,0,0,0,0,0,60757116.8476562,40297.1446555102
3621,180200021701,Butte Creek,2,0.150943,0,0,1,177476508.992188,76481.8637847107
3622,180200021403,Cottonwood Creek,0,0,0,0,0,117067417.242188,66585.7773840143
3623,180200020801,Upper Canyon Creek,0,0,0,0,0,175106270.855469,64396.99715222
3624,180200021201,Toms Creek,2,0.150943,0,0,1,92319996.3984375,52811.1426181686
3625,180102040103,Mosquito Creek-Willow Creek,1,0.056604,1,0,0,131664394.328125,72895.1551265829
3626,180200020702,Logan Slough,0,0,0,0,0,253039161.472656,86084.5051389635
3627,180600040302,Shell Creek,1,0.075472,0,1,0,207754629.257812,88524.8934247628
3628,180600040408,Ranchito Canyon,0,0,0,0,0,91197911.6601562,70498.7925045382
3629,180600040406,Hog Canyon,0,0,0,0,0,89022947.1953125,70985.8476220498
3630,180600040202,Headwaters Cholame Creek,0,0,0,0,0,111282070.5625,64321.7859182283
3631,180300120606,Lower Los Gatos Creek,1,0.075472,0,1,0,156139383.015625,127594.903812086
3632,180300090603,Salt Creek,0,0,0,0,0,160347972.691406,69809.9182154563
3633,180300090802,Town of Cantua Creek,0,0,0,0,0,119522620.613281,68148.2993607767
3634,180300090608,180300090608-Fresno Slough,0,0,0,0,0,329331951.84375,164222.261709697
3635,180400010806,Lone Willow Slough-San Joaquin River,4,0.358491,1,0,2,179182321.910156,217531.737415247
3636,180400091302,North Fork Dry Creek,2,0.150943,0,2,0,95416274.8203125,62744.7077252534
3637,180400080801,Jones Flat-Merced River,2,0.132075,1,1,0,100939460.027344,64457.613491066
3638,180400080604,Lake McClure-Merced River,3,0.226415,0,1,1,236150557.957031,106490.804883926
3639,180400091203,Rough and Ready Creek-Tuolumne River,3,0.207547,1,0,1,151563528.898438,68030.5226060666
3640,180400100601,Rose Creek,3,0.226415,0,1,1,178335364.722656,74669.6390625273
3641,180400130101,Sly Park Creek,4,0.377358,0,3,1,88165880.5625,65086.5051216351
3642,180400130402,Dogtown Creek,2,0.150943,0,2,0,87805836.9101562,55890.0981587241
3643,180201280102,Big Granite Creek,1,0.075472,0,1,0,78295981.953125,41595.3283980319
3644,180201250201,Haypress Creek,0,0,0,0,0,140750410.941406,56897.7444736859
3645,180201230303,Lemon Canyon-Perry Creek,0,0,0,0,0,128173327.171875,56230.7144687581
3646,180201230309,North Channel Little Last Chance Creek,0,0,0,0,0,192540370.824219,69836.6795428207
3647,180201220203,Clarks Creek,3,0.207547,1,2,0,81802622.171875,57426.7688169734
3648,180800030601,Branham Reservoir-Pine Creek,0,0,0,0,0,155793695.429688,61897.3074820969
3649,180200020302,Warm Creek-South Fork Pit River,2,0.188679,2,1,0,122017794.011719,57851.864007691
3650,180200020202,Moon Lake,0,0,0,0,0,118392286.273438,55107.5438976176
3651,180600040101,Big Spring,0,0,0,0,0,114224326.359375,70154.9001402246
3652,180600040106,Sandy Canyon,0,0,0,0,0,75720847.2382812,42206.4046588485
3653,180300121703,Lower Avenal Creek,0,0,0,0,0,179206952.085938,78597.0224455443
3654,180300121401,Woods Canyon,1,0.075472,0,1,0,131524905.3125,64384.8865938885
3655,180300121803,El Rincon,0,0,0,0,0,162774728.765625,93984.8830224094
3656,180300121404,Salt Spring,0,0,0,0,0,118071633.027344,54260.3772582739
3657,180300122203,Arroyo Culebrino-Frontal Tulare Lake Bed,0,0,0,0,0,229102199.890625,91929.097991575
3658,180300120503,Canoas Creek,0,0,0,0,0,131788522.464844,72024.714111113
3659,180300120704,Town of Lemoore-Kings River,2,0.150943,0,0,1,281639189.234375,149792.899090416
3660,180300090207,Liberty Millrace-Fresno Slough,0,0,0,0,0,221264027.632812,149030.527863906
3661,180300090103,Turner Ditch-Fresno Slough,0,0,0,0,0,213265092.441406,127256.690590977
3662,180300090704,Empire Ditch-James Bypass,1,0.075472,0,1,0,198059529.835938,101531.068724028
3663,180300090505,Oleander Canal-Fish Slough,0,0,0,0,0,232381204.417969,127589.640963033
3664,180400070501,Berenda Creek,2,0.150943,0,2,0,157965187.34375,115754.681352475
3665,180400011501,Agua Fria Creek,2,0.150943,0,0,1,113394281.855469,51196.1348826308
3666,180400091201,Big Jackass Creek,2,0.132075,1,1,0,75858533.9023438,44906.037403011
3667,160501010500,Lake Tahoe,2,0.188679,2,1,0,575791528.773438,130963.349916299
3668,160501020106,Stampede Reservoir-Little Truckee River,2,0.132075,1,1,0,100824105.1875,59800.2468362682
3669,160501020105,Davies Creek,1,0.056604,1,0,0,143573704.148438,78014.1743550687
3670,180800030506,Middle Deep Creek,0,0,0,0,0,93785167.1210938,48577.4430463158
3671,180800020107,Lower Red Rock Creek,0,0,0,0,0,162066212.183594,82411.6376263318
3672,160402040507,Powell Reservoir,0,0,0,0,0,62307460.3203125,42952.0728601517
3673,180800020104,Buckhorn Reservoir,0,0,0,0,0,113323963.574219,62405.0580689878
3674,180800010306,Eagle Creek,0,0,0,0,0,80377446.2773438,55060.822733458
3675,180800010201,Sand Creek-Frontal Middle Alkali Lake,0,0,0,0,0,110172070.921875,72834.7796724002
3676,180600140201,Santa Cruz Island-Frontal Santa Barbara Channel,1,0.075472,0,1,0,164519014.757812,146634.877130327
3677,180600130201,Atascadero Creek,3,0.283019,1,1,1,75647263.6054688,46987.7921550014
3678,180600100304,Lower Santa Cruz Creek,2,0.150943,0,0,1,85283281.2148438,57591.8873690611
3679,180600070206,Salisbury Canyon Wash,0,0,0,0,0,92266991.5390625,70298.8319002414
3680,180600030102,Black Sulphur Spring-Carrizo Plain,0,0,0,0,0,628925242.539062,125593.813542981
3681,180300121103,Sulphur Spring,0,0,0,0,0,65262146.0390625,62987.6744687133
3682,180300121207,180300121207-Kern River Flood Canal,0,0,0,0,0,170487136.355469,108997.436780798
3683,180300121902,Hacienda Spillway,0,0,0,0,0,103383279.636719,54973.775293992
3684,180400010702,Split Rock Creek-Chowchilla River,1,0.075472,0,1,0,109793469.40625,71122.2578869909
3685,180400010502,Middle Fork Chowchilla River,0,0,0,0,0,69390306.8515625,66482.3054386789
3686,180400080502,Bear Creek,1,0.075472,0,1,0,93245705.4921875,45461.8563842977
3687,180400090601,Upper Middle Tuolumne River,3,0.226415,0,3,0,206034562.101562,92699.5702117985
3688,180400100205,Douglas Creek-Middle Fork Stanislaus River,1,0.075472,0,1,0,149234043.878906,73346.5683956964
3689,180400100203,Deadman Creek,3,0.283019,1,3,0,68338415.4726562,41436.6161571795
3690,160502010104,Silver Creek,3,0.207547,1,2,0,130472553.925781,58693.3687266815
3691,160502010201,Leviathan Canyon,0,0,0,0,0,115139253.515625,49128.2587638896
3692,160502010302,Middle West Fork Carson River,0,0,0,0,0,116187285.980469,53381.0610584107
3693,180600100103,Lower Mono Creek,5,0.528302,0,3,2,155612934.578125,77495.511414451
3694,180600070205,Castro Canyon,0,0,0,0,0,63260889.671875,52472.0561159746
3695,180600070105,Reyes Creek-Cuyama River,4,0.301887,0,0,2,128284116.203125,62222.4819142356
3696,180300121204,180300121204-Kern River Flood Canal,0,0,0,0,0,135722926.839844,53539.3127105938
3697,180300050702,Alpaugh Irrigation District Canal,0,0,0,0,0,371815388.152344,113907.14439194
3698,180300040402,180300040402-Poso Creek,0,0,0,0,0,115331736.953125,65828.6929172315
3699,180300050701,Old Channel Poso Creek,0,0,0,0,0,174416132.0625,79849.2046032775
3700,180300060901,Bates Slough,0,0,0,0,0,242697312.410156,114622.85353906
3701,180300122001,Guernsey Slough,0,0,0,0,0,159239966.488281,84031.6197464675
3702,180300071004,Cottonwood Ditch-Cottonwood Creek,3,0.226415,0,3,0,156762869.703125,93021.0294016645
3703,180300120205,Collins Creek-Kings River,0,0,0,0,0,130619015.339844,93821.4280442824
3704,180300120201,Hughes Creek,0,0,0,0,0,65032469.2421875,40073.6481794864
3705,180300100806,Lower Pine Flat Reservoir,3,0.226415,0,1,1,146267828.710938,65147.5484605808
3706,180400061001,Rock Creek-San Joaquin River,3,0.226415,0,1,1,246253735.46875,81046.4025586834
3707,180400080104,Gray Peak Fork-Merced River,2,0.150943,0,2,0,109498581.097656,52620.0142526405
3708,180400080101,Lyell Fork Merced River,2,0.150943,0,2,0,126901751.242188,56656.6539818133
3709,160503020104,Leavitt Creek-West Walker River,2,0.150943,0,2,0,85806201.6367188,52225.1731002549
3710,160503020105,Wolf Creek-West Walker River,2,0.132075,1,1,0,89691169.6015625,52937.8944311419
3711,160503020203,Mill Creek,1,0.056604,1,0,0,125101397.742188,56867.7459252487
3712,160503020108,Silver Creek-West Walker River,1,0.075472,0,1,0,93636303.3203125,54688.5857571037
3713,160503020103,Upper Little Walker River,0,0,0,0,0,125636104.003906,53658.3289897405
3714,180701040201,Big Sycamore Canyon,2,0.150943,0,0,1,79310934.9375,44808.4957222194
3715,180701010106,Lower Ventura River,5,0.490566,2,1,2,155773603.570312,75818.1013408137
3716,180600070101,Wagon Road Canyon,0,0,0,0,0,89986191.359375,47203.00651156
3717,180300030701,Castac Lake,2,0.150943,0,0,1,232679842.960938,102379.349552459
3718,180300040305,Little Creek,0,0,0,0,0,67615778.6289062,75901.7137733109
3719,180300050502,Hockett Well,0,0,0,0,0,118512856.269531,76366.3672918831
3720,180300050304,Lower Rag Gulch,0,0,0,0,0,177970182.523438,147217.60661702
3721,180300060603,Inside Creek-Outside Creek,0,0,0,0,0,114314886.65625,67697.0412484873
3722,180300060503,Lower Lewis Creek,0,0,0,0,0,116245470.859375,61965.4717440442
3723,180300070902,Lake Kaweah-Kaweah River,4,0.377358,0,3,1,179007760.257812,110232.440560812
3724,180300120104,Lower Mill Creek,2,0.150943,0,0,1,102656166.082031,48459.4445773108
3725,180300070801,Upper Sand Creek,1,0.075472,0,1,0,125046066.066406,61157.9892945246
3726,180300070602,Middle Dry Creek,0,0,0,0,0,100112616.175781,43832.1936867375
3727,180901010104,Cottonwood Canyon-Frontal Mono Lake,0,0,0,0,0,189459984.40625,76184.2923660108
3728,160503010110,Bridgeport Reservoir-East Walker River,0,0,0,0,0,163853146.648438,79835.1450863717
3729,160503010304,Sonoma Canyon-East Walker River,0,0,0,0,0,16569011.5078125,28555.2283034252
3730,160503010303,Sweetwater Creek,0,0,0,0,0,89758648.4609375,42182.210544596
3731,180701020801,Hopper Canyon,5,0.433962,1,1,2,96599484.484375,57315.3138137607
3732,180701020507,Gorman Creek,4,0.377359,0,1,2,141493533.605469,89051.642936545
3733,180300030901,Pastoria Creek,1,0.075472,0,1,0,199940525.054688,80691.1946821441
3734,180300030604,Lake Paulina,0,0,0,0,0,306324575.457031,96498.2858187265
3735,180300030802,Winters Canyon-El Paso Creek,1,0.075472,0,1,0,130213024.253906,88090.7125127658
3736,180300040303,Granite Canyon-Poso Creek,0,0,0,0,0,65606553.8671875,52906.2271764116
3737,180300040203,Rattlesnake Creek,0,0,0,0,0,71940919.5195312,48590.0853461169
3738,180300030304,Lower Walker Basin Creek,0,0,0,0,0,165163174.855469,79259.5562360738
3739,180300050302,Upper Rag Gulch,0,0,0,0,0,118633350.800781,67157.4030692826
3740,180300050201,Headwaters White River,1,0.075472,0,1,0,80873890.5703125,55679.3957085999
3741,180300060801,Frazier Creek,0,0,0,0,0,84442266.7851562,52123.4460002311
3742,180300070203,Lower East Fork Kaweah River,2,0.150943,0,2,0,131260168.929688,56043.6865199107
3743,180300070103,Lower Middle Fork Kaweah River,1,0.075472,0,1,0,188709952.1875,63387.0022647489
3744,180300070201,Horse Creek,1,0.075472,0,1,0,98621303.5585938,48982.7070638958
3745,180300070304,Middle North Fork Kaweah River,3,0.226415,0,1,1,119900118.199219,80486.209222206
3746,180300100103,Sugarloaf Creek,1,0.075472,0,1,0,194837707.855469,62007.8219776331
3747,180300100604,Wishon Reservoir-North Fork Kings River,3,0.226415,0,3,0,130790248.738281,68673.7640244136
3748,180300100601,Fleming Creek-North Fork Kings River,3,0.207547,1,2,0,221327846.261719,76761.2564950993
3749,180400060301,Upper Fish Creek,3,0.207547,1,2,0,130811312.835938,54591.7927799797
3750,180901020203,McLaughlin Creek-Owens River,1,0.056604,1,0,0,163238202.914062,68033.5623632788
3751,180901010607,Adobe Lake-Adobe Valley,1,0.056604,1,0,0,211443587.457031,103655.92023508
3752,180701070004,San Clemente Island,0,0,0,0,0,207658042.1875,135274.200676208
3753,180701020401,South Fork Santa Clara River,4,0.301887,0,2,1,171392042.542969,78416.5102150645
3754,180902061307,180902061307,0,0,0,0,0,76857640.5664062,46250.720813894
3755,180902061801,Cottonwood Creek,0,0,0,0,0,133056297.933594,76205.4774579706
3756,180300030404,Lower Indian Creek,0,0,0,0,0,145412582.285156,58673.9009387678
3757,180300010203,Chagoopa Creek-Kern River,0,0,0,0,0,88313611.6953125,58932.4477453292
3758,180300010204,Golden Trout Creek,2,0.132075,1,1,0,238653564.953125,84860.2446622304
3759,180300010101,Kern-Kaweah River,1,0.075472,0,1,0,102414900.0625,48624.7873234723
3760,180300100205,Upper Bubbs Creek,1,0.075472,0,1,0,148750071.988281,63346.0973714968
3761,180300010103,Wallace Creek,1,0.075472,0,1,0,88503231.7539062,47098.4795252321
3762,180300100305,Dougherty Creek,1,0.075472,0,1,0,83654867.7617188,49286.9770132466
3763,180901020601,South Fork Bishop Creek,2,0.150943,0,2,0,128975339.136719,69398.3410998242
3764,180300100201,Headwaters South Fork Kings River,1,0.075472,0,1,0,79915185.8945312,48862.602130686
3765,180901020803,Tinehama Creek,1,0.056604,1,0,0,151709386.140625,71339.6033835597
3766,180901010610,Black Lake-Adobe Valley,0,0,0,0,0,172433006.808594,69125.6058262027
3767,180701060606,Coyote Creek-San Gabriel River,2,0.150943,0,0,1,223582110.917969,128216.534747848
3768,180701050102,Mill Creek,2,0.150943,0,2,0,84165329.4804688,44285.3436390439
3769,180902061404,Railroad Canyon,0,0,0,0,0,207609932.820312,69146.0632660442
3770,180902061401,Headwaters Amargosa Creek,4,0.377359,0,1,2,114421164.261719,67658.4551935828
3771,180902062406,Rosamond Lake,0,0,0,0,0,149706954.664062,154959.185795233
3772,180300020601,Upper Kelso Creek,0,0,0,0,0,174687153.007812,83250.8200079197
3773,180902060301,Upper Jawbone Canyon,0,0,0,0,0,94889829.6875,45875.862828038
3774,180300020602,Middle Kelso Creek,0,0,0,0,0,221686253.566406,75985.3853339605
3775,180902060302,Alphie Canyon,0,0,0,0,0,118355833.992188,55203.7593659012
3776,180300020301,Manter Creek,1,0.075472,0,1,0,100203354.046875,51265.9078757529
3777,180300020101,Lewis Stringer-South Fork Kern River,2,0.132075,1,1,0,119778160.078125,59837.4912225651
3778,180901030405,Lower Cottonwood Creek,1,0.075472,0,1,0,97584846.9804688,60559.8196399411
3779,180901030103,Oak Creek,0,0,0,0,0,100941912.820312,48678.8184025251
3780,180901030206,Lone Pine Creek,1,0.075472,0,1,0,130781925.457031,67034.3208586835
3781,160600100805,Indian Creek-Frontal Fish Lake Valley,0,0,0,0,0,41750990.875,30136.6637152113
3782,160600100905,Wildhorse Creek-Frontal Fish Lake Valley,0,0,0,0,0,88998281.7734375,42785.2424192536
3783,180703010301,Aliso Creek,4,0.358491,1,2,1,123251157.933594,87518.5373415571
3784,180702030702,Upper Chino Creek,3,0.226415,0,3,0,143637458.25,73951.1920043273
3785,180902061103,Brainard Canyon-Little Rock Wash,1,0.075472,0,1,0,153580122.199219,98093.5678829856
3786,180902061001,Pallett Creek,0,0,0,0,0,60313687.3984375,37138.5650839708
3787,180902061101,Upper Little Rock Creek,3,0.226415,0,1,1,118958716.722656,53289.6431175474
3788,180902061901,Mescal Creek,0,0,0,0,0,136033419.410156,84063.4475123683
3789,180902062109,Town of North Edwards,0,0,0,0,0,235732582.207031,118006.176557668
3790,180902060803,Mesquite Canyon-Koehn Lake,0,0,0,0,0,235309166.621094,108653.867898144
3791,180902060802,Government Peak,0,0,0,0,0,202824758.800781,65046.3146003183
3792,180902050103,Coso Wash,0,0,0,0,0,81099621.7851562,50848.747065632
3793,180902010102,Lower Wyman Creek,1,0.075472,0,1,0,116028363.644531,79230.4793913682
3794,160600101005,Sylvania Canyon-Frontal Fish Lake Valley,0,0,0,0,0,193172649.578125,78729.5325699612
3795,160600101101,160600101101-Frontal Fish Lake Valley,0,0,0,0,0,25463.30859375,877.904487824094
3796,180703010303,Prima Deshecha Canada-Frontal Capistrano Bight,1,0.113208,2,0,0,74050035.6601562,48862.0245492456
3797,180702030703,Middle Chino Creek,2,0.150943,0,0,1,112164448.757812,72799.5510022368
3798,180702030704,Upper Cucamonga Creek,4,0.301887,0,2,1,214735326.148438,73870.101869124
3799,180902080403,Adobe Mountain-Frontal El Mirage Lake,0,0,0,0,0,113937177.746094,54149.3961458874
3800,180902080902,Silver Peak,0,0,0,0,0,128797788.402344,60576.2928107622
3801,180902050802,180902050802,0,0,0,0,0,74242358.8671875,67094.4049204652
3802,180902070604,Blackwater Well,0,0,0,0,0,111621267.023438,54749.1575522518
3803,180902050605,Burro Canyon,0,0,0,0,0,83136084.5039062,52506.060125324
3804,180902051004,Lower Teagle Wash,0,0,0,0,0,100949352.148438,64865.6275505576
3805,180902040302,China Gardens Wash,0,0,0,0,0,88622597.5742188,62707.7839681568
3806,180902050203,Renegade Canyon,0,0,0,0,0,99054982.8710938,69419.4150922096
3807,180902051202,Bruce Canyon-Searles Valley,0,0,0,0,0,120926071.425781,55212.2924517696
3808,180902040101,Upper Santa Rosa Wash,0,0,0,0,0,166389494.570312,60648.6948754767
3809,180902040407,Osborne Canyon-Panamint Valley,0,0,0,0,0,248088641.59375,100650.23863495
3810,180902030107,180902030107,0,0,0,0,0,112209605.371094,57875.3683888581
3811,180902030202,Little Hebe Crater,0,0,0,0,0,162810020.707031,65706.9225030436
3812,180902030108,180902030108,0,0,0,0,0,41250400.0859375,44758.4801134435
3813,180902030102,Tule Canyon,0,0,0,0,0,3721958.5390625,13356.1627150289
3814,180902030105,Lower Oriental Wash,0,0,0,0,0,19735270.9101562,23267.9456624419
3815,180703051304,Tijuana River-Frontal Pacific Ocean,3,0.226415,0,1,1,84020026.2460938,63907.4701908835
3816,180703040403,Carmel Valley,3,0.226415,0,1,1,67797964.9414062,51187.9346111947
3817,180703040302,Lusardi Creek-San Dieguito River,5,0.603774,0,2,3,160117332.070312,73650.9628530845
3818,180703030302,Hellers Bend-San Luis Rey River,4,0.377359,0,1,2,123641890.5,63533.0798889167
3819,180703030402,Lower Escondido Creek,4,0.301887,0,2,1,150373038.082031,80506.6940594497
3820,180703030301,Moosa Canyon,4,0.301887,0,2,1,158231853.417969,104153.214278457
3821,180703020502,De Luz Creek,5,0.660377,1,4,2,178688202.890625,85867.4576995804
3822,180703020405,Lower Tucalota Creek,3,0.226415,0,1,1,65596783.5585938,52486.0085363781
3823,180702030601,Arroyo Del Torro-Temescal Wash,3,0.226415,0,1,1,109200122.617188,51514.3659889417
3824,180702020305,Perris Reservoir,1,0.075472,0,1,0,187147773.648438,84890.9840674068
3825,180702020302,San Jacinto Valley,1,0.075472,0,1,0,214728626.980469,94787.6749002332
3826,180702030304,Cable Creek,3,0.226415,0,1,1,83613752.2929688,42290.62352125
3827,180702030801,Reche Canyon,3,0.226415,0,1,1,60807125.4453125,46893.9959866988
3828,180702030506,The Mission Zanja,1,0.075472,0,1,0,97021941.8085938,55346.5555809451
3829,180702030402,Yucaipa Creek,2,0.150943,0,2,0,172897170.285156,73926.8753256516
3830,181001000502,Arrastre Canyon,0,0,0,0,0,119710490.808594,73273.2971471543
3831,180902071110,Schweitzer Well-Harper Lake,0,0,0,0,0,267563035.804688,209492.617588243
3832,180902071001,Hinkley Valley,1,0.075472,0,1,0,204284658.328125,83649.005534184
3833,180902070904,Opal Mountain,0,0,0,0,0,197081120.664062,78075.8987121557
3834,180902050903,180902050903,0,0,0,0,0,236308850.394531,91372.1830449781
3835,180902051304,Teagle Wash-Frontal Searles Lake,0,0,0,0,0,145996517.382812,76299.7493915201
3836,180902051302,Copper Queen Canyon-Frontal Searles Lake,0,0,0,0,0,166831683.074219,56559.8260067168
3837,180902051303,Layton Canyon-Frontal Searles Lake,0,0,0,0,0,185331907.917969,63280.655693734
3838,180902040805,Fish Canyon-Panamint Valley,0,0,0,0,0,156188184.511719,62543.3923328594
3839,180902041203,180902041203,0,0,0,0,0,62738537.859375,51372.9520813386
3840,180902040903,Lower Wildrose Wash,0,0,0,0,0,114676874.21875,72891.289415578
3841,180902030604,180902030604,0,0,0,0,0,132536522.03125,65390.3460727263
3842,180902030504,Fall Canyon,0,0,0,0,0,83040431.75,61822.1511735697
3843,180902030801,Titanothere Canyon,0,0,0,0,0,116387340.445312,71452.5557225975
3844,180902030502,Red Wall Canyon,0,0,0,0,0,171132814.121094,57905.3113065645
3845,180703040603,Lower San Vicente Creek,4,0.377358,0,3,1,68797034.7695312,44145.8148424386
3846,180703020301,Arroyo Seco Creek,5,0.45283,0,2,2,88190346.578125,52787.8144150594
3847,180703020204,Lower Wilson Creek,2,0.150943,0,0,1,160868709.539062,72415.3713505785
3848,180702020105,Indian Creek,3,0.226415,0,1,1,96955560.4804688,48677.9123069985
3849,181002010103,Twin Pines Creek,0,0,0,0,0,68920452.5820312,41156.2605135348
3850,180702030201,Fish Creek-Santa Ana River,3,0.226415,0,1,1,160642837.875,64192.2361352776
3851,180902081003,Foster Well,0,0,0,0,0,213466581.582031,94045.7983617727
3852,181001000202,Tyler Valley-Ericksen Dry Lake,0,0,0,0,0,198317544.632812,85563.6639537866
3853,180902081308,Black Butte-Troy Lake,0,0,0,0,0,292013987.449219,148001.242395385
3854,180902070201,180902070201,0,0,0,0,0,85631637.4882812,47264.8674789882
3855,180902070102,Nelson Lake,0,0,0,0,0,218159749.4375,82201.4606096145
3856,180902040703,180902040703,0,0,0,0,0,96095963.3789062,49163.2581056565
3857,180902040701,180902040701,0,0,0,0,0,116742043.910156,56397.7245077513
3858,180902032104,Lower Anvil Spring Canyon,0,0,0,0,0,111659568.34375,79776.2250875496
3859,180703050903,Morena Reservoir-Cottonwood Creek,5,0.45283,0,2,2,207891090.335938,121172.821399495
3860,180703040801,Descanso Creek-Sweetwater River,4,0.301887,0,2,1,162183407.074219,81863.2946251349
3861,180703040101,Dan Price Creek-Santa Ysabel Creek,3,0.226415,0,1,1,119171155.148438,66689.5276759516
3862,180703030101,Agua Caliente Creek,4,0.358491,1,2,1,181977759.046875,69094.2332404074
3863,181002030401,Banner Creek,2,0.150943,0,0,1,79913363.4257812,61260.1280417345
3864,181002030205,Upper Coyote Creek,0,0,0,0,0,78778931.4101562,58417.4817091966
3865,181001000601,Rattlesnake Spring-Rattlesnake Canyon,0,0,0,0,0,169404632.496094,94124.6484098119
3866,181001000801,Red Hill,0,0,0,0,0,209326476.984375,76605.1946714469
3867,180902081703,Bitter Spring,0,0,0,0,0,185357471.429688,92214.0355133536
3868,180902031804,Owl Lake,0,0,0,0,0,165721040.691406,82903.8822150157
3869,180902032003,Jubilee Wash,0,0,0,0,0,89111482.875,49845.9705015254
3870,180902030703,Schwaub Peak,0,0,0,0,0,114492379.6875,61833.4652454694
3871,180902020705,180902020705-Amargosa River,0,0,0,0,0,96492017.2773438,43885.1290357494
3872,180703050502,Tierra Del Sol,1,0.075472,0,1,0,18387205.9765625,19024.3221344159
3873,181002020207,Canyon Sin Nombre-Carrizo Creek,0,0,0,0,0,138141318.367188,69350.3488868853
3874,181002030501,Halfhill Lake,0,0,0,0,0,59880273.2382812,43836.0573345698
3875,181002030702,Fault Wash-San Felipe Creek,2,0.150943,0,0,1,152965960.246094,65057.4506753697
3876,181002010501,Upper Deep Canyon,0,0,0,0,0,72428746.1953125,42282.8160372487
3877,181002010701,Bear Creek,0,0,0,0,0,81674638.9648438,51821.5708825069
3878,181001001601,Black Rock Spring,0,0,0,0,0,70832578.7070312,51833.3452493049
3879,181001001002,181001001002,0,0,0,0,0,78724797.328125,41366.6376423129
3880,181001000907,Spy Mountain-Pipes Wash,0,0,0,0,0,196744760.964844,65850.9288573459
3881,181001001104,Lavic Lake,0,0,0,0,0,149568343.265625,103993.03249707
3882,180902082205,Mesquite Hills,0,0,0,0,0,240798342.992188,97728.8408065957
3883,180902082102,Town of Balch,0,0,0,0,0,215225242.324219,91867.2484191221
3884,180902031006,180902031006,0,0,0,0,0,93595933.4804688,53865.2206284791
3885,180902082602,Otto Mountain-Silver Lake,0,0,0,0,0,150823093.90625,77815.6468286988
3886,180902031303,Dumont Hills,0,0,0,0,0,194592267.082031,104112.552942813
3887,180902021801,180902021801,0,0,0,0,0,155406454.886719,58683.4134753321
3888,180902021604,Eagle Mountain,0,0,0,0,0,183268080.429688,70792.215817224
3889,180902021504,Ash Meadows,0,0,0,0,0,48573647.4335938,43356.8361215705
3890,181002030802,Superstition Mountain,1,0.056604,1,0,0,128095132.191406,62053.4599660823
3891,181002040505,Box Canyon Wash,1,0.056604,1,0,0,86588313.828125,71302.6429308227
3892,180902082101,Hyten Spring,2,0.150943,0,0,1,174791802.796875,83230.958440577
3893,180902081804,Upper Devils Playground Wash,0,0,0,0,0,140775516.335938,71772.7894205501
3894,180902082304,Lower Willow Wash,0,0,0,0,0,86033255.84375,67559.1179441821
3895,180902082601,Hytens Well,0,0,0,0,0,226664611.785156,67023.7312676305
3896,160600150502,Upper Pahrump Valley,0,0,0,0,0,122802936.574219,60834.0089737226
3897,180902031203,180902031203,0,0,0,0,0,73975900.3867188,53978.6013539644
3898,160600150505,Browns Spring-Frontal Pahrump Valley,0,0,0,0,0,21232861.8164062,20717.2573469841
3899,181002041104,Lower New River,0,0,0,0,0,320431036.34375,113952.194706869
3900,181002041402,Obsidian Butte-Frontal Salton Sea,1,0.113208,2,0,0,112541545.667969,88081.1346662716
3901,181001004902,Upper Big Wash,0,0,0,0,0,176147685.601562,91451.0308423672
3902,181001002602,Lower Orange Blossom Wash,0,0,0,0,0,76700895.3554688,52068.4136877522
3903,181001002702,Cut Wash,0,0,0,0,0,155120925.792969,129914.855414039
3904,180902081909,Cottonwood Wash,0,0,0,0,0,148622203.847656,85963.6772659743
3905,181001003203,Domingo Spring,0,0,0,0,0,174563555.898438,94087.9285847015
3906,181001003205,Lower Clipper Valley Wash,0,0,0,0,0,128115894.328125,112195.959114528
3907,160600151003,Wheaton Wash-Frontal Ivanpah Lake,0,0,0,0,0,210351868.609375,67561.3744926199
3908,160600150802,Keystone Wash-Frontal Mesquite Lake,0,0,0,0,0,85749862.2148438,60121.8943071369
3909,181002040401,Midway Well,0,0,0,0,0,113387098.839844,77507.5458829063
3910,181002041308,Beal Well,0,0,0,0,0,134490474.339844,100860.807187732
3911,150301040903,150301040903,0,0,0,0,0,104856637.816406,52118.5040175394
3912,181001005405,181001005405,0,0,0,0,0,110853728.210938,84935.2264463311
3913,181001003606,181001003606,0,0,0,0,0,195910433.386719,101000.893472971
3914,181001004101,Ironwood Wash,0,0,0,0,0,226473168.902344,71634.7874316623
3915,181001003601,181001003601,0,0,0,0,0,85861455.6992188,51900.0854325253
3916,181001003701,181001003701,0,0,0,0,0,82109520.4609375,43297.5653991267
3917,181001003504,Vulcan Wash-Schulyler Wash,0,0,0,0,0,347586069.964844,137257.981555067
3918,181001003101,Rock Spring-Watson Wash,0,0,0,0,0,158130888.113281,73321.5142496711
3919,181001003301,Upper Woods Wash,0,0,0,0,0,97132908.0664062,61836.3614894724
3920,150301020204,Town of Lanfair,0,0,0,0,0,118543225.328125,79150.317403016
3921,181001003102,Hackberry Springs,0,0,0,0,0,212674555.261719,115079.695477056
3922,160600151205,Slaughterhouse Spring,0,0,0,0,0,245862764.597656,83498.4095653521
3923,160600151204,Willow Wash,0,0,0,0,0,211007944.855469,69192.4762630197
3924,181002040105,181002040105,0,0,0,0,0,95487777.171875,87286.1981120214
3925,181002040106,Jackson Gulch,0,0,0,0,0,204647314.816406,70095.4977859357
3926,181002040103,Indain Wash,1,0.075472,0,1,0,167898555.628906,96763.0689821536
3927,181001005302,181001005302,0,0,0,0,0,182777557.617188,74112.0627618434
3928,181001005301,181001005301,0,0,0,0,0,130495250.179688,55936.9940043237
3929,181001004006,Sand Draw,0,0,0,0,0,209849743.578125,108019.230976064
3930,181001004204,Town of Sablon,0,0,0,0,0,120729340.09375,71943.0375275031
3931,181001004002,181001004002,0,0,0,0,0,81237372.9492188,69257.5274026405
3932,181001003906,181001003906,0,0,0,0,0,61603971.2890625,36847.4909474709
3933,181001003907,Browns Wash,0,0,0,0,0,103332799.664062,65701.2424915091
3934,181001003803,181001003803-Homer Wash,0,0,0,0,0,254998388.953125,112992.635234306
3935,150301020306,Crestview Wash,0,0,0,0,0,134942184.28125,66866.6462675139
3936,150301020111,150301020111,0,0,0,0,0,82363744.484375,60467.6918217963
3937,150301070104,Reservation Main Drain,3,0.283019,1,1,1,147113781.742188,75535.6968414133
3938,150301041202,Julian Wash,0,0,0,0,0,81191752.6015625,50592.3593920803
3939,150301041203,Turnaround Wash-Colorado River,3,0.207547,1,2,0,96664948.6054688,53180.4929450808
3940,150301040705,Petes Wash-Colorado River,0,0,0,0,0,27724946.6640625,38429.2774186215
3941,150301040609,Town of Ehrenberg-Colorado River,1,0.056604,1,0,0,57359767.7109375,77136.1241643809
3942,150301040504,150301040504,0,0,0,0,0,63534763.78125,49376.5135185651
3943,181001004302,Horn Peak,0,0,0,0,0,190795857.882812,97552.7088148608
3944,150301040306,Lost Lake-Colorado River,1,0.056604,1,0,0,140722521.972656,72001.5548520243
3945,150301010505,Mohawk Spring-Chemhuevi Wash,0,0,0,0,0,152943990.261719,75862.3081348262
3946,150301010504,Snaggletooth Mountain,0,0,0,0,0,109039512.730469,57014.5594072504
3947,150301010707,El Dorado Wash-Colorado River,1,0.113208,2,0,0,122939896.625,96527.5017860317
3948,150301010702,Mohave Wash-Colorado River,2,0.169811,3,0,0,130987636.816406,60397.0453057917
3949,150301041311,Colorado River-Imperial Reservoir,1,0.056604,1,0,0,36159727.3398438,49783.1685349112
3950,150301040206,Town of Vidal,0,0,0,0,0,81106517.2070312,72480.4250629756
3951,150301040304,Arch Creek-Colorado River,1,0.056604,1,0,0,258102049.875,134095.703225364
3952,180101020503,Luffenholtz Creek-Frontal Pacific Ocean,5,0.90566,8,4,1,286988684.144531,247517.175951677
3953,180201630302,Tule Canal-Toe Drain,5,0.603774,4,1,2,594931595.457031,214042.167763437
3954,180201630606,Toe Drain-Cache Slough,5,0.641509,6,0,2,1077966744.71484,307132.925935152
3955,180600140202,Santa Cruz Island-Frontal Pacific Ocean,0,0,0,0,0,203261349.542969,183965.667671554
3956,181002040702,Headwaters Alamo River,0,0,0,0,0,473121.8125,10398.5275574064
3957,180101070102,Lower Bear River,2,0.188679,2,1,0,151425674.875,63603.2467731237
3958,180101010502,Tryon Creek-Frontal Pacific Ocean,5,0.679245,4,4,1,55691307.53125,91060.2160198109
3959,180101060304,Standley Creek-South Fork Eel River,3,0.245283,3,1,0,130856322.71875,56965.348535123
3960,180101070201,Bear Creek,5,0.528302,4,4,0,95746733.6484375,76238.7357075117
3961,180101070203,Upper Mattole River,5,0.603774,4,3,1,126297723.054688,54239.7711662746
3962,180101020102,Minor Creek-Redwood Creek,5,0.584906,5,4,0,161952333.324219,58030.5832630983
3963,180101020501,Maple Creek,5,0.584906,5,4,0,211440735.144531,68895.9341176219
3964,180102091102,Hunter Creek,5,0.735849,5,4,1,136062456.851562,66610.7406485773
3965,180101010303,Jones Creek,5,0.45283,4,3,0,114560223.992188,54457.3766340699
3966,180101080801,Albion River,5,0.54717,3,5,0,184546898.355469,86546.9241270958
3967,180101080405,North Branch North Fork Navarro River,4,0.320755,3,2,0,122898028.835938,62728.9471775911
3968,180101080302,Upper Big River,4,0.339623,2,3,0,142236600.460938,63847.4660269297
3969,180101080101,North Fork Ten Mile River,5,0.54717,3,5,0,170188001.40625,81611.3832916335
3970,180101080103,Middle Fork Ten Mile River-Ten Mile River,5,0.679245,4,4,1,182724629.636719,87222.3360688694
3971,180101060201,Upper East Branch South Fork Eel River,1,0.113208,2,0,0,159006544.300781,69405.7391365903
3972,180101060102,Lower Tenmile Creek,5,0.471698,3,2,1,121199392.292969,55075.9174382734
3973,180102090805,Slate Creek-Klamath River,5,0.54717,3,3,1,206121804.949219,92420.094020514
3974,171003110302,Dunn Creek,3,0.264151,2,2,0,107021633.03125,45369.6296735164
3975,180102090403,Lower Clear Creek,5,0.415094,6,1,0,158825240.605469,63357.5144241803
3976,180101090101,Marshall Creek,2,0.132075,1,1,0,84028254.171875,46609.5425094645
3977,180101080403,Anderson Creek,5,0.415094,2,2,1,197523097.230469,82811.422437815
3978,180101100501,Galloway Creek,0,0,0,0,0,68416212.9882812,42731.1859217844
3979,180101030301,Upper Tomki Creek,2,0.169811,3,0,0,141318129.898438,62663.2948710666
3980,180101030505,Indian Creek-Eel River,2,0.169811,3,0,0,171224020.621094,62363.5971008916
3981,180101030504,Twin Bridges Creek-Eel River,3,0.245283,3,1,0,181402499.320312,68460.2149908898
3982,180101020201,Lost Creek-Mad River,3,0.226415,0,1,1,201159462.964844,67875.1046292653
3983,180102120406,Sulphur Glade Creek-South Fork Trinity River,5,0.660377,5,3,1,159362884.023438,67058.3500525146
3984,180102120501,Eltapom Creek,4,0.320755,3,2,0,88517902.4414062,50846.1396668749
3985,180102111001,Virgin Creek,4,0.301887,4,1,0,171889223.917969,74912.5329949904
3986,180102090602,Independence Creek,4,0.396226,3,3,0,83465244.2382812,44863.3185043878
3987,180102100301,North Fork Wooley Creek,3,0.245283,3,1,0,101789457.078125,49697.2161949538
3988,180102100202,Grant Creek-North Fork Salmon River,3,0.245283,3,1,0,84653388.9960938,46775.6618178589
3989,180102100206,Little North Fork Salmon River,3,0.264151,2,2,0,149876763.257812,56840.2956040855
3990,180102090203,China Creek-Klamath River,3,0.245283,3,1,0,185036787.796875,58079.4421466839
3991,180101090203,Bodega Harbor-Frontal Pacific Ocean,4,0.301887,4,1,0,48273891.3710938,75580.2196824132
3992,180500050305,Bodega Bay,3,0.245283,3,1,0,19488408.1953125,59811.3904107289
3993,180500050203,Walker Creek,5,0.471698,3,2,1,125667317.644531,71967.5255344114
3994,180201160305,McGaugh Slough-Frontal Clear Lake,3,0.283019,1,1,1,101657214.21875,136558.811586031
3995,180201160104,Lower Scotts Creek,0,0,0,0,0,89959616.5390625,52506.2138940282
3996,180101040503,Thatcher Creek,1,0.113208,2,0,0,157874042.054688,58544.9895667798
3997,180101030204,Smokehouse Creek-Lake Pillsbury,3,0.226415,0,1,1,171967465.496094,66848.6500480118
3998,180101040105,Jumpoff Creek-Black Butte River,2,0.188679,2,1,0,204064142.945312,63140.3994577027
3999,180101040205,Beaver Creek,4,0.396226,3,1,1,77201140.015625,41703.9635274784
4000,180201560402,McClure Creek-Thomes Creek,1,0.075472,0,1,0,152391761.0625,56067.400230723
4001,180201520602,Upper Dry Creek,3,0.226415,0,1,1,109343274.8125,60745.5379713674
4002,180102110704,Indian Creek,4,0.396226,3,1,1,151638507.949219,70542.7816009208
4003,180102110802,Lower Canyon Creek,5,0.509434,5,1,1,160291688.039062,68446.201265736
4004,180102110401,Upper Stuart Fork,1,0.075472,0,1,0,226607945.546875,74855.8311505692
4005,180102100204,North Russian Creek,3,0.264151,2,2,0,83804822.7148438,44060.0210948378
4006,180102080401,Patterson Creek,1,0.113208,2,0,0,174391413.695312,61077.606332284
4007,180500020902,Larkspur Creek-Frontal San Francisco Bay Estuaries,3,0.264151,2,2,0,71268827.5664062,131396.3398825
4008,180201620301,Saint Helena Creek,4,0.301887,0,2,1,90797304.0546875,57191.3195732063
4009,180201620305,Bucksnort Creek,2,0.150943,0,0,1,112002721.03125,64577.6381478378
4010,180201160601,Copsey Creek,0,0,0,0,0,74430589.2460938,50641.6572913606
4011,180201160401,Bartlett Creek,1,0.075472,0,1,0,77417176.203125,47042.6419284725
4012,180201150204,Dry Creek-Stony Creek,5,0.45283,0,2,2,196757959.027344,69832.5867237609
4013,180201150101,Indian Creek,0,0,0,0,0,124090855.203125,65494.3473874456
4014,180201150405,Stony Gorge Dam-Stony Creek,0,0,0,0,0,71390160.2695312,66675.9515859595
4015,180201560405,Log Spring Creek-Thomes Creek,4,0.339623,2,1,1,160615500.726562,54712.6300230124
4016,180201560203,North Fork Elder Creek,1,0.056604,1,0,0,127328151.152344,78857.3738788958
4017,180201520502,Lower Cold Fork,1,0.113208,2,0,0,97034818.9921875,59232.9520002092
4018,180201520701,Long Gulch-South Fork Cottonwood Creek,4,0.339623,2,1,1,150092259.078125,92261.1912847402
4019,180201550303,Lower Red Bank Creek,3,0.245283,3,1,0,183691946.53125,112968.683298678
4020,180201520801,Dry Creek,3,0.207547,1,0,1,118279184.144531,68895.5589272602
4021,180201540104,French Gulch-Clear Creek,3,0.226415,0,1,1,149767362.148438,61248.3888124193
4022,180102080103,Lower East Fork Scott River,4,0.339623,2,3,0,146283524.214844,71747.6434860145
4023,180102060501,Camp Creek-Scotch Creek,3,0.207547,1,0,1,94723792.3632812,49390.1741044583
4024,180201620203,Lower Pope Creek,3,0.226415,0,1,1,135284211.78125,98470.78079946
4025,180201040703,Salt Creek,2,0.150943,0,0,1,199393039.039062,126596.706182315
4026,180201040801,Glenn Valley Slough,0,0,0,0,0,105234565.605469,52262.5786022312
4027,180201040704,Lower Freshwater Creek,2,0.150943,0,0,1,77524590.703125,86792.8824568779
4028,180201040203,Lower Walker Creek,0,0,0,0,0,141400019.332031,78861.6665244152
4029,180201150603,Black Butte Dam-Stony Creek,2,0.169811,3,0,0,80805808.8515625,111164.791169326
4030,180201550405,Sevenmile Creek-Sacramento River,5,0.45283,4,1,1,120023664.449219,122095.889618061
4031,180201540305,Clover Creek-Sacramento River,4,0.301887,4,1,0,177472864.863281,121991.489854742
4032,180200050306,Dog Creek,2,0.150943,0,2,0,87330428.8125,43605.7714549918
4033,180200050401,Middle Salt Creek,2,0.150943,0,0,1,78344938.1757812,40242.6962888219
4034,180200040502,Campbell Creek-McCloud River Arm,2,0.150943,0,0,1,152198510.773438,65869.4011600189
4035,180200031203,Lower Squaw Creek,3,0.226415,0,1,1,157885637.703125,66506.8028371692
4036,180102070101,Eddy Creek-Shasta River,1,0.075472,0,1,0,159182264.578125,60061.1939388597
4037,180102070102,Boles Creek-Shasta River,0,0,0,0,0,171164413.78125,75097.6056496135
4038,180102070301,Upper Little Shasta River,1,0.056604,1,0,0,220507910.011719,65935.6003057543
4039,180102060502,Fall Creek-Klamath River,2,0.169811,3,0,0,65511807.859375,48183.1822206903
4040,180600060106,Potrero Canyon-Carmel River,5,0.584906,1,3,2,124246265.382812,61151.4035444599
4041,180600150302,Aptos Creek,4,0.396226,3,3,0,99433155.1914062,49835.0217347315
4042,180500030405,Calabazas Creek-Frontal San Francisco Bay Estuaries,4,0.301887,0,2,1,162060480.167969,68605.915766463
4043,180500040803,San Leandro Creek,4,0.358491,1,2,1,188611756.914062,97021.1136484732
4044,180500040702,Plummer Creek-Frontal San Francisco Bay Estuaries,2,0.132075,1,1,0,153903024.914062,109556.420617084
4045,180201630502,Gibson Canyon Creek-Sweany Creek,2,0.150943,0,0,1,74268077.0351562,56442.8241275005
4046,180201620504,Putah Creek-South Fork Putah Creek,4,0.358491,1,0,2,76939121.2773438,98148.2031700429
4047,180201041007,Willow Spring Creek-Colusa Basin Drainage Canal,2,0.150943,0,0,1,93201313.7070312,46696.4130061929
4048,180201040900,Sycamore Slough,4,0.320755,3,0,1,578920371.660156,154358.670986358
4049,180201570404,Harbean Slough-Pine Creek,3,0.245283,3,1,0,234008766.40625,108094.687100846
4050,180201530106,Millseat Creek-North Fork Battle Creek,2,0.188679,2,1,0,135052701.851562,99317.1886499305
4051,180200040207,Angel Creek,1,0.056604,1,0,0,76428420.6210938,49223.2189813907
4052,180102050202,Antelope Creek,1,0.075472,0,1,0,286268938.550781,114984.560287891
4053,180102050304,Lough Lake,0,0,0,0,0,162994454.726562,61310.6822242042
4054,180600060102,Danish Creek-Carmel River,5,0.584906,1,3,2,182861963.519531,72461.229855989
4055,180600150102,Nativdad Creek-Gabilan Creek,5,0.433962,1,3,1,116143610.386719,63331.6216438724
4056,180500030301,Alamitos Creek,4,0.358491,1,2,1,157491160.027344,78124.8058113594
4057,180600020805,Lower Pajaro River,4,0.339623,2,1,1,211829408.058594,104212.164779206
4058,180500040403,Colorado Creek-Arroyo Valle,3,0.226415,0,1,1,137046117.320312,79746.7554843201
4059,180500040402,San Antonio Creek,4,0.301887,0,2,1,172684938.96875,76495.7096747554
4060,180500040405,Lake Del Valle-Arroyo Valle,4,0.301887,0,2,1,72947417.1328125,44741.9143768629
4061,180400030101,Upper Corral Hollow Creek,5,0.45283,0,4,1,134976462.421875,78716.4203920146
4062,180400030905,Jersey Island-Taylor Slough,5,0.471698,3,0,2,106620372.171875,83133.3943209454
4063,180201630703,Threemile Slough-Sacramento River,5,0.584906,5,0,2,403678090.992188,148372.113725503
4064,180201630604,Lindsey Slough,2,0.188679,2,1,0,165553795.605469,108503.157970233
4065,180201590502,Ellis Lake-Feather River,2,0.169811,3,0,0,149627501.757812,90804.6451218591
4066,180201590501,Jack Slough,3,0.264151,2,0,1,223274935.492188,78540.9092817288
4067,180201530105,Digger Creek,3,0.207547,1,0,1,187430700.199219,97026.8492231817
4068,180200030710,Lower Hat Creek Valley-Hat Creek,4,0.377358,4,0,1,238205064.28125,94128.8214834635
4069,180200031005,Nelson Creek,2,0.188679,2,1,0,142008866.585938,58519.449864276
4070,180200031001,Cayton Creek,4,0.320755,3,0,1,115986487.914062,53375.4989123813
4071,180102041301,Tamarack Flat,1,0.075472,0,1,0,76434835.7929688,38364.4230345652
4072,180600060407,Little Pico Creek-Frontal Pacific Ocean,5,0.566038,2,2,2,158616474.121094,140796.717873302
4073,180600060304,Willow Creek,3,0.283019,1,1,1,64424129.5820312,37279.3567892789
4074,180600051501,Lasher Canyon-Salinas River,1,0.056604,1,0,0,124727287.023438,52307.5688369193
4075,180600051311,Paraiso Springs-Arroyo Seco,3,0.207547,1,2,0,125896098.148438,64316.6586485605
4076,180600051506,Quial Creek,0,0,0,0,0,68776070.796875,57013.635370024
4077,180600020703,Paicines Reservoir-San Benito River,5,0.509434,1,4,1,214227001.9375,115620.712179479
4078,180600020801,Upper Pajaro River,4,0.358491,1,2,1,225187045.085938,110340.567059986
4079,180600020204,Cedar Creek,3,0.283019,1,1,1,81313920.5820312,45992.5436977413
4080,180600020202,Lower North Fork Pacheco Creek,5,0.433962,1,3,1,164318689.097656,62049.4824069445
4081,180400020301,Upper Del Puerto Creek,3,0.226415,0,1,1,150052811.746094,67654.6622493062
4082,180400030201,Lone Tree Creek,2,0.150943,0,2,0,86596115.1601562,67764.2547556566
4083,180400020503,Lower White Lake-San Joaquin River,3,0.226415,4,0,0,84043314.9648438,66047.6596882425
4084,180400030903,Venice Island-Little Connection Slough,5,0.528302,4,0,2,66016532.3554688,57573.8704084272
4085,180400510403,Walker Slough-French Camp Slough,1,0.056604,1,0,0,134713169.472656,111736.395350918
4086,180400121103,Hog Slough,5,0.584906,5,0,2,199306851.84375,73188.8726910989
4087,180400121104,Town of Lodi,4,0.358491,1,0,2,90774326.0585938,75761.7005084196
4088,180400130705,Lower Laguna,3,0.283019,1,1,1,204977085.019531,84526.6883332773
4089,180400130606,Town of Wilton-Cosumnes River,1,0.056604,1,0,0,108672429.089844,85656.4674986348
4090,180201590102,West Fork North Honcut Creek-North Honcut Creek,0,0,0,0,0,76697696.6210938,47626.8043709511
4091,180201210605,Grizzly Creek,3,0.226415,0,3,0,144597596.574219,70468.4387001289
4092,180201210502,Lower Yellow Creek,1,0.075472,0,1,0,167945408.921875,74452.5973109986
4093,180201210501,Upper Yellow Creek,1,0.075472,0,1,0,172605543.976562,80567.5657215118
4094,180200030709,Upper Hat Creek Valley-Hat Creek,0,0,0,0,0,148492986.800781,71424.390774541
4095,180200021304,Hole In Rock,0,0,0,0,0,153092739.910156,68649.2140146661
4096,180102041105,Town of Tionesta,0,0,0,0,0,138977158.691406,78248.4481987731
4097,180102041106,Dry Lake,0,0,0,0,0,284085111.535156,128789.479554946
4098,180102041001,The Panhandle,1,0.113208,2,0,0,351579163.324219,113980.584044751
4099,180600060504,Islay Creek-Frontal Pacific Ocean,2,0.188679,2,1,0,159442374.121094,111502.948224394
4100,180600050607,Town Spring,0,0,0,0,0,70069869.5351562,43348.9978994749
4101,180600051201,Bear Valley,5,0.45283,0,4,1,99219540.4335938,66151.6051386636
4102,180600020506,Sulphur Creek-San Benito River,5,0.584906,1,3,2,151842784.722656,68739.2467313389
4103,180400010601,Upper South Fork Los Banos Creek,0,0,0,0,0,191540791.277344,74586.5228930212
4104,180400140202,Las Aguilas Creek,1,0.075472,0,1,0,98074873.4375,46575.8828298974
4105,180400011202,San Luis Reservoir-San Luis Creek,4,0.301887,0,2,1,219671422.980469,86356.1591192888
4106,180400011905,Mustang Creek-Los Banos Creek,5,0.45283,0,2,2,214617503.769531,118250.580227388
4107,180400020205,Pear Slough-San Joaquin River,4,0.377358,4,0,1,704189365.011719,201485.24884067
4108,180400020403,Lake Ramona-San Joaquin River,2,0.169811,3,0,0,525914934.609375,177801.240285311
4109,180400100704,Miller Lake,1,0.056604,1,0,0,226890151.527344,103671.274390931
4110,180400120703,Lower Jackson Creek,3,0.283019,1,1,1,121595525.453125,58258.5625657134
4111,180400130605,Arkansas Creek-Cosumnes River,3,0.283019,1,1,1,148217085.1875,77119.9348159368
4112,180400130603,Little Indian Creek,1,0.075472,0,1,0,67555816.9296875,63934.1695104323
4113,180201610201,Orr Creek,0,0,0,0,0,107310715.792969,52034.9523274144
4114,180201260202,Rattlesnake Creek-Wolf Creek,2,0.150943,0,0,1,193306499.332031,111020.571630122
4115,180201251001,Dobbins Creek-Yuba River,2,0.150943,0,2,0,141784823.382812,67484.8009186753
4116,180201250405,Little Oregon Creek-North Yuba River,4,0.301887,0,2,1,77058861.7851562,45877.5994073823
4117,180201250403,Willow Creek,3,0.226415,0,1,1,96735662.5234375,50152.0290602276
4118,180201230601,Little Grass Valley Reservoir-South Fork Feather River,4,0.358491,1,4,0,112655650.507812,54304.8808064314
4119,180201220805,Tollgate Creek-Spanish Creek,3,0.226415,0,1,1,157810503.320312,66288.7946123476
4120,180201210406,Lake Almanor,3,0.207547,1,2,0,190411567.117188,110257.554462077
4121,180201210203,Robbers Creek,0,0,0,0,0,214776048.195312,102547.548465455
4122,180800030201,Harvey Valley,0,0,0,0,0,162009778.773438,63336.7706698109
4123,180800030403,McCoy Flat Reservoir-Susan River,0,0,0,0,0,90474047.8984375,59100.8702603103
4124,180200021903,Muck Valley-Pit River,0,0,0,0,0,113220524.113281,62778.9436815968
4125,180200030106,Little Davis Creek-Horse Creek,0,0,0,0,0,214760954.871094,132363.231018297
4126,180200030102,Coyote Reservoir,0,0,0,0,0,144097096.992188,66770.5837560396
4127,180200021206,Lower Roberts Reservoir-Pit River,1,0.056604,1,0,0,224919345.738281,85202.5325618956
4128,180200021702,Hot Springs Slough,0,0,0,0,0,66577047.3828125,36796.6052474039
4129,180102041102,Whitney Reservoir,0,0,0,0,0,81893369.7851562,48318.2424872425
4130,180102040109,Steele Swamp,1,0.113208,2,0,0,119323167.804688,65615.5201702714
4131,180102040403,East Branch Lost River,1,0.113208,2,0,0,27532419.8828125,32838.1452731147
4132,180600050401,Santa Rita Creek,4,0.358491,1,2,1,79991184.0546875,59978.8864933301
4133,180600051101,Pancho Rico Creek,1,0.075472,0,1,0,240668957.792969,123119.363174446
4134,180400140303,San Carlos Creek,4,0.377359,0,1,2,91350016.6875,45451.2372470545
4135,180400140402,Escarpado Canyon-Panoche Creek,2,0.150943,0,0,1,55884980.4453125,74221.2951281685
4136,180300091003,Mowry Lake-Fresno Slough,4,0.301887,0,0,2,179262874.199219,117292.144778516
4137,180400012004,San Juan Drain,3,0.207547,1,0,1,73868497.8867188,70477.4580980442
4138,180400011605,Lower Mariposa Slough-Deadman Creek,4,0.377358,0,3,1,97677478.2890625,101598.12155845
4139,180400091305,Cashman Creek,1,0.075472,0,1,0,110646941.234375,52492.9294137227
4140,180400091303,Town of Warnerville,2,0.150943,0,2,0,79441627.7304688,48750.8297109478
4141,180400110304,South Gulch,3,0.207547,1,2,0,70793905.4492188,49820.1442859891
4142,180400510103,Hoods Creek,1,0.075472,0,1,0,116080924.324219,73665.7104200877
4143,180400110301,Bear Creek,0,0,0,0,0,116688684.824219,54737.5529463824
4144,180400100702,Rodden Creek-Stanislaus River,5,0.471698,3,2,1,100870421.125,57395.9666820845
4145,180400100607,Black Creek,1,0.075472,0,1,0,141867983.128906,69567.2327983462
4146,180400110302,New Hogan Reservoir-Calaveras River,1,0.056604,1,0,0,118742875.902344,64089.2326129859
4147,180400120602,Rancheria Creek,2,0.150943,0,0,1,119583983.695312,72129.0192279611
4148,180201290503,Dutch Creek,0,0,0,0,0,84799703.1679688,59924.513917006
4149,180201280501,Otter Creek,3,0.226415,0,1,1,77007859.5742188,49016.4139907534
4150,180201290403,One Eye Creek-Rock Creek,4,0.377358,0,3,1,149152897.742188,89215.9821730809
4151,180201220305,Cold Stream-Indian Creek,0,0,0,0,0,99398086.6289062,67538.6105940916
4152,180200021401,Spooner Trough Canyon-Ash Creek,0,0,0,0,0,117358083.410156,59039.3000452506
4153,180200021405,Ambrose Canyon-Ash Creek,0,0,0,0,0,143543690.242188,70320.9594027387
4154,180200020802,Donovan Reservoir,0,0,0,0,0,166220131.875,63534.6540267681
4155,180200021003,Lower Clover Swale Creek,1,0.056604,1,0,0,151724156.027344,83832.4396921408
4156,180200020703,Big Sage Reservoir,0,0,0,0,0,202506389.820312,84650.2388988763
4157,180102040104,Tephone flat Reservoir,1,0.056604,1,0,0,101785217.425781,52744.4413781701
4158,180102040102,Upper Fletcher Creek,1,0.056604,1,0,0,287072398.234375,93999.0221262693
4159,180102040201,Weed Valley-North Fork Willow Creek,1,0.056604,1,0,0,99449727.5273438,50847.9928516238
4160,180200010402,Dry Creek,0,0,0,0,0,38049229.40625,40480.357581513
4161,180600090201,Shuman Canyon,5,0.415094,2,2,1,85101817.9609375,50725.8709137061
4162,180600080501,Upper Orcutt Creek,4,0.377358,0,3,1,96718377.953125,62466.3110241619
4163,180600100604,Canada De La Vina-Santa Ynez River,3,0.207547,1,2,0,89468425.140625,56448.4710119876
4164,180600080403,Cat Canyon,1,0.075472,0,1,0,70392098.3046875,56511.1094056594
4165,180600060704,Oso Flaco Creek,4,0.301887,0,2,1,75575409.3359375,52419.530763893
4166,180600070505,Lower Huasna River,1,0.075472,0,1,0,94197999.765625,74137.0355226883
4167,180600070502,Upper Huasna River,1,0.075472,0,1,0,138004292.9375,84610.6921309261
4168,180600070605,Twitchell Reservoir-Cuyama River,4,0.377359,0,1,2,163710013.914062,90571.9727260993
4169,180600040105,Navajo Creek,2,0.150943,0,0,1,145119382.511719,77234.0678893981
4170,180600040404,Mason Canyon,0,0,0,0,0,63926676.53125,55511.9361093528
4171,180600040403,Shimmin Canyon,0,0,0,0,0,85931391.609375,55550.7051282781
4172,180300120402,Middle Jacalitos Creek,1,0.075472,0,1,0,68468242.2382812,52562.7103756464
4173,180300090605,Lower Cantua Creek,4,0.377359,0,1,2,111238219.941406,80098.150289543
4174,180300090908,180300090908-Fresno Slough,4,0.377359,0,1,2,175980435.96875,100680.449492397
4175,180400010805,Columbia Well,0,0,0,0,0,165553850.546875,86535.5659980821
4176,180400011102,Lower Burns Creek,1,0.075472,0,1,0,170694766.136719,80338.7925765111
4177,180400091304,Rydberg Creek-Dry Creek,2,0.150943,0,2,0,137885501.921875,78559.2374141113
4178,180400100603,Coyote Creek,2,0.150943,0,2,0,83117758.53125,60272.2787907351
4179,180201290303,Alder Creek,2,0.150943,0,2,0,99853281.6015625,57063.0265072016
4180,180400130401,Cat Creek-Middle Fork Cosumnes River,2,0.150943,0,2,0,178470129.691406,64197.3709440829
4181,180201280206,Deer Creek-Rubicon River,0,0,0,0,0,88918968.6015625,43454.5313926117
4182,180201290203,Union Valley Reservoir-Silver Creek,1,0.075472,0,1,0,137147067.679688,89951.3098010965
4183,180201280203,Hell Hole Reservoir-Rubicon River,2,0.150943,0,2,0,159531749.816406,89328.4886681336
4184,180201290204,South Fork Silver Creek,2,0.150943,0,2,0,193504000.0625,98186.4942702637
4185,180201250602,Rattlesnake Creek-South Yuba River,4,0.301887,0,2,1,254601533.6875,108169.828158917
4186,160501020101,Webber Lake-Little Truckee River,2,0.188679,2,1,0,107200616.886719,49674.2369256379
4187,180201220101,Dixie Creek,0,0,0,0,0,136676460.761719,65290.8540332587
4188,180800020205,Ducasse Reservoir,0,0,0,0,0,223151246.21875,84266.6951797794
4189,180800020207,Van Loan Creek,0,0,0,0,0,91866865.3789062,52741.1653932294
4190,180200020305,Montgomery Canyon-South Fork Pit River,2,0.132075,1,1,0,128201686.675781,69540.294529627
4191,180200020103,Coyote Creek-South Fork Pit River,2,0.132075,1,1,0,126733013.390625,76152.1646859222
4192,180200020404,Jim Creek,0,0,0,0,0,112257814.351562,69561.7855513043
4193,180200010403,Corral Creek-Frontal Goose Lake,3,0.226415,4,0,0,90045633.8945312,43174.4211494766
4194,180200020601,Linnville Creek-North Fork Pit River,0,0,0,0,0,219432624.402344,84295.7382278197
4195,180200010305,Lassen Creek-Frontal Goose Lake,3,0.226415,4,0,0,114879420.175781,73796.915993195
4196,180200010302,Kelley Creek-Frontal Goose Lake,0,0,0,0,0,513317.74609375,4539.6317784393
4197,180600140103,Santa Rosa Island-Frontal Pacific Ocean,0,0,0,0,0,108955787.484375,100702.732565853
4198,180600130103,Canada De La Gaviota,5,0.490566,2,1,2,77038944.9804688,46599.5840199858
4199,180600080401,Asphaltum Creek,4,0.301887,0,2,1,78211288.1367188,58688.8277411388
4200,180600100601,Zaca Creek,3,0.283019,1,1,1,154079072.375,102444.670525824
4201,180600080302,Horse Canyon,3,0.283019,1,1,1,84468487.6484375,46074.9405010591
4202,180300121303,Yeguas Creek-Bitterwater Creek,2,0.150943,0,2,0,168647546.769531,144841.599225906
4203,180300120702,Town of Huron-Kings River,2,0.150943,0,0,1,206227049.425781,122220.047411816
4204,180300090702,Town of Rolinda-James Bypass,0,0,0,0,0,220391047.1875,100094.820324551
4205,180300090703,Kennedy Owens Canal-James Bypass,0,0,0,0,0,240555268.269531,113915.78228422
4206,180400011601,Flat Top Mountain-Deadman Creek,1,0.075472,0,1,0,156589452.035156,108403.388071024
4207,180400120103,Summit City Creek,5,0.433962,1,3,1,90251374.4921875,51961.2724850784
4208,180800031201,Headwaters Long Valley Creek,0,0,0,0,0,149552684.570312,59981.6297696853
4209,160501020504,Bull Ranch Creek-Truckee River,0,0,0,0,0,43983990.9609375,30316.2363228995
4210,180201230305,Correco Canyon,0,0,0,0,0,74055952.6601562,44084.1483265908
4211,180201230101,Lookout Creek-Little Last Chance Creek,2,0.150943,0,2,0,162617366.40625,71680.8242391458
4212,180800031204,Zamboni Hot Springs-Long Valley Creek,0,0,0,0,0,222211289.949219,93306.8870617684
4213,180800031203,Roberts Canyon-Long Valley Creek,0,0,0,0,0,175076481.851562,66526.3502325791
4214,160402030904,Rush Creek,0,0,0,0,0,192470895.488281,66974.0683509947
4215,180800031401,Upper Skedaddle Creek,0,0,0,0,0,96984468.4375,63092.5443719073
4216,180800020101,Painters Flat,0,0,0,0,0,131025981.132812,65296.1437688426
4217,180800010302,Eagleville Airport-Frontal Lower Alkali Lake,0,0,0,0,0,46067528.6054688,32666.1887485006
4218,160402040508,Tuledad Creek,0,0,0,0,0,202722428.699219,66220.3763016786
4219,180800010304,Coppersmith Hills-Frontal Lower Alkali Lake,0,0,0,0,0,56728144.6171875,46132.7451846118
4220,180600100401,Gibraltar Reservoir-Santa Ynez River,5,0.528302,0,3,2,192282561.144531,73643.5494351751
4221,180600100301,East Fork Santa Cruz Creek,1,0.075472,0,1,0,62598651.46875,37953.215483696
4222,180600080101,Sisquoc Falls-Sisquoc River,1,0.056604,1,0,0,168326566.03125,62535.3951843583
4223,180300121506,180300121506,0,0,0,0,0,151344841.851562,79586.0956995662
4224,180300121505,180300121505,0,0,0,0,0,170486408.988281,87274.0573274288
4225,180300122404,Lower Blakeley Canal-Tulare Lake Bed,0,0,0,0,0,289152471.984375,69968.3638902785
4226,180300090102,Murphy Slough,0,0,0,0,0,120672036.769531,97639.2777969678
4227,180400010202,Little Dry Creek,2,0.150943,0,2,0,184705945.402344,81449.2498272282
4228,180400070102,Miami Creek,1,0.075472,0,1,0,128714697.230469,62043.9556033362
4229,180400090403,West Fork Cherry Creek,3,0.283019,1,3,0,171244217.625,94861.9519729162
4230,180400090301,Kendrick Creek,2,0.150943,0,2,0,141866846.070312,72239.6032054885
4231,180400090401,North Fork Cherry Creek,3,0.226415,0,3,0,77140371.5625,71121.5643151258
4232,180400120101,Deer Creek,3,0.283019,1,3,0,88254307.6054688,63679.9716374359
4233,160502010202,Cottonwood Canyon-East Fork Carson River,0,0,0,0,0,99231622.3710938,50806.3713255116
4234,160502010203,Indian Creek,0,0,0,0,0,84902701.8789062,56477.9541024008
4235,180600130205,Santa Monica Creek-Frontal Santa Barbara Channel,2,0.188679,2,1,0,70927994.34375,52649.1304422167
4236,180600100101,Upper Mono Creek,1,0.075472,0,1,0,183189066.527344,70223.2627760843
4237,180300120805,Town of Saco,0,0,0,0,0,189752517.4375,129654.092180411
4238,180300121001,Upper Goose Lake Canal,2,0.150943,0,0,1,74155900.9101562,39956.3177658772
4239,180300050804,Town of Allensworth,1,0.075472,0,1,0,247903795.214844,137298.333141698
4240,180300050605,180300050605,1,0.056604,1,0,0,212254004.949219,118488.149056902
4241,180300060902,South Fork Deep Creek-Deep Creek,0,0,0,0,0,71023474.5976562,49937.0831927971
4242,180300061001,Old Channel Tule River,0,0,0,0,0,180917419.671875,99603.4404476142
4243,180300071401,Packwood Creek,0,0,0,0,0,102638663.449219,94509.9752097547
4244,180300071102,Saint Johns River,1,0.075472,0,1,0,112446489.75,131074.278963593
4245,180300090301,Fancher Creek,3,0.226415,0,1,1,90658777.1757812,77406.797386757
4246,180300071202,Travers Creek,1,0.075472,0,1,0,140677373.496094,76727.0926907922
4247,180300090401,Upper Dry Creek,3,0.226415,0,1,1,134640444.753906,75215.3444764623
4248,180300100804,Sycamore Creek,3,0.226415,0,1,1,157555415.066406,74307.133802334
4249,180400060802,Jackass Creek,1,0.075472,0,1,0,137931444.757812,70942.3246102815
4250,180400080201,Upper South Fork Merced River,3,0.226415,0,3,0,225179701.066406,81334.0057430197
4251,180400080102,Lewis Creek,2,0.150943,0,2,0,82706413.4765625,43782.8275848244
4252,180400090103,Conness Creek,2,0.150943,0,2,0,95735427.1367188,49120.784315173
4253,180400090107,Delaney Creek-Tuolumne River,3,0.226415,0,3,0,179112041.652344,121949.314977245
4254,160502010101,Silver King Creek,3,0.207547,1,2,0,183717778.097656,74978.692746196
4255,160503020107,Lower Little Walker River,1,0.075472,0,1,0,74848862.0859375,51455.4142136775
4256,160503020106,Hot Creek,0,0,0,0,0,69957901.5859375,42023.535463459
4257,180701030202,McGrath Lake-Frontal Pacific Ocean,3,0.207547,1,0,1,111583654.335938,57028.6936745581
4258,180701030201,Mugu Lagoon,1,0.056604,1,0,0,143015222.582031,85996.2158382348
4259,180701030107,Revolon Slough-Calleguas Creek,5,0.415094,2,0,2,142541336.339844,61705.1555102662
4260,180701020702,Tule Creek-Sespe Creek,5,0.716981,2,4,2,188436886.332031,90530.9194445033
4261,180300030111,Richfeild Weir-Kern River,3,0.226415,0,1,1,114321776.0625,108115.412692083
4262,180300050603,Town of McFarland,1,0.075472,0,1,0,167792045.996094,65998.8468521153
4263,180300050902,Town of Ducor-Deer Creek,1,0.075472,0,1,0,208836747.339844,89828.0076039862
4264,180300060601,Dry Creek,0,0,0,0,0,76718397.3984375,39742.5641968167
4265,180300100703,Mill Flat Creek,3,0.226415,0,1,1,197821152.355469,71069.9250412201
4266,180400060801,Junction Butte-San Joaquin River,0,0,0,0,0,79558963.8203125,56049.5199330301
4267,180400060602,Rube Creek-South Fork San Joaquin River,1,0.075472,0,1,0,168243788.347656,63733.5843448932
4268,180400060803,Kaiser Creek,2,0.150943,0,2,0,191466372.109375,70619.8633493658
4269,180400060601,Rock Creek-South Fork San Joaquin River,1,0.075472,0,1,0,185467283.867188,72222.2846195678
4270,180901010404,Dechambeau Creek-Frontal Mono Lake,0,0,0,0,0,76350150.34375,48469.2499941783
4271,180901010403,Wilson Creek,0,0,0,0,0,78658013.2851562,53666.9134572467
4272,160503010205,Upper Rough Creek,0,0,0,0,0,88644328.0625,50913.2891067472
4273,160503010201,Upper Bodie Creek,0,0,0,0,0,101538260.644531,50974.9983409731
4274,180701040103,Las Virgenes Creek,3,0.283019,1,1,1,92215623.1132812,67794.6537633918
4275,180701020508,Buck Creek-Piru Creek,5,0.45283,0,2,2,85472191.3476562,49245.5365509106
4276,180300040204,Pine Mountain Creek-Poso Creek,0,0,0,0,0,99719926.1796875,57589.1884160987
4277,180300030109,Stark Creek-Kern River,3,0.226415,0,1,1,130005544.246094,67153.5426743178
4278,180300060202,Middle North Fork Tule River,1,0.075472,0,1,0,73121287.484375,47231.5200928395
4279,180300060201,Upper North Fork Tule River,0,0,0,0,0,120685509.238281,52508.2001222131
4280,180300060102,North Fork Middle Fork Tule River,4,0.301887,0,2,1,166349628.074219,76209.9063601604
4281,180300100702,Converse Creek-Kings River,4,0.377358,0,3,1,178992040.824219,68257.5257746726
4282,180300100402,Lightning Creek-South Fork Kings River,1,0.075472,0,1,0,89977258.390625,51668.739712202
4283,180300100309,Lower Middle Fork Kings River,3,0.226415,0,1,1,186789654.339844,66843.6459828689
4284,180901020206,O'Harrel Canyon Creek-Owens River,1,0.113208,2,0,0,108411660.355469,67605.5917752097
4285,180901010204,Indian Spring-Frontal Mono Lake,1,0.075472,0,1,0,225825255.625,95002.7168251594
4286,180901010603,North Canyon,0,0,0,0,0,122640846.792969,61458.3503835785
4287,180901010202,Cowtrack Spring-Frontal Mono Lake,0,0,0,0,0,221798019.753906,97506.9376989315
4288,180701050203,Aliso Canyon Wash,3,0.226415,0,3,0,82677732.578125,46078.2081038856
4289,180902061303,Canyon del Gato-Montes,0,0,0,0,0,187372298.5625,93525.029077354
4290,180701020302,Fish Canyon,4,0.377359,0,1,2,104055528.46875,53920.4373573668
4291,180902061704,Burham Canyon,0,0,0,0,0,122807183.878906,108461.920300015
4292,180300030102,Bodfish Creek,1,0.075472,0,1,0,64951606.0273438,43749.8287375806
4293,180300040102,Upper Cedar Creek,2,0.150943,0,0,1,145209297.984375,54658.1489466477
4294,180300060301,Upper South Fork Tule River,2,0.150943,0,0,1,156773304.351562,61401.8078815035
4295,180300010506,Brush Creek-Kern River,0,0,0,0,0,177648477.714844,64201.5950986052
4296,180300010201,Upper Big Arroyo,1,0.075472,0,1,0,96077929.6132812,45837.2217090037
4297,180300010202,Lower Big Arroyo,0,0,0,0,0,101002264.460938,57664.9627609653
4298,180300100301,Palisade Creek,1,0.075472,0,1,0,108108797.675781,52573.5053356758
4299,180901030101,Taboose Creek-Owens River,3,0.207547,1,2,0,240311346.175781,103835.29096707
4300,180901020602,Middle Fork Bishop Creek,3,0.207547,1,2,0,134093425.027344,67025.207056038
4301,180901020403,Horton Creek,3,0.264151,2,2,0,227911912.09375,82557.8875320848
4302,180901010608,Wet Fork,0,0,0,0,0,95401772.0859375,51139.4472929994
4303,180901020503,Lone Tree Creek-Spring Canyon Creek,0,0,0,0,0,139479521.5625,57835.6990682111
4304,180701020104,Agua Dulce Canyon,4,0.320755,3,0,1,112387020.542969,59049.8497555006
4305,180701020103,Acton Canyon,0,0,0,0,0,77564296.1835938,39841.1829041148
4306,180701050103,Upper Big Tujunga Creek,5,0.509434,1,2,2,150909359.429688,90348.3484674527
4307,180902060504,Town of Rancho Seco,0,0,0,0,0,219594364.605469,105533.550855223
4308,180902060403,Central Park Lake-Cache Creek,0,0,0,0,0,208942665.832031,88374.7743717631
4309,180300020502,Lower Canebrake Creek,3,0.226415,0,1,1,197866112.0625,73125.6579458781
4310,180300020401,Upper Chimney Creek,0,0,0,0,0,136034423.621094,62110.6726558266
4311,180300020203,Fish Creek,2,0.132075,1,1,0,211140881.621094,92163.8727078692
4312,180300020202,Long Canyon,0,0,0,0,0,136013167.566406,71885.6810197131
4313,180300010401,Ninemile Creek,2,0.132075,1,1,0,196962961.5625,64916.5490145317
4314,180300020102,Mulkey Creek-South Fork Kern River,2,0.132075,1,1,0,163037621.964844,73260.1697762522
4315,180901030403,Ash Creek,0,0,0,0,0,62568608.59375,49415.2741479076
4316,180901030208,Long John Canyon-Owens River,2,0.150943,0,2,0,264138684.480469,81426.4422547456
4317,180901020802,Sangers Slough-Owens River,1,0.056604,1,0,0,155604618.183594,85636.3662407223
4318,180902010302,Joshua Flats,1,0.075472,0,1,0,211932352.535156,107469.05229142
4319,180901020707,Batchelder Spring,1,0.075472,0,1,0,65511106.8125,53322.2868099633
4320,160600100904,Toler Creek,0,0,0,0,0,94796151.9140625,45737.5213459888
4321,180701060605,Carbon Creek,3,0.283019,1,1,1,217217651.136719,108881.152393626
4322,180902061601,Indian Bill Canyon,0,0,0,0,0,92128350.9257812,56207.9187431097
4323,180701060204,North Fork San Gabriel River,5,0.54717,3,3,1,71525345.6367188,41849.7244643098
4324,180902061603,Town of Roosevelt,0,0,0,0,0,76587297.4179688,85732.8108184605
4325,180902062106,180902062106,0,0,0,0,0,68312902.1171875,56896.2749728813
4326,180902060602,Goler Gulch,0,0,0,0,0,171702114.320312,88868.6751607004
4327,180902050503,Volcano Peak,0,0,0,0,0,197176398.117188,92097.9326395843
4328,180902050304,Haiwee Creek,0,0,0,0,0,210735664.113281,76831.5183929123
4329,180901030501,Cactus Flat,0,0,0,0,0,154189139.640625,67257.2244566999
4330,180902050102,Devils Kitchen,0,0,0,0,0,159113790.730469,86882.6404139264
4331,180901030402,Vermillion Canyon,0,0,0,0,0,90937059.375,58583.0920831465
4332,180902010703,Lower Warm Springs,0,0,0,0,0,213021127.117188,88159.2589730229
4333,180902010804,180902010804,0,0,0,0,0,202859784.886719,85501.9910079411
4334,180902010403,180902010403,0,0,0,0,0,128534059.941406,66278.1445716861
4335,160600100907,Indian Garden Creek-Frontal Fish Lake Valley,0,0,0,0,0,154492650.207031,62327.4493921901
4336,180703010104,Lower San Juan Creek,5,0.641509,2,3,2,165736331.34375,84601.3316399066
4337,180902060901,Le Montaine Creek,1,0.075472,0,1,0,100920013.519531,65972.1663335857
4338,180902070701,Town of Kramer Junction,0,0,0,0,0,183970715.824219,79430.183070989
4339,180902070605,Fremont Peak-Cuddeback Lake,0,0,0,0,0,208945821.558594,81339.7070067572
4340,180902070601,Town of Atolia,0,0,0,0,0,104628952.261719,65171.6696750699
4341,180902070603,Steam Well,0,0,0,0,0,96021888.1132812,44870.9747431753
4342,180902051003,Middle Teagle Wash,0,0,0,0,0,168315120.726562,85203.7020913398
4343,180902051102,Fish Head Rocks-Poison Canyon,0,0,0,0,0,147880694.683594,87184.1455878454
4344,180902041107,Shepherd Canyon-Panamint Valley,0,0,0,0,0,244229312.363281,110276.62851598
4345,180902040303,Indian Gardens Wash,0,0,0,0,0,66625678.8046875,53814.7358354823
4346,180902040403,The Dunes,0,0,0,0,0,87294033.2695312,49151.4111884238
4347,180902030301,Sand Flat,0,0,0,0,0,86335421.8984375,48137.0238349826
4348,180703051303,,1,0.075472,0,1,0,7895709.01953125,13262.6237342993
4349,180703041202,San Diego Bay,5,0.45283,0,2,2,237651793.082031,147461.636578245
4350,180703041101,Rose Canyon,3,0.226415,0,1,1,132238338.582031,78562.2897854399
4351,180703030303,Pilgrim Creek,2,0.150943,0,2,0,69909641.421875,46910.5873100574
4352,180703020504,O'Neill Lake-Santa Margarita River,5,0.735849,1,3,3,161988901.609375,96042.2857920161
4353,180703020503,Rainbow Creek-Santa Margarita River,5,0.566038,2,2,2,160170858.390625,100664.991326923
4354,180702020307,Railroad Canyon Reservoir-San Jacinto River,1,0.075472,0,1,0,152805304.652344,86182.6497002899
4355,180902080201,Silverwood Lake-West Fork Mojave River,4,0.301887,0,2,1,128658181.804688,62591.8782937191
4356,180902080101,Holcomb Creek,3,0.283019,1,1,1,179698330.414062,79768.0921749664
4357,180902071109,Twelve Gauge Lake,0,0,0,0,0,96014666.765625,58828.3801972484
4358,180902071104,Lynx Cat Mountain,0,0,0,0,0,78288493.09375,47758.0637573075
4359,180902071101,Town of Hinkley,0,0,0,0,0,104168561.453125,56612.9095882668
4360,180902080802,Brisbane Valley-Wild Wash,0,0,0,0,0,204480661.113281,93464.6404408162
4361,180902081004,180902081004,0,0,0,0,0,136465153.679688,61466.1913923284
4362,180902071103,180902071103,0,0,0,0,0,110028801.515625,56635.9625272329
4363,180902040602,Lead Pipe Spring-Pilot Knob Valley,0,0,0,0,0,136607333.734375,67106.4523316635
4364,180902041205,Big Horn Canyon-Panamint Valley,0,0,0,0,0,293795009.878906,92870.8669249634
4365,180902030403,Telephone Canyon,0,0,0,0,0,93398712.125,52457.0293023481
4366,180902030606,180902030606,0,0,0,0,0,236221453.542969,121290.429422778
4367,180703051202,Otay Mesa-Cottonwood Creek,1,0.075472,0,1,0,41032883.0039062,39907.0239503069
4368,180703030103,West Fork San Luis Rey River,5,0.433962,1,1,2,100617342.585938,53083.12414337
4369,180703040103,Sutherland Lake-Santa Ysabel Creek,5,0.45283,0,2,2,163141756.242188,81266.9673441777
4370,180703020203,Upper Wilson Creek,0,0,0,0,0,92475810.1367188,50331.4469548953
4371,180703020105,Cottonwood Creek-Temecula Creek,5,0.433962,1,1,2,138721155.695312,93727.8717487089
4372,180703020102,Rattlesnake Creek-Temecula Creek,4,0.301887,0,2,1,90505247.328125,45084.0960111582
4373,180702030401,Little San Gorgonio Creek,1,0.075472,0,1,0,106624581.882812,67596.2942644102
4374,180702020103,North Fork San Jacinto River,4,0.339623,2,1,1,99476876.8632812,53084.2479525782
4375,180702030502,Alder Creek-Santa Ana River,3,0.226415,0,1,1,106706391.074219,51620.8156777879
4376,180702030103,Siberia Creek-Bear Creek,3,0.226415,0,1,1,64948786.9882812,45794.6836401207
4377,180702030202,Deer Creek-Santa Ana River,3,0.226415,0,1,1,186727101.691406,65738.9289016082
4378,180902081401,Minneola Ridge,0,0,0,0,0,106804185.65625,60234.6038159919
4379,180902070303,Coyote Well,0,0,0,0,0,111572187.824219,48815.1880751629
4380,180902070307,Paradise Springs-Coyote Lake,0,0,0,0,0,380134865.59375,163453.765952687
4381,180902040604,180902040604-Pilot Knob Valley,0,0,0,0,0,101031010.65625,47003.4861699571
4382,180902070404,180902070404,0,0,0,0,0,99158987.4609375,60144.2665761344
4383,180902040802,Wingate Pass,0,0,0,0,0,69901000.0507812,51490.9440326808
4384,180902031903,180902032003,0,0,0,0,0,98157010.7070312,55346.806980973
4385,180902032210,Hanaupah Canyon,0,0,0,0,0,113819485.109375,53369.1324655811
4386,180902032208,Starvation Canyon,0,0,0,0,0,82098585.9257812,66245.3204328781
4387,180902032212,Coffin Canyon-Amargosa River,0,0,0,0,0,899685396.636719,276126.71383386
4388,180902030903,Trail Canyon,0,0,0,0,0,94665409.3984375,44625.3532135661
4389,180902030905,180902030905-Salt Creek,0,0,0,0,0,110206968.773438,67513.8676118989
4390,180902020303,Daylight Spring,0,0,0,0,0,25124711.9570312,37441.0850006899
4391,180902020702,180902020702,0,0,0,0,0,6466606.77734375,14792.6104592416
4392,180902020703,Sand Hill Peak,0,0,0,0,0,118391201.652344,68968.2842451915
4393,180703051104,Upper Tecate Creek ,0,0,0,0,0,329103.74609375,6163.14130534708
4394,181002020101,Vallecito Wash,0,0,0,0,0,145732637.539062,64334.9007314921
4395,180703050902,Kitchen Creek-Cottonwood Creek,4,0.301887,0,2,1,164957476.988281,75679.3360543113
4396,181002030203,Alder Canyon,0,0,0,0,0,71046289.3945312,43457.1936844086
4397,181002010203,Middle Palm Canyon Wash,3,0.226415,0,1,1,107349710.027344,59123.0707495152
4398,181002010502,Dead Indian Creek,1,0.056604,1,0,0,69602785.890625,46846.0290724778
4399,181001000603,Rock Corral,0,0,0,0,0,61653582.3007812,39925.5206941218
4400,181001000802,Iron Ridge,0,0,0,0,0,159474657.289062,71751.9293723992
4401,181001000803,Galway Lake,0,0,0,0,0,127723634.75,65432.9465082864
4402,180902081305,Box Canyon,0,0,0,0,0,181996128.832031,61193.0697039
4403,180902081502,Langford Well-Langford Well Lake,0,0,0,0,0,124457874.980469,71990.7653385961
4404,180902070301,Alvord Well,0,0,0,0,0,117486105.71875,64821.9748753277
4405,180902031003,180902031003,0,0,0,0,0,172128338.734375,73971.7176270794
4406,180902032204,Willow Creek,0,0,0,0,0,100411602.761719,55291.5277605475
4407,180902021601,Greenwater Canyon,0,0,0,0,0,146243807.007812,87675.6347144343
4408,180902021606,180902021606-Amargosa River,0,0,0,0,0,182121883.324219,66811.0037129092
4409,180902021603,Bat Mountain-Amargosa River,0,0,0,0,0,219679464.527344,90384.8692194724
4410,180902020603,Town of Leeland,0,0,0,0,0,4103187.9296875,12590.7155361307
4411,181002020203,Boundary Creek,0,0,0,0,0,58121855.1914062,42354.6435204303
4412,181002020103,Upper Vallecito Creek,2,0.150943,0,0,1,105972350.507812,60387.7196255623
4413,181002041507,Travertine Palms Wash-Frontal Salton Sea,1,0.113208,2,0,0,157046232.871094,65988.9233670259
4414,181002041506,Wonderstone Wash-Frontal Salton Sea,1,0.113208,2,0,0,130624939.628906,72748.9728441975
4415,181001001604,Coyote Well,0,0,0,0,0,68685434.3007812,37349.9461610941
4416,181001001702,Joshua Cove-Coyote Lake,0,0,0,0,0,129079005.347656,90377.4439325254
4417,181001001402,Deadman Lake,0,0,0,0,0,152871598.109375,72065.543496283
4418,181001001802,Rattlesnake Canyon,0,0,0,0,0,154459428.292969,84186.7785863933
4419,181001001101,Town of Lavic,0,0,0,0,0,103652060.101562,52176.4110157378
4420,180902082502,180902082502,0,0,0,0,0,120274589.261719,83514.8387138463
4421,180902021804,Resting Spring,1,0.113208,2,0,0,168734239.140625,81734.194664816
4422,181002030503,Lower Lower Borrego Valley,0,0,0,0,0,85958082.5390625,47612.0647068003
4423,181002041504,Tule Wash-Frontal Salton Sea,0,0,0,0,0,181189822.015625,106838.500316697
4424,181002040607,Dos Palmas Spring,1,0.056604,1,0,0,132054780.289062,76846.8544536764
4425,181001004401,Upper Fried Liver Wash,0,0,0,0,0,118098918.347656,60966.6540238657
4426,181002010801,Thermal Canyon,0,0,0,0,0,70761913.2929688,68222.2552390783
4427,181001004403,Headwaters Pinto Wash,0,0,0,0,0,77470444.3632812,61414.2718726904
4428,181001002305,Dog Wash,0,0,0,0,0,128361367.6875,114076.121245096
4429,181001001903,181001001903,0,0,0,0,0,161354575.273438,76098.6331505004
4430,181001002501,181001002501,0,0,0,0,0,94453139.0742188,49081.0901712505
4431,180902081805,Lower Devils Playground Wash,0,0,0,0,0,157899141.296875,60944.5696245776
4432,180902082503,Seventeenmile Point,0,0,0,0,0,134752032.003906,63293.9886648469
4433,180902082002,Town of Glasgow-Kelso Wash,0,0,0,0,0,89966672.2226562,49166.8958883398
4434,180902082303,Upper Willow Wash,0,0,0,0,0,181228176.300781,83011.0993196772
4435,180902082302,Lower Black Tank Wash,0,0,0,0,0,88661802.359375,75885.3218762625
4436,180902082401,Bull Spring Wash,0,0,0,0,0,98131385.203125,47356.1509357386
4437,180902082402,Halloran Spring-Halloran Wash,0,0,0,0,0,167534545.289062,99578.6512212032
4438,181002040501,Maniobra Valley,0,0,0,0,0,165423160.863281,77646.5805168817
4439,181002041301,Town of Pope-Frontal Salton Sea,1,0.113208,2,0,0,213781347.386719,64811.897993135
4440,181001004803,Hayfield Lake,0,0,0,0,0,150004449.226562,82490.9539760711
4441,181001004901,Dragon Wash,0,0,0,0,0,111239010.078125,53436.904280398
4442,180902081906,Winston Wash,0,0,0,0,0,112828528.492188,60192.6195827922
4443,180902082301,Upper Black Tank Wash,0,0,0,0,0,185470515.78125,66752.9794579113
4444,180902031101,Ord Tank,0,0,0,0,0,184159100.753906,69935.8249004741
4445,160600150803,Bonanza Wash-Frontal Mesquite Lake,0,0,0,0,0,8320826.703125,14049.7312629917
4446,160600151002,Whisky Spring-Frontal Ivanpah Lake,0,0,0,0,0,184276112.292969,63860.2926548143
4447,160600150702,Potosi Spring-Potosi Wash,0,0,0,0,0,226807.36328125,2232.73909443242
4448,181002040405,181002040405,0,0,0,0,0,37497681.5976562,116751.776601555
4449,181002040403,Deer Peak,0,0,0,0,0,341506057.679688,118349.523438756
4450,181002041306,181002041306,0,0,0,0,0,126651623.691406,90236.0379402758
4451,181002040207,Town of Acolita,0,0,0,0,0,135081756.433594,71495.6572921463
4452,181001005404,181001005404,0,0,0,0,0,162535210.605469,85285.6043831718
4453,181001004602,181001004602,0,0,0,0,0,149372638.65625,59215.1864178944
4454,181001005003,Lower Palen Lake,0,0,0,0,0,98844134.2695312,58092.285960193
4455,181001003502,Willow Spring Wash-Schulyler Wash,0,0,0,0,0,183217470.890625,102432.572152628
4456,181001003306,Fenner Spring,0,0,0,0,0,121990744.957031,58038.0779809954
4457,150301020202,Town of Barnwell,0,0,0,0,0,166960027.527344,87965.2463333952
4458,160600151102,Town of Calada-Frontal Ivanpah Lake,0,0,0,0,0,28721278.625,24646.814809454
4459,181002040206,181002040206,0,0,0,0,0,119097081.679688,61179.5854561258
4460,150301041003,Sawtooth Mountain-Milpitas Wash,0,0,0,0,0,133318550.03125,87923.1797032346
4461,181001005407,181001005407,0,0,0,0,0,65803646.2421875,48559.8717144389
4462,181001004202,Martins Well,0,0,0,0,0,140446428.992188,57886.4467019386
4463,181001003905,Painted Rock Wash,0,0,0,0,0,63248537.7929688,52436.612015803
4464,150301020208,Signal Hill-Sacramento Wash,0,0,0,0,0,160802989.429688,97349.587059674
4465,181001003806,181001003806-Homer Wash,0,0,0,0,0,146896209.121094,73071.9465063319
4466,150301020303,150301020303-Piute Wash,0,0,0,0,0,137755706.132812,75162.3125883687
4467,150301020305,150301020305-Piute Wash,0,0,0,0,0,123151760.320312,61238.2931314473
4468,150301020110,Weikel Reservoir,0,0,0,0,0,22362504.0078125,27741.2248057054
4469,181001004301,Black Ridge,0,0,0,0,0,62847203.4804688,51577.4110070376
4470,150301040205,Vidal Junction,0,0,0,0,0,93199474.0507812,69076.9870446406
4471,150301040207,Lower Vidal Wash,0,0,0,0,0,193026191.164062,123660.249806902
4472,150301010503,Sawtooth Peak,0,0,0,0,0,230808477.449219,87833.5887456149
4473,150301040301,Town of Earp-Colorado River,1,0.056604,1,0,0,74792304.359375,60784.6346314599
