fitted,residual,standardized_residual
194.94238358833746,22.057616411662536,0.6341260631537986
194.94238358833746,-53.942383588337464,-1.5507691630687106
170.1908563294846,-26.190856329484603,-0.752951012696981
140.3032981210916,-12.303298121091586,-0.3537028596258609
151.16232762950037,12.837672370499632,0.36906538260675253
166.80485798139318,21.195142018606816,0.6093311133626591
140.3032981210916,-14.303298121091586,-0.4112001024211901
169.05744478087823,15.942555219121772,0.4583264841058928
142.55588492057663,2.4441150794233693,0.07026493907066463
124.66076776919877,3.3392322308012297,0.09599832316218276
188.08597348086246,25.914026519137536,0.7449925372877244
185.83338668137742,-44.83338668137742,-1.2888980596780184
188.08597348086246,13.914026519137536,0.40000908051574924
194.94238358833746,20.057616411662536,0.5766288203584694
140.3032981210916,-32.303298121091586,-0.9286752875791529
188.08597348086246,-30.085973480862464,-0.8649302609814928
124.66076776919877,33.33923223080123,0.9584569650921205
194.94238358833746,57.057616411662536,1.6403278120720592
151.16232762950037,50.83767237049963,1.461512995718007
140.3032981210916,-37.303298121091586,-1.072418394567476
140.3032981210916,-24.303298121091586,-0.698686316397836
151.16232762950037,8.837672370499632,0.2540708970160942
151.16232762950037,-13.162327629500368,-0.3783987737325269
140.3032981210916,-2.3032981210915864,-0.06621664564921498
124.66076776919877,-13.66076776919877,-0.3927282405981153
170.1908563294846,53.8091436705154,1.5469386991161864
142.55588492057663,-16.55588492057663,-0.47595886748496263
142.55588492057663,29.44411507942337,0.8464777168076086
142.55588492057663,-30.55588492057663,-0.8784395670522669
166.80485798139318,-15.804857981393184,-0.45436787835093084
142.55588492057663,-52.55588492057663,-1.5109092378008881
169.05744478087823,62.94255521912177,1.8095116897961285
169.05744478087823,13.942555219121772,0.40082924131056363
170.1908563294846,-39.1908563294846,-1.1266830908666208
188.08597348086246,-35.085973480862464,-1.0086733679698159
124.66076776919877,9.33923223080123,0.26849005154817035
169.05744478087823,44.94255521912177,1.2920365046381659
151.16232762950037,5.837672370499632,0.16782503282310038
166.80485798139318,33.195142018606816,0.9543145701346342
142.55588492057663,19.44411507942337,0.5589915028309628
194.94238358833746,33.057616411662536,0.950360898528109
142.55588492057663,-40.55588492057663,-1.165925781028913
124.66076776919877,-17.66076776919877,-0.5077227261887737
142.55588492057663,19.44411507942337,0.5589915028309628
166.80485798139318,22.195142018606816,0.6380797347603238
140.3032981210916,-22.303298121091586,-0.6411890736025068
166.80485798139318,1.1951420186068162,0.034358685409367234
177.0472664369596,-1.0472664369596032,-0.030107466298633548
169.05744478087823,38.94255521912177,1.1195447762521784
142.55588492057663,-22.55588492057663,-0.6484505958709502
166.80485798139318,18.195142018606816,0.5230852491696654
169.05744478087823,-20.057444780878228,-0.5766238862100326
151.16232762950037,18.837672370499632,0.5415571109927401
142.55588492057663,-16.55588492057663,-0.47595886748496263
124.66076776919877,-26.66076776919877,-0.766460318767755
169.05744478087823,-59.05744478087823,-1.6978201207189518
124.66076776919877,-1.6607677691987703,-0.047744783826140204
140.3032981210916,42.696701878908414,1.2274713172456917
170.1908563294846,-4.190856329484603,-0.12048134194835991
142.55588492057663,-2.5558849205766307,-0.07347816791765834
151.16232762950037,3.8376723704996323,0.1103277900277712
170.1908563294846,-24.190856329484603,-0.6954537699016518
124.66076776919877,-0.6607677691987703,-0.018996162428475606
188.08597348086246,49.914026519137536,1.4349594508316745
124.66076776919877,0.33923223080122966,0.009752458969188986
124.66076776919877,-22.66076776919877,-0.6514658331770966
124.66076776919877,-21.66076776919877,-0.6227172117794321
169.05744478087823,-47.05744478087823,-1.3528366639469767
142.55588492057663,-19.55588492057663,-0.5622047316779564
142.55588492057663,-19.55588492057663,-0.5622047316779564
115.50896295809208,15.491037041907916,0.445345958975008
113.25637615860705,7.743623841392946,0.2226185100621342
115.50896295809208,-21.508962958092084,-0.6183530327385819
115.50896295809208,54.491037041907916,1.566542193483927
183.45077410683876,4.5492258931612355,0.13078397285494417
164.42224540685453,-28.42224540685453,-0.817100372473173
140.17327234603798,22.826727653962024,0.656236951071354
164.42224540685453,5.577754593145471,0.1603527550474231
167.80824375494595,-38.80824375494595,-1.1156835068192232
137.92068554655293,14.079314453447068,0.40476088076081607
185.7033609063238,-61.70336090632381,-1.7738865616593624
113.12635038355344,13.873649616446556,0.39884830022707596
113.12635038355344,-3.1263503835534436,-0.08987826353322217
113.12635038355344,12.873649616446556,0.37009967882941136
110.87376358406841,-1.8737635840684135,-0.05386811986711463
113.12635038355344,13.873649616446556,0.39884830022707596
110.87376358406841,-11.873763584068413,-0.3413543338437605
110.87376358406841,9.126236415931587,0.2623667155071959
110.87376358406841,25.126236415931587,0.7223446578698294
210.39353542167217,54.60646457832783,1.5698605760273283
210.39353542167217,-3.393535421672169,-0.097559465037218
184.50859661421293,-22.508596614212934,-0.6470911222547635
203.53712531419717,-17.53712531419717,-0.5041681760612549
184.50859661421293,-14.508596614212934,-0.4171021510734467
210.39353542167217,-19.39353542167217,-0.5575374073998515
210.39353542167217,-30.39353542167217,-0.873772242774162
210.39353542167217,-16.39353542167217,-0.4712915432068577
203.53712531419717,-28.53712531419717,-0.8204030114355654
203.53712531419717,17.46287468580283,0.5020335728570059
210.39353542167217,-33.39353542167217,-0.9600181069671558
183.32051505288362,-17.32051505288362,-0.4979409296679025
210.39353542167217,-73.39353542167217,-2.1099629628737397
168.86606626232012,-5.866066262320118,-0.16864131806905525
187.89459496230435,10.105405037695647,0.2905164634987639
184.50859661421293,18.491403385787066,0.5316023550494848
205.7897121136822,5.210287886317786,0.1497885938165874
203.53712531419717,23.46287468580283,0.6745253012429935
184.50859661421293,-6.508596614212934,-0.18711317989213
210.39353542167217,95.60646457832783,2.748554053331577
210.39353542167217,58.60646457832783,1.6848550616179867
168.86606626232012,57.13393373767988,1.642521829983814
168.86606626232012,-11.866066262320118,-0.3411330464550428
168.86606626232012,71.13393373767988,2.0450025295511183
194.75100506977935,-17.751005069779353,-0.5103169241791121
203.53712531419717,62.46287468580283,1.7957215357519125
203.53712531419717,-6.537125314197169,-0.18793334068694437
203.53712531419717,35.46287468580283,1.0195087580149684
187.89459496230435,-58.89459496230435,-1.693138412940093
168.86606626232012,-40.86606626232012,-1.174843066987316
203.53712531419717,-4.537125314197169,-0.13043609789161517
194.75100506977935,-15.751005069779353,-0.4528196813837829
203.53712531419717,71.46287468580283,2.054459128330894
168.86606626232012,-28.866066262320118,-0.8298596102153408
210.39353542167217,32.60646457832783,0.9373909052787073
142.36450640201852,10.63549359798148,0.30575577882565447
203.53712531419717,16.46287468580283,0.4732849514593413
168.86606626232012,17.133933737679882,0.49257697407723045
203.53712531419717,19.46287468580283,0.5595308156523351
184.50859661421293,-12.508596614212934,-0.35960490827811753
184.50859661421293,35.491403385787066,1.0203289188097828
158.00703675391134,-8.007036753911336,-0.23019126815538302
210.39353542167217,-120.39353542167217,-3.4611481685639753
184.50859661421293,20.491403385787066,0.589099597844814
184.50859661421293,4.491403385787066,0.12912165548218052
203.53712531419717,-24.53712531419717,-0.705408525844907
130.9601147914268,26.039885208573196,0.7486108010999164
133.21270159091182,-56.21270159091182,-1.616037675777023
159.71426145121345,-33.714261451213446,-0.9692385381628142
130.9601147914268,1.039885208573196,0.02989526615830155
115.31758443953397,25.682415560466026,0.738334041525327
130.9601147914268,-17.960114791426804,-0.5163285403973257
130.9601147914268,1.039885208573196,0.02989526615830155
159.71426145121345,-27.714261451213446,-0.7967468097768265
145.61920241683654,-62.61920241683654,-1.8002157425053582
134.76017290842776,9.239827091572238,0.26563229083549394
180.2902614687136,35.709738531286405,1.0266057532455473
161.26173276872936,21.73826723127064,0.6249452144730575
187.1466715761886,-25.146671576188595,-0.7229321405552602
134.76017290842776,-44.76017290842776,-1.2867932646383942
161.26173276872936,18.73826723127064,0.5386993502800637
189.39925837567364,63.60074162432636,1.8284336415684452
161.26173276872936,-15.26173276872936,-0.4387537772405325
134.76017290842776,-64.76017290842776,-1.8617656925916861
119.11764255653496,26.88235744346504,0.7728307164188664
180.2902614687136,42.709738531286405,1.2278461030291994
145.61920241683654,-19.619202416836544,-0.5640250224057807
180.2902614687136,-8.290261468713595,-0.23833358825169468
161.26173276872936,28.73826723127064,0.8261855642567096
161.26173276872936,14.73826723127064,0.4237048646894053
180.2902614687136,32.709738531286405,0.9403598890525535
161.26173276872936,16.73826723127064,0.4812021074847345
145.61920241683654,1.3807975831634565,0.03969602694517576
134.76017290842776,6.239827091572238,0.17938642664250012
134.76017290842776,-8.760172908427762,-0.25184289432246876
180.2902614687136,-66.2902614687136,-1.9057536293162411
187.1466715761886,22.853328423811405,0.6570016865326403
137.0127597079128,-30.012759707912807,-0.8628254659418686
137.0127597079128,-7.012759707912807,-0.20160717379558296
161.26173276872936,38.73826723127064,1.1136717782333554
134.76017290842776,-33.76017290842776,-0.9705584292640836
134.76017290842776,-34.76017290842776,-0.9993070506617483
145.61920241683654,4.3807975831634565,0.12594189113816953
145.61920241683654,10.380797583163456,0.29843361952415715
145.61920241683654,-43.61920241683654,-1.2539919359497311
187.1466715761886,-41.146671576188595,-1.1829100829178938
180.2902614687136,-52.290261468713595,-1.503272929748937
161.26173276872936,-32.26173276872936,-0.9274803410008307
119.11764255653496,120.88235744346504,3.475201127799338
134.76017290842776,-8.760172908427762,-0.25184289432246876
161.26173276872936,-13.26173276872936,-0.3812565344452033
161.26173276872936,-14.26173276872936,-0.4100051558428679
119.11764255653496,68.88235744346504,1.9802728151207791
134.76017290842776,-4.760172908427762,-0.1368484087318104
107.71325094594324,9.286749054056756,0.26698123257019674
109.96583774542827,-42.965837745428274,-1.2352086023768052
107.71325094594324,0.2867490540567559,0.008243639991215395
107.71325094594324,-31.713250945943244,-0.9117122447340515
107.71325094594324,24.286749054056756,0.6982105535351657
107.71325094594324,0.2867490540567559,0.008243639991215395
107.71325094594324,34.286749054056756,0.9856967675118115
107.71325094594324,-14.713250945943244,-0.4229856809737535
107.71325094594324,1.2867490540567559,0.03699226138887999
107.71325094594324,-1.7132509459432441,-0.0492536028041138
107.71325094594324,7.286749054056756,0.20948398977486754
107.71325094594324,42.286749054056756,1.2156857386931283
109.96583774542827,-27.965837745428274,-0.8039792814118362
107.71325094594324,-37.713250945943244,-1.0842039731200392
107.71325094594324,52.286749054056756,1.5031719526697742
107.71325094594324,-12.713250945943244,-0.3654884381784243
107.71325094594324,-14.713250945943244,-0.4229856809737535
107.71325094594324,8.286749054056756,0.23823261117253217
107.71325094594324,18.286749054056756,0.5257188251491781
107.71325094594324,3.286749054056756,0.09448950418420918
107.71325094594324,3.286749054056756,0.09448950418420918
109.96583774542827,10.034162254571726,0.2884683316994184
109.96583774542827,-5.965837745428274,-0.17150961066321513
107.71325094594324,-8.713250945943244,-0.2504939525877659
185.7619902776322,-15.761990277632208,-0.4531354909653193
204.79051897761644,-26.790518977616443,-0.7701904871344442
185.7619902776322,-33.76199027763221,-0.9706106761232821
159.2604304173306,-21.26043041733061,-0.6112080648192307
185.7619902776322,-46.76199027763221,-1.3443427542929218
204.79051897761644,-33.79051897761644,-0.9714308369180964
196.00439873319863,-12.004398733198627,-0.3451099142873325
170.11945992573936,31.880540074260637,0.9165215765479922
211.64692908509141,46.353070914908585,1.3325868863518044
213.8995158845765,-25.899515884576488,-0.7445753765484904
143.61790006543777,-25.617900065437766,-0.7364793099844781
185.7619902776322,52.23800972236779,1.501770764075873
211.64692908509141,14.353070914908585,0.41263100162653754
213.8995158845765,-61.89951588457649,-1.779525746864416
211.64692908509141,-31.646929085091415,-0.9098055826660337
211.64692908509141,106.35307091490859,3.05750417021168
204.79051897761644,28.209481022383557,0.8109836897371084
188.01457707711722,93.98542292288278,2.701951340509343
204.79051897761644,-20.790518977616443,-0.5976987587484566
207.04310577710146,-16.04310577710146,-0.4612171740285762
185.7619902776322,12.238009722367792,0.3518259081692893
213.8995158845765,52.10048411542351,1.497817092469348
213.8995158845765,61.10048411542351,1.7565546850483291
185.7619902776322,16.238009722367792,0.4668203937599477
211.64692908509141,19.353070914908585,0.5563741086148605
189.1479886257236,63.8520113742764,1.8356573004784447
188.01457707711722,-58.014577077117224,-1.6678391119356748
211.64692908509141,10.353070914908585,0.2976365160358792
211.64692908509141,-18.646929085091415,-0.536073504496394
211.64692908509141,-40.646929085091415,-1.1685431752450153
211.64692908509141,15.353070914908585,0.44137962302420214
211.64692908509141,-64.64692908509141,-1.8585100887889654
161.51301721681563,-39.513017216815626,-1.135944772245636
170.11945992573936,41.88054007426064,1.204007790524638
211.64692908509141,32.353070914908585,0.9301061867845002
211.64692908509141,44.353070914908585,1.2750896435564754
211.64692908509141,-14.646929085091415,-0.4210790189057356
185.7619902776322,-51.76199027763221,-1.4880858612812446
189.1479886257236,-23.1479886257236,-0.6654727611183748
211.64692908509141,-37.646929085091415,-1.0822973110520213
211.64692908509141,-22.646929085091415,-0.6510679900870524
188.01457707711722,-19.014577077117224,-0.5466428774267557
204.79051897761644,17.209481022383557,0.4947488543627979
207.04310577710146,-30.04310577710146,-0.8636978735958805
213.8995158845765,7.100484115423512,0.2041291295744412
211.64692908509141,2.353070914908585,0.06764754485456241
185.7619902776322,-17.761990277632208,-0.5106327337606484
211.64692908509141,-39.646929085091415,-1.1397945538473506
185.7619902776322,-32.76199027763221,-0.9418620547256175
185.7619902776322,57.23800972236779,1.6455138710641959
213.8995158845765,-61.89951588457649,-1.779525746864416
211.64692908509141,22.353070914908585,0.6426199728078543
185.7619902776322,-69.76199027763221,-2.0055610464392073
207.04310577710146,40.95689422289854,1.1774542456383055
211.64692908509141,-30.646929085091415,-0.8810569612683692
159.2604304173306,-6.2604304173306105,-0.1799787438542618
170.11945992573936,-36.11945992573936,-1.0383846784932003
213.8995158845765,-19.899515884576488,-0.5720836481625028
170.11945992573936,69.88054007426064,2.0089691896592465
211.64692908509141,-40.646929085091415,-1.1685431752450153
211.64692908509141,42.353070914908585,1.217592400761146
185.7619902776322,-33.76199027763221,-0.9706106761232821
185.7619902776322,-45.76199027763221,-1.3155941328952572
207.04310577710146,-29.04310577710146,-0.8349492521982159
207.04310577710146,10.95689422289854,0.3149956037083678
211.64692908509141,58.353070914908585,1.6775703431237796
211.64692908509141,18.353070914908585,0.5276254872171959
204.79051897761644,-44.79051897761644,-1.287665672292407
196.00439873319863,8.995601266801373,0.25861113506362393
211.64692908509141,-34.646929085091415,-0.9960514468590276
204.79051897761644,-51.79051897761644,-1.488906022076059
170.11945992573936,9.880540074260637,0.2840519057993711
213.8995158845765,-33.89951588457649,-0.9745643477298072
185.7619902776322,-61.76199027763221,-1.7755720752578907
196.00439873319863,-56.00439873319863,-1.6100492557845747
161.51301721681563,-8.513017216815626,-0.2447375089180335
196.00439873319863,-0.004398733198627269,-1.2645751535741181e-4
211.64692908509141,-15.646929085091415,-0.4498276403034002
185.7619902776322,-41.76199027763221,-1.2005996473045988
213.8995158845765,105.10048411542351,3.021494026545571
170.11945992573936,-32.11945992573936,-0.9233901929025419
211.64692908509141,-14.646929085091415,-0.4210790189057356
185.7619902776322,-18.761990277632208,-0.5393813551583131
170.11945992573936,-42.11945992573936,-1.2108764068791877
211.64692908509141,1.353070914908585,0.03889892345689782
204.79051897761644,-44.79051897761644,-1.287665672292407
204.79051897761644,53.20948102238356,1.529699224678723
211.64692908509141,-29.646929085091415,-0.8523083398707045
204.79051897761644,-10.790518977616443,-0.31021254477181065
196.00439873319863,-15.004398733198627,-0.4313557784803263
213.8995158845765,-6.899515884576488,-0.1983515699928631
213.8995158845765,-63.89951588457649,-1.837022989659745
185.7619902776322,-13.761990277632208,-0.3956382481699901
204.79051897761644,-28.790518977616443,-0.8276877299297734
207.04310577710146,104.95689422289854,3.0173660150888395
211.64692908509141,10.353070914908585,0.2976365160358792
188.01457707711722,-13.014577077117224,-0.37415114904076807
211.64692908509141,-62.646929085091415,-1.8010128459936363
188.01457707711722,-33.014577077117224,-0.94912357699406
204.79051897761644,-17.790518977616443,-0.5114528945554628
204.79051897761644,6.209481022383557,0.1785140189884874
159.2604304173306,32.73956958266939,0.9412174906546572
185.7619902776322,-1.7619902776322078,-0.05065479139801501
204.79051897761644,19.209481022383557,0.5522460971581271
213.8995158845765,31.100484115423512,0.8940960431183914
211.64692908509141,-21.646929085091415,-0.6223193686893878
170.11945992573936,-0.11945992573936337,-0.0034343081772748234
211.64692908509141,16.353070914908585,0.47012824442186674
185.7619902776322,-37.76199027763221,-1.0856051617139404
204.79051897761644,3.2094810223835566,0.0922681547954936
213.8995158845765,-54.89951588457649,-1.5782853970807638
211.64692908509141,20.353070914908585,0.5851227300125251
189.1479886257236,-27.1479886257236,-0.7804672467090332
207.04310577710146,85.95689422289854,2.4711422085332124
213.8995158845765,-31.899515884576488,-0.917067104934478
203.6024374162871,-23.602437416287103,-0.6785375373429116
211.64692908509141,252.35307091490859,7.254802894270711
189.1479886257236,27.8520113742764,0.8007069301625195
211.64692908509141,-29.646929085091415,-0.8523083398707045
211.64692908509141,-18.646929085091415,-0.536073504496394
207.04310577710146,-17.04310577710146,-0.4899657954262408
213.8995158845765,109.10048411542351,3.13648851213623
211.64692908509141,-34.646929085091415,-0.9960514468590276
159.2604304173306,-25.26043041733061,-0.726202550409889
185.7619902776322,-36.76199027763221,-1.056856540316276
207.04310577710146,-30.04310577710146,-0.8636978735958805
211.64692908509141,-28.646929085091415,-0.82355971847304
213.8995158845765,111.10048411542351,3.1939857549315587
213.8995158845765,85.10048411542351,2.4465215985922795
143.61790006543777,72.38209993456223,2.080885586986652
196.00439873319863,-61.00439873319863,-1.7537923627728977
196.00439873319863,-10.004398733198627,-0.2876126714920033
189.1479886257236,27.8520113742764,0.8007069301625195
204.79051897761644,35.20948102238356,1.0122240395207605
211.64692908509141,-19.646929085091415,-0.5648221258940587
204.79051897761644,-25.790518977616443,-0.7414418657367796
159.2604304173306,-20.26043041733061,-0.5824594434215661
204.79051897761644,-29.790518977616443,-0.8564363513274379
170.11945992573936,25.880540074260637,0.7440298481620047
211.64692908509141,74.35307091490859,2.137548285486413
211.64692908509141,63.353070914908585,1.8213134501121024
211.64692908509141,16.353070914908585,0.47012824442186674
211.64692908509141,68.35307091490859,1.9650565571004255
211.64692908509141,68.35307091490859,1.9650565571004255
159.2604304173306,5.7395695826693895,0.16500471291771332
196.00439873319863,26.995601266801373,0.7760863202215866
170.11945992573936,-38.11945992573936,-1.0958819212885293
196.00439873319863,-39.00439873319863,-1.1213226920242767
204.79051897761644,2.2094810223835566,0.06351953339782902
211.64692908509141,32.353070914908585,0.9301061867845002
211.64692908509141,-63.646929085091415,-1.8297614673913007
185.7619902776322,-49.76199027763221,-1.4305886184859156
211.64692908509141,-17.646929085091415,-0.5073248830987295
170.11945992573936,-26.119459925739363,-0.7508984645165542
211.64692908509141,-11.646929085091415,-0.3348331547127419
185.7619902776322,14.238009722367792,0.4093231509646185
204.79051897761644,-34.79051897761644,-1.000179458315761
143.61790006543777,29.382099934562234,0.8446948668870746
185.7619902776322,-25.761990277632208,-0.7406217049419652
189.1479886257236,-41.1479886257236,-1.1829479462763375
204.79051897761644,-56.79051897761644,-1.632649129064382
189.1479886257236,-25.1479886257236,-0.722970003913704
170.11945992573936,65.88054007426064,1.8939747040685884
211.64692908509141,53.353070914908585,1.5338272361354566
211.64692908509141,16.353070914908585,0.47012824442186674
196.00439873319863,62.99560126680137,1.811036690537512
170.11945992573936,47.88054007426064,1.3764995189106255
189.1479886257236,-16.1479886257236,-0.46423241133472265
143.61790006543777,11.382099934562234,0.32721968172911187
211.64692908509141,-26.646929085091415,-0.7660624756777108
213.8995158845765,145.1004841154235,4.171438882452155
204.79051897761644,-5.790518977616443,-0.16646943778348772
170.11945992573936,-14.119459925739363,-0.4059150077445791
211.64692908509141,157.35307091490859,4.523683861492574
170.11945992573936,-30.119459925739363,-0.8658929501072126
188.01457707711722,6.985422922882776,0.2008212789125238
143.61790006543777,35.382099934562234,1.017186595273062
143.61790006543777,5.382099934562234,0.1547279533431243
189.1479886257236,-32.1479886257236,-0.9242103536973563
143.61790006543777,42.382099934562234,1.2184269450567142
170.11945992573936,-21.119459925739363,-0.6071553575282312
196.00439873319863,-8.004398733198627,-0.23011542869667415
189.1479886257236,-16.1479886257236,-0.46423241133472265
170.11945992573936,-70.11945992573936,-2.0158378060137965
170.11945992573936,-24.119459925739363,-0.6934012217212251
189.1479886257236,-9.147988625723599,-0.26299206155107047
170.11945992573936,12.880540074260637,0.3702977699923649
143.61790006543777,36.382099934562234,1.0459352166707265
185.7619902776322,-32.76199027763221,-0.9418620547256175
185.7619902776322,-34.76199027763221,-0.9993592975209467
211.64692908509141,-56.646929085091415,-1.6285211176076486
170.11945992573936,-22.119459925739363,-0.6359039789258959
204.79051897761644,21.209481022383557,0.6097433399534563
143.61790006543777,10.382099934562234,0.2984710603314473
189.1479886257236,17.8520113742764,0.5132207161858735
143.61790006543777,186.38209993456223,5.358228426320416
211.64692908509141,-58.646929085091415,-1.686018360402978
143.61790006543777,-33.617900065437766,-0.9664682811657949
185.7619902776322,9.238009722367792,0.26558004397629553
158.71506831514768,17.284931684852324,0.49691795689231555
134.4660952543311,-30.466095254331094,-0.8758582379319513
134.4660952543311,-10.466095254331094,-0.30088580997865944
134.4660952543311,-30.466095254331094,-0.8758582379319513
116.57097810295325,8.429021897046752,0.24232275927082095
134.4660952543311,13.533904745668906,0.3890811035652908
132.21350845484608,41.78649154515392,1.2013040249683418
134.4660952543311,-2.466095254331094,-0.07089683879734274
134.4660952543311,35.533904745668906,1.0215507743139118
132.21350845484608,8.786491545153922,0.2525995188454104
158.71506831514768,17.284931684852324,0.49691795689231555
132.21350845484608,25.786491545153922,0.7413260826057084
132.21350845484608,-36.21350845484608,-1.0410884440494965
132.21350845484608,-16.213508454846078,-0.46611601609620446
132.21350845484608,-38.21350845484608,-1.0985856868448256
132.21350845484608,-4.213508454846078,-0.12113255932422938
134.4660952543311,-19.466095254331094,-0.5596234025576408
132.21350845484608,1.7864915451539218,0.05135916906175818
134.4660952543311,-20.466095254331094,-0.5883720239553054
134.4660952543311,-32.466095254331094,-0.9333554807272806
134.4660952543311,-20.466095254331094,-0.5883720239553054
158.71506831514768,-21.715068315147676,-0.6242782776166036
132.21350845484608,2.786491545153922,0.08010779045942278
132.21350845484608,73.78649154515392,2.1212599096936087
134.4660952543311,8.533904745668906,0.2453379965769678
132.21350845484608,-57.21350845484608,-1.644809493400453
160.9676551146327,-6.9676551146326915,-0.20031047892007728
174.89376240191808,-29.89376240191808,-0.8594044574444842
129.36367384163225,11.636326158367751,0.33452833518665465
155.86523370193385,5.134766298066154,0.1476174522685909
155.86523370193385,-14.865233701933846,-0.42735497568470093
129.36367384163225,38.63632615836775,1.1107411129235987
174.89376240191808,17.10623759808192,0.4917807482457517
174.89376240191808,-50.89376240191808,-1.4631255067954407
184.00275930887813,26.997240691121874,0.7761334514106869
155.86523370193385,5.134766298066154,0.1476174522685909
158.1178205014189,-41.11782050141889,-1.1820806542924238
174.89376240191808,28.10623759808192,0.8080155836200622
181.75017250939308,-8.750172509393082,-0.25155539663679516
184.00275930887813,-80.00275930887813,-2.299969038139425
174.89376240191808,23.10623759808192,0.6642724766317393
184.00275930887813,-81.00275930887813,-2.3287176595370895
174.89376240191808,-41.89376240191808,-1.2043879142164593
181.75017250939308,-2.7501725093930816,-0.07906366825080761
129.36367384163225,12.636326158367751,0.36327695658431924
181.75017250939308,34.24982749060692,0.9846353234627823
140.22270335004103,-11.22270335004103,-0.3226372496686324
166.10764215750027,-46.107642157500266,-1.325531147924975
129.36367384163225,-23.36367384163225,-0.6716734137316062
129.36367384163225,-8.363673841632249,-0.24044409276663722
155.86523370193385,-15.865233701933846,-0.45610359708236553
129.36367384163225,69.63632615836775,2.001948376251201
174.89376240191808,-49.89376240191808,-1.434376885397776
131.6162606411173,20.383739358882707,0.5860044054971927
129.36367384163225,24.63632615836775,0.7082604133562944
129.36367384163225,-30.36367384163225,-0.8729137635152583
129.36367384163225,13.636326158367751,0.39202557798198384
166.10764215750027,-26.107642157500266,-0.7505587199716831
174.89376240191808,-16.89376240191808,-0.48567237927484447
174.89376240191808,-39.89376240191808,-1.1468906714211302
155.86523370193385,17.134766298066154,0.492600909040566
174.89376240191808,-10.893762401918082,-0.31318065088885694
155.86523370193385,19.134766298066154,0.5500981518358953
128.17559228030294,-31.175592280302936,-0.8962552993143849
129.36367384163225,28.63632615836775,0.8232548989469527
174.89376240191808,-41.89376240191808,-1.2043879142164593
155.86523370193385,12.134766298066154,0.3488578020522431
129.36367384163225,-15.363673841632249,-0.4416844425502894
155.86523370193385,-25.865233701933846,-0.7435898110590115
113.72114348973943,-8.721143489739433,-0.25072085234122704
129.36367384163225,-21.36367384163225,-0.614176170936277
174.89376240191808,-35.89376240191808,-1.0318961858304718
155.86523370193385,5.134766298066154,0.1476174522685909
129.36367384163225,-17.36367384163225,-0.4991816853456186
104.56933867863275,15.430661321367253,0.4436102402435733
102.31675187914772,8.683248120852284,0.24963141272836412
104.56933867863275,27.430661321367253,0.7885936970155485
102.31675187914772,-9.316751879147716,-0.26784377242959856
104.56933867863275,67.43066132136725,1.9385385529221322
104.56933867863275,1.4306613213672534,0.041129540676268984
104.56933867863275,41.43066132136725,1.1910743965828527
104.56933867863275,20.430661321367253,0.58735334723189625
104.56933867863275,14.430661321367253,0.4148616188459087
104.56933867863275,19.430661321367253,0.5586047258342317
104.56933867863275,6.430661321367253,0.18487264766459194
104.56933867863275,2.4306613213672534,0.06987816207393358
104.56933867863275,27.430661321367253,0.7885936970155485
104.56933867863275,29.430661321367253,0.8460909398108776
102.31675187914772,0.6832481208522836,0.01964244154704735
104.56933867863275,28.430661321367253,0.817342318413213
102.31675187914772,14.683248120852284,0.4221231411143517
104.56933867863275,28.430661321367253,0.817342318413213
102.31675187914772,28.683248120852284,0.8246038406816559
210.8021294248686,64.19787057513139,1.8456002757007237
158.41563075710778,67.58436924289222,1.9429574437638752
142.77310040521496,-15.773100405214961,-0.45345489181687565
169.27466026551656,54.72533973448344,1.5732780728852342
210.8021294248686,-1.8021294248686104,-0.05180873654513946
210.8021294248686,-87.80212942486861,-2.5241901767442947
158.41563075710778,19.584369242892222,0.563023616675975
210.8021294248686,-76.80212942486861,-2.207955341369984
203.9457193173936,-53.94571931739361,-1.550865060680431
203.9457193173936,63.05428068260639,1.8127236428463265
203.9457193173936,19.05428068260639,0.5477843013490844
203.9457193173936,-26.94571931739361,-0.7746522829434869
210.8021294248686,-42.80212942486861,-1.230502213849388
184.91719061740937,-40.917190617409375,-1.1763128217159768
210.8021294248686,-6.80212942486861,-0.19555184353346242
210.8021294248686,-44.80212942486861,-1.287999456644717
210.8021294248686,70.19787057513139,2.018092004086711
169.27466026551656,66.72533973448344,1.9182615296572094
210.8021294248686,19.19787057513139,0.551912312805817
184.91719061740937,9.082809382590625,0.2611182481672529
184.91719061740937,-11.917190617409375,-0.3426028011837036
210.8021294248686,-6.80212942486861,-0.19555184353346242
203.9457193173936,-2.9457193173936105,-0.08468536939953664
210.8021294248686,-49.80212942486861,-1.43174256363304
206.19830611687865,33.801693883121345,0.9717521000456099
223.44808675177734,29.55191324822266,0.849576765549781
197.5631479443181,-3.5631479443181036,-0.10243559123506878
223.44808675177734,54.55191324822266,1.5682923004913958
197.5631479443181,-30.563147944318104,-0.8786483689720128
216.59167664430234,-42.59167664430234,-1.2244519865388024
216.59167664430234,35.40832335569766,1.017940482479036
298.1112033147002,81.88879668529978,2.354190012616014
298.1112033147002,72.88879668529978,2.0954524200370326
313.75373366659306,6.246266333406936,0.17957154596809385
279.082674614716,-2.082674614715984,-0.05987402399299754
320.6101437740681,79.38985622593191,2.282348919454341
177.33187001189646,8.668129988103544,0.24919678725373098
177.33187001189646,17.668129988103544,0.5079343798327123
177.33187001189646,-2.3318700118964557,-0.06703804812057958
177.33187001189646,-15.331870011896456,-0.4407701262902193
177.33187001189646,57.668129988103544,1.657879235739296
179.58445681138153,40.41554318861847,1.1618911497105537
151.44693120443725,-6.446931204437249,-0.185340384373157
179.58445681138153,-2.5844568113815285,-0.07429957038902375
177.33187001189646,-4.331870011896456,-0.12453529091590876
177.33187001189646,44.668129988103544,1.2841471575696561
179.58445681138153,24.41554318861847,0.7019132073479203
172.7280467039065,-11.7280467039065,-0.3371651744247368
153.69951800392226,66.30048199607774,1.9060474553879156
154.83292955252864,21.16707044747136,0.6085240943920482
179.58445681138153,-31.58445681138153,-0.908009590921297
177.33187001189646,-42.331870011896456,-1.2169829040271634
177.33187001189646,-5.331870011896456,-0.15328391231357336
161.68933966000367,-15.689339660003668,-0.4510468858648099
179.58445681138153,-20.58445681138153,-0.5917747555469864
179.58445681138153,16.41554318861847,0.47192423616660356
151.44693120443725,-3.4469312044372487,-0.09909452018016321
177.33187001189646,5.668129988103544,0.16295092306073716
170.47545990442148,-11.475459904421484,-0.3299036521562943
170.47545990442148,-14.475459904421484,-0.41614951634928804
135.8044008525444,-10.804400852544404,-0.3106116295384043
124.94537134413564,59.05462865586436,1.697739161007118
179.58445681138153,-45.58445681138153,-1.3104902904886013
177.33187001189646,6.668129988103544,0.19169954445840176
135.8044008525444,-7.804400852544404,-0.22436576534541058
135.8044008525444,-24.804400852544404,-0.7130923291057086
151.44693120443725,-18.44693120443725,-0.5303238411451321
179.58445681138153,-30.58445681138153,-0.8792609695236323
170.47545990442148,22.524540095578516,0.6475494753643019
177.33187001189646,22.668129988103544,0.6516774868210353
177.33187001189646,-30.331870011896456,-0.8719994472551882
170.47545990442148,-36.475459904421484,-1.0486191870979091
170.47545990442148,-9.475459904421484,-0.2724064093609651
177.33187001189646,-34.331870011896456,-0.9869939328458467
177.33187001189646,-16.331870011896456,-0.4695187476878839
177.33187001189646,8.668129988103544,0.24919678725373098
135.8044008525444,-5.804400852544404,-0.16686852255008142
161.68933966000367,-24.689339660003668,-0.7097844784437912
170.47545990442148,-2.4754599044214842,-0.07116605957731297
172.7280467039065,14.2719532960935,0.4102989819145426
179.58445681138153,24.41554318861847,0.7019132073479203
177.33187001189646,-7.331870011896456,-0.21078115510890255
170.47545990442148,-8.475459904421484,-0.2436577879633005
177.33187001189646,29.668129988103544,0.8529178366046875
135.8044008525444,-5.804400852544404,-0.16686852255008142
170.47545990442148,46.524540095578516,1.337516388908252
135.8044008525444,-11.804400852544404,-0.3393602509360689
170.47545990442148,-27.475459904421484,-0.7898815945189278
161.68933966000367,-41.68933966000367,-1.1985110422040894
177.33187001189646,53.668129988103544,1.5428847501486376
151.44693120443725,41.55306879556275,1.1945934427147433
151.44693120443725,5.553068795562751,0.15964307239881811
154.83292955252864,-26.83292955252864,-0.7714097326958522
151.44693120443725,-29.44693120443725,-0.8465586765194426
135.8044008525444,-18.804400852544404,-0.540600600719721
177.33187001189646,54.668129988103544,1.5716333715463022
109.30284099224282,-11.302840992242821,-0.32494109640399316
177.33187001189646,5.668129988103544,0.16295092306073716
177.33187001189646,54.668129988103544,1.5716333715463022
153.69951800392226,-6.699518003922265,-0.19260190664159954
177.33187001189646,-44.331870011896456,-1.2744801468224927
151.44693120443725,47.55306879556275,1.367085171100731
124.94537134413564,27.054628655864363,0.7777832762818512
177.33187001189646,26.668129988103544,0.7666719724116936
161.68933966000367,-37.68933966000367,-1.083516556613431
151.44693120443725,17.55306879556275,0.5046265291707933
153.69951800392226,-12.699518003922265,-0.36509363502758707
135.8044008525444,-0.8044008525444042,-0.023125415561758438
170.47545990442148,35.524540095578516,1.0212815535339415
151.44693120443725,43.55306879556275,1.2520906855100726
161.68933966000367,-41.68933966000367,-1.1985110422040894
177.33187001189646,-15.331870011896456,-0.4407701262902193
154.83292955252864,-31.83292955252864,-0.9151528396841752
135.8044008525444,-29.804400852544404,-0.8568354360940317
170.47545990442148,-35.475459904421484,-1.0198705657002447
170.47545990442148,17.524540095578516,0.5038063683759789
177.33187001189646,-23.331870011896456,-0.6707590974715361
124.94537134413564,20.054628655864363,0.576542926498199
135.8044008525444,8.195599147455596,0.23561217701722292
151.44693120443725,21.55306879556275,0.6196210147614516
161.68933966000367,-49.68933966000367,-1.4285000133854062
135.8044008525444,-3.804400852544404,-0.10937127975475222
109.30284099224282,38.69715900775718,1.1124899734792364
135.8044008525444,-1.8044008525444042,-0.05187403695942303
135.8044008525444,58.195599147455596,1.6730432469004526
154.83292955252864,-8.83292955252864,-0.2539345475378895
161.68933966000367,-43.68933966000367,-1.2560082849994185
161.68933966000367,-62.68933966000367,-1.8022320915550458
154.83292955252864,-57.83292955252864,-1.6626169960234547
161.68933966000367,-34.68933966000367,-0.9972706924204373
161.68933966000367,-53.68933966000367,-1.5434944989760646
154.83292955252864,-20.83292955252864,-0.5989180043098646
124.94537134413564,43.05462865586436,1.2377612186444846
179.58445681138153,94.41554318861847,2.7143167051844417
161.68933966000367,-31.689339660003668,-0.9110248282274434
154.83292955252864,-30.83292955252864,-0.8864042182865106
177.33187001189646,-76.33187001189646,-2.1944360315477596
153.69951800392226,-24.699518003922265,-0.7100770917995622
161.68933966000367,-46.68933966000367,-1.3422541491924125
135.8044008525444,-16.804400852544404,-0.4831033579243919
154.83292955252864,-49.83292955252864,-1.432628024842138
135.8044008525444,17.195599147455596,0.49434976959620425
161.68933966000367,-33.68933966000367,-0.9685220710227727
161.68933966000367,-58.68933966000367,-1.6872376059643874
179.58445681138153,39.41554318861847,1.133142528312889
161.68933966000367,-34.68933966000367,-0.9972706924204373
154.83292955252864,-40.83292955252864,-1.1738904322631567
170.47545990442148,17.524540095578516,0.5038063683759789
161.68933966000367,-40.68933966000367,-1.1697624208064248
154.83292955252864,13.16707044747136,0.3785351232107315
154.83292955252864,-3.8329295525286398,-0.11019144054956657
135.8044008525444,10.195599147455596,0.2931094198125521
161.68933966000367,-66.68933966000367,-1.9172265771457042
161.68933966000367,-1.689339660003668,-0.04856618629750562
177.33187001189646,20.668129988103544,0.5941802440257061
124.94537134413564,49.05462865586436,1.410252947030472
135.8044008525444,12.195599147455596,0.3506066626078813
154.83292955252864,-16.83292955252864,-0.48392351871920625
154.83292955252864,-27.83292955252864,-0.8001583540935168
154.83292955252864,9.16707044747136,0.2635406376200732
179.58445681138153,0.4155431886184715,0.011946293803970024
179.58445681138153,27.41554318861847,0.788159071540914
109.30284099224282,97.69715900775718,2.8086586359414474
179.58445681138153,-17.58445681138153,-0.5055288913539926
154.83292955252864,8.16707044747136,0.23479201622240858
154.83292955252864,-40.83292955252864,-1.1738904322631567
161.68933966000367,-2.689339660003668,-0.07731480769517021
170.47545990442148,43.524540095578516,1.2512705247152582
177.33187001189646,-17.331870011896456,-0.4982673690855485
151.44693120443725,-23.44693120443725,-0.674066948133455
151.44693120443725,11.553068795562751,0.33213480078480573
154.83292955252864,-25.83292955252864,-0.7426611112981876
135.8044008525444,9.195599147455596,0.2643607984148875
177.33187001189646,8.668129988103544,0.24919678725373098
151.44693120443725,42.55306879556275,1.223342064112408
154.83292955252864,49.16707044747136,1.4134854935266568
170.47545990442148,-17.475459904421484,-0.5023953805422818
161.68933966000367,-48.68933966000367,-1.3997513919877416
135.8044008525444,-33.804400852544404,-0.9718299216846901
127.19795814362068,16.80204185637932,0.4830355400367619
109.30284099224282,31.69715900775718,0.9112496236955844
172.7280467039065,50.2719532960935,1.445249352230468
135.8044008525444,-11.804400852544404,-0.3393602509360689
135.8044008525444,17.195599147455596,0.49434976959620425
151.44693120443725,13.553068795562751,0.3896320435801349
97.8984493816511,16.101550618348895,0.4628973826422439
82.25591902975829,3.7440809702417113,0.10763716629567893
97.8984493816511,19.101550618348895,0.5491432468352376
97.8984493816511,43.101550618348895,1.2391101603791879
100.15103618113613,38.848963818863865,1.1168541525200866
97.8984493816511,18.101550618348895,0.5203946254375731
97.8984493816511,20.101550618348895,0.5778918682329023
97.8984493816511,20.101550618348895,0.5778918682329023
97.8984493816511,35.101550618348895,1.009121189197871
176.98566957099877,-16.985669570998766,-0.4883145836824762
196.014198270983,-63.014198270983,-1.811571328769862
202.870608378458,-31.870608378458,-0.9162360539855269
196.014198270983,-63.014198270983,-1.811571328769862
205.12319517794305,81.87680482205695,2.3538452630797932
202.870608378458,2.1293916215419983,0.06121707353506926
196.014198270983,108.985801729017,3.1331915516284483
198.26678507046805,-52.266785070468046,-1.5025980156639949
196.014198270983,-46.014198270983,-1.3228447650095638
196.014198270983,17.985801729017,0.5170670044409702
196.014198270983,-5.014198270983002,-0.14415128770531546
176.98566957099877,-74.98566957099877,-2.155734624747023
205.12319517794305,6.876804822056954,0.19769865825494887
205.12319517794305,20.876804822056954,0.6001793578222532
196.014198270983,-28.014198270983,-0.8053695798516011
180.37166791909019,11.628332080909814,0.3342985164803928
152.7366965101822,-28.736696510182213,-0.8261404081908186
202.870608378458,66.129391621542,1.9011288429856033
205.12319517794305,57.876804822056954,1.6638783495358431
202.870608378458,-46.870608378458,-1.347465374950496
176.98566957099877,49.014330429001234,1.4090944285633868
179.2382563704838,-22.23825637048381,-0.6393192129392425
196.014198270983,9.985801729016998,0.2870780332596535
179.2382563704838,36.76174362951619,1.0568494495229683
161.34313921910595,-29.34313921910595,-0.8435748000290412
180.37166791909019,-43.371667919090186,-1.24687566039116
202.870608378458,-41.870608378458,-1.2037222679621729
176.98566957099877,81.01433042900123,2.3290503132886538
152.7366965101822,-33.73669651018221,-0.9698835151791416
152.7366965101822,-2.736696510182213,-0.07867625185153913
180.37166791909019,-41.371667919090186,-1.1893784175958306
202.870608378458,142.129391621542,4.086024069208112
202.870608378458,121.129391621542,3.482303019857156
196.014198270983,62.985801729017,1.8107549673358767
205.12319517794305,58.876804822056954,1.6926269709335076
179.2382563704838,33.76174362951619,0.9706035853299746
152.7366965101822,12.263303489817787,0.3525530691134298
152.7366965101822,-60.73669651018221,-1.7460962929160857
161.34313921910595,18.65686078089405,0.5363590270588593
198.26678507046805,-14.266785070468046,-0.41015040255274016
152.7366965101822,12.263303489817787,0.3525530691134298
152.7366965101822,-11.736696510182213,-0.33741384443052047
198.26678507046805,5.733214929531954,0.16482202540055169
180.37166791909019,-48.371667919090186,-1.390618767379483
161.34313921910595,-31.34313921910595,-0.9010720428243704
152.7366965101822,15.263303489817787,0.43879893330642356
152.7366965101822,-13.736696510182213,-0.3949110872258496
179.2382563704838,-25.23825637048381,-0.7255650771322363
161.34313921910595,35.65686078089405,1.0250855908191574
202.870608378458,33.129391621542,0.9524243368626716
196.014198270983,32.985801729017,0.948296325405939
196.014198270983,63.985801729017,1.8395035887335414
187.22807802656519,-16.228078026565186,-0.4665348711974832
202.870608378458,-16.870608378458,-0.48500673302055797
187.22807802656519,-11.228078026565186,-0.3227917642091602
161.34313921910595,26.65686078089405,0.7663479982401761
202.870608378458,78.129391621542,2.2461122997575784
205.12319517794305,10.876804822056954,0.31269314384560726
202.870608378458,-0.8706083784580017,-0.02502879065792452
180.37166791909019,29.628332080909814,0.8517737016383555
152.7366965101822,-69.73669651018221,-2.004833885495067
150.48410971069717,-32.48410971069717,-0.9338733715130336
176.98566957099877,-14.985669570998766,-0.430817340887147
196.014198270983,12.985801729016998,0.3733238974526472
125.68977454769765,-39.68977454769765,-1.1410263018304252
125.68977454769765,-28.689774547697652,-0.8247914664561145
125.68977454769765,-45.68977454769765,-1.3135180302164127
152.19133440799928,-8.191334407999278,-0.235489571637235
125.68977454769765,-32.68977454769765,-0.939785952046773
149.93874760851423,27.061252391485766,0.7779736995494692
107.7946573963198,-12.794657396319806,-0.36782876139962783
107.7946573963198,-20.794657396319806,-0.5978177325809446
125.68977454769765,-0.6897745476976525,-0.019830067321505884
123.43718774821262,-21.437187748212622,-0.6162895944040193
125.68977454769765,24.310225452302348,0.698885467620109
125.68977454769765,25.310225452302348,0.7276340890177736
125.68977454769765,-17.689774547697652,-0.5085566310818039
125.68977454769765,-42.68977454769765,-1.227272166023419
134.29621725662142,-10.296217256621418,-0.29600205173871064
149.93874760851423,-54.938747608514234,-1.5794132550590276
125.68977454769765,-47.68977454769765,-1.3710152730117418
125.68977454769765,-14.689774547697652,-0.4223107668888102
107.7946573963198,5.205342603680194,0.1496464237583348
107.7946573963198,-0.7946573963198063,-0.022845304627652753
172.6838872803827,5.316112719617308,0.15283091188358633
168.08006397239274,-18.080063972392736,-0.5197769139878753
146.79894847292346,12.201051527076544,0.35076341100532027
120.29738861262186,29.70261138737814,0.8539091292976946
149.0515352724085,0.9484647275914995,0.027267053362566365
149.0515352724085,19.9484647275915,0.5734908599181937
131.15641812103064,-15.15641812103064,-0.43572612630621355
150.18494682101488,9.815053178985124,0.28216924784058695
120.29738861262186,14.702611387378141,0.4226798083327256
95.50305344962237,-16.50305344962237,-0.4744400355286169
95.50305344962237,-12.50305344962237,-0.3594455499379585
95.50305344962237,-13.50305344962237,-0.3881941713356231
93.25046665013733,-9.250466650137326,-0.2659381634765214
95.50305344962237,-36.50305344962237,-1.0494124634819089
95.50305344962237,-30.50305344962237,-0.8769207350959212
165.04204178282095,18.957958217179055,0.5450151632584244
138.54048192251935,-3.540481922519348,-0.10178397435578514
190.92698059028018,-22.92698059028018,-0.6591190847815703
184.07057048280518,-24.07057048280518,-0.6919957176359675
184.07057048280518,-54.07057048280518,-1.5544543595659055
149.39951143092813,-18.39951143092813,-0.5289605880297554
149.39951143092813,-17.39951143092813,-0.5002119666320908
140.7930687220044,-8.793068722004392,-0.25278860361255145
149.39951143092813,68.60048856907187,1.972169473567064
193.17956738976523,-17.179567389765225,-0.49388887866402614
137.35240036119004,-22.352400361190035,-0.6426006953128743
184.07057048280518,-27.07057048280518,-0.7782415818289613
149.39951143092813,-12.39951143092813,-0.35646885964376784
111.49355996003483,-9.49355996003483,-0.27292676100706986
113.74614675951986,-27.74614675951986,-0.7976634684334755
113.74614675951986,-18.74614675951986,-0.5389258758544941
113.74614675951986,-5.74614675951986,-0.16519379768485445
111.49355996003483,-10.49355996003483,-0.30167538240473446
111.49355996003483,1.5064400399651703,0.043308074367240657
95.85102960814201,51.148970391857986,1.4704623846758804
111.49355996003483,-9.49355996003483,-0.27292676100706986
113.74614675951986,-17.74614675951986,-0.5101772544568296
113.74614675951986,-11.74614675951986,-0.33768552607084196
113.74614675951986,-3.74614675951986,-0.10769655488952526
111.49355996003483,35.50644003996517,1.0207612018878367
111.49355996003483,23.50644003996517,0.6757777451158617
111.49355996003483,76.50644003996517,2.199454679192085
111.49355996003483,29.50644003996517,0.8482694735018493
113.74614675951986,-14.74614675951986,-0.42393139026383575
111.49355996003483,13.50644003996517,0.38829153113921583
111.49355996003483,16.50644003996517,0.47453739533220957
161.72208600372184,-37.72208600372184,-1.0844579688511427
188.22364586402344,5.776354135976561,0.16606221811402339
188.22364586402344,21.77635413597656,0.6260401604766569
214.10858467148267,50.891415328517326,1.4630580316708484
188.22364586402344,-17.22364586402344,-0.49515607403226225
161.72208600372184,13.277913996278158,0.3817217224297517
188.22364586402344,-37.22364586402344,-1.0701285019855542
207.25217456400767,-46.252174564007674,-1.3296862553593498
207.25217456400767,-7.2521745640076745,-0.20849002085043067
207.25217456400767,-15.252174564007674,-0.4384789920317474
214.10858467148267,-20.108584671482674,-0.5780940875633378
188.22364586402344,-51.22364586402344,-1.4726092015528585
161.72208600372184,5.2779139962781585,0.15173275124843497
190.47623266350848,7.523767336491517,0.2162979386409092
188.22364586402344,9.776354135976561,0.2810567037046818
214.10858467148267,29.891415328517326,0.8593369823198919
207.25217456400767,-45.252174564007674,-1.3009376339616854
191.60964421211486,16.39035578788514,0.4712001331189298
163.9746728032069,-37.974672803206886,-1.091719491119586
214.10858467148267,38.891415328517326,1.1180745748988732
207.25217456400767,23.747825435992326,0.6827172424771718
188.22364586402344,-2.223645864023439,-0.06392675306729335
188.22364586402344,-25.22364586402344,-0.7251450452135789
214.10858467148267,63.891415328517326,1.836790109840488
161.72208600372184,82.27791399627816,2.3653765988686084
161.72208600372184,-35.72208600372184,-1.0269607260558133
146.07955565182903,65.92044434817097,1.8951218969313852
161.72208600372184,49.27791399627816,1.416672092745677
172.58111551213062,18.418884487869377,0.5295175367090733
214.10858467148267,71.89141532851733,2.0667790810218047
163.9746728032069,-11.974672803206886,-0.34425533478030645
214.10858467148267,-0.10858467148267437,-0.0031216596100459306
188.22364586402344,-0.2236458640234389,-0.00642951027196416
188.22364586402344,2.776354135976561,0.07981635392102962
146.07955565182903,26.920444348170975,0.7739256624224662
188.22364586402344,-20.22364586402344,-0.581401938225256
188.22364586402344,43.77635413597656,1.2585098312252778
188.22364586402344,-53.22364586402344,-1.5301064443481878
161.72208600372184,-31.72208600372184,-0.911966240465155
207.25217456400767,44.747825435992326,1.286438291828128
161.72208600372184,15.277913996278158,0.4392189652250809
214.10858467148267,-23.108584671482674,-0.6643399517563315
214.10858467148267,143.89141532851733,4.136679821653655
188.22364586402344,-82.22364586402344,-2.3638164648804607
188.22364586402344,11.776354135976561,0.33855394650001097
216.36117147096772,63.63882852903228,1.8295285875720446
188.22364586402344,-46.22364586402344,-1.3288660945645356
188.22364586402344,7.776354135976561,0.22355946090935258
214.10858467148267,5.891415328517326,0.16937006877594163
188.22364586402344,-18.22364586402344,-0.5239046954299268
207.25217456400767,-2.2521745640076745,-0.0647469138621077
161.72208600372184,-55.72208600372184,-1.6019331540091053
161.72208600372184,-31.72208600372184,-0.911966240465155
214.10858467148267,31.891415328517326,0.9168342251152211
209.50476136349272,109.49523863650728,3.1478371604078834
188.22364586402344,-21.22364586402344,-0.6101505596229206
188.22364586402344,-3.223645864023439,-0.09267537446495794
188.22364586402344,9.776354135976561,0.2810567037046818
188.22364586402344,-20.22364586402344,-0.581401938225256
188.22364586402344,-34.22364586402344,-0.9838826377925605
207.25217456400767,22.747825435992326,0.6539686210795072
161.72208600372184,82.27791399627816,2.3653765988686084
207.25217456400767,51.747825435992326,1.4876786416117802
161.72208600372184,73.27791399627816,2.1066390062896274
207.25217456400767,28.747825435992326,0.8264603494654947
146.07955565182903,15.920444348170975,0.4576908270481557
214.10858467148267,-9.108584671482674,-0.2618592521890272
207.25217456400767,-39.252174564007674,-1.1284459055756977
207.25217456400767,-51.252174564007674,-1.4734293623476729
207.25217456400767,2.7478254359923255,0.07899619312621527
212.92050311015336,-76.92050311015336,-2.2113584216316817
161.72208600372184,17.27791399627816,0.4967162080204101
198.46605431958986,-30.46605431958986,-0.8758570611145735
207.25217456400767,8.747825435992326,0.25148792151220284
188.22364586402344,-19.22364586402344,-0.5526533168275914
214.10858467148267,37.891415328517326,1.0893259535012085
188.22364586402344,31.77635413597656,0.9135263744533029
161.72208600372184,-19.72208600372184,-0.5669827836931798
207.25217456400767,3.7478254359923255,0.10774481452387986
214.10858467148267,14.891415328517326,0.428107661354923
214.10858467148267,5.891415328517326,0.16937006877594163
214.10858467148267,-3.1085846714826744,-0.08936752380303971
214.10858467148267,-48.108584671482674,-1.3830554866979465
207.25217456400767,18.747825435992326,0.5389741354888488
188.22364586402344,69.77635413597656,2.0059739875645572
214.10858467148267,15.891415328517326,0.4568562827525876
172.58111551213062,60.41888448786938,1.7369596354109862
214.10858467148267,-38.108584671482674,-1.0955692727213004
190.47623266350848,3.5237673364915167,0.10130345305025085
207.25217456400767,65.74782543599233,1.8901593411790847
207.25217456400767,-35.252174564007674,-1.0134514199850393
214.10858467148267,112.89141532851733,3.245472558326053
188.22364586402344,8.776354135976561,0.2523080823070172
207.25217456400767,-18.252174564007674,-0.5247248562247412
188.22364586402344,34.77635413597656,0.9997722386462965
188.22364586402344,5.776354135976561,0.16606221811402339
188.22364586402344,-14.223645864023439,-0.40891020983926846
146.07955565182903,-5.0795556518290255,-0.14603022230280077
190.47623266350848,31.523767336491517,0.9062648521848595
188.22364586402344,-14.223645864023439,-0.40891020983926846
161.72208600372184,-55.72208600372184,-1.6019331540091053
134.6751640412373,-8.67516404123731,-0.24939900658416608
134.6751640412373,-50.67516404123731,-1.456841105286079
134.6751640412373,12.32483595876269,0.3543220427667904
136.92775084072235,-86.92775084072235,-2.499052997870448
136.92775084072235,-54.927750840722354,-1.5790971131451808
134.6751640412373,-36.67516404123731,-1.0543604057187748
134.6751640412373,-38.67516404123731,-1.111857648514104
134.6751640412373,-38.67516404123731,-1.111857648514104
136.92775084072235,-38.927750840722354,-1.1191191707825474
134.6751640412373,-20.67516404123731,-0.5943824633561412
134.6751640412373,-9.67516404123731,-0.2781476279818307
134.6751640412373,-25.67516404123731,-0.7381255703444641
136.92775084072235,-24.927750840722354,-0.7166384712152429
134.6751640412373,3.324835958762691,0.09558445018780902
134.6751640412373,-26.67516404123731,-0.7668741917421288
136.92775084072235,-14.927750840722354,-0.429152257238597
136.92775084072235,-22.927750840722354,-0.6591412284199137
136.92775084072235,-17.927750840722354,-0.5153981214315908
134.6751640412373,5.324835958762691,0.1530816929831382
136.92775084072235,-16.927750840722354,-0.48664950003392615
134.6751640412373,-9.67516404123731,-0.2781476279818307
134.6751640412373,-17.67516404123731,-0.5081365991631475
134.6751640412373,-26.67516404123731,-0.7668741917421288
136.92775084072235,42.072249159277646,1.2095191624282848
134.6751640412373,-18.67516404123731,-0.536885220560812
134.6751640412373,-6.675164041237309,-0.19190176378883692
134.6751640412373,15.32483595876269,0.44056790695978415
119.03263368934451,9.967366310655493,0.286548040396871
136.92775084072235,-11.927750840722354,-0.3429063930456032
134.6751640412373,-28.67516404123731,-0.824371434537458
136.92775084072235,12.072249159277646,0.347060520498347
119.03263368934451,1.9673663106554926,0.0565590692155542
136.92775084072235,-48.927750840722354,-1.4066053847591933
161.1767239015389,20.823276098461093,0.5986404808136956
134.6751640412373,14.32483595876269,0.41181928556211955
134.6751640412373,-15.67516404123731,-0.4506393563678182
167.6993965500808,-23.69939655008079,-0.6813249787713918
191.33174855805498,-31.331748558054983,-0.900744577022347
186.72792525006503,-18.727925250065027,-0.5384020325778832
165.44680975059575,-13.446809750595747,-0.3865772425263025
165.44680975059575,-20.446809750595747,-0.5878175923099547
165.44680975059575,-35.44680975059575,-1.0190469132749236
165.44680975059575,30.553190249404253,0.8783620989709396
165.44680975059575,-39.44680975059575,-1.134041398865582
165.44680975059575,22.553190249404253,0.6483731277896229
184.47533845057998,-44.47533845057998,-1.2786046666487194
149.80427939870293,64.19572060129707,1.845538466916946
186.72792525006503,9.272074749934973,0.2665593665567254
191.33174855805498,-37.33174855805498,-1.0732363054083347
138.94524989029415,-35.94524989029415,-1.033376380140512
184.47533845057998,0.5246615494200171,0.015083296246187426
193.58433535754003,41.41566464245997,1.190643262738725
165.44680975059575,-4.446809750595747,-0.1278396499473212
167.6993965500808,-19.69939655008079,-0.5663304931807335
184.47533845057998,-22.475338450579983,-0.6461349959000982
149.80427939870293,-12.804279398702931,-0.36810538070322774
167.6993965500808,-13.699396550080792,-0.3938387647947459
165.44680975059575,-48.44680975059575,-1.3927789914445634
184.47533845057998,-2.475338450579983,-0.07116256794680635
138.94524989029415,-16.94524989029415,-0.48715257358488473
149.80427939870293,-11.804279398702931,-0.33935675930556314
149.80427939870293,-18.80427939870293,-0.5405971090892153
191.33174855805498,-30.331748558054983,-0.8719959556246824
184.47533845057998,23.524661549420017,0.6763015883924731
191.33174855805498,7.668251441945017,0.22045165748657214
165.44680975059575,-49.44680975059575,-1.421527612842228
191.33174855805498,6.668251441945017,0.19170303608890757
193.58433535754003,-83.58433535754003,-2.4029344119693494
141.1978366897792,-29.197836689779194,-0.8393975526253032
167.6993965500808,-16.69939655008079,-0.4800846289877397
138.94524989029415,37.05475010970585,1.0652729818890032
141.1978366897792,10.802163310220806,0.31054730328128055
191.33174855805498,-15.331748558054983,-0.4407666346597135
123.30271953840133,-3.302719538401334,-0.09494863359217026
138.94524989029415,-0.94524989029415,-0.027174631222251246
191.33174855805498,-2.331748558054983,-0.06703455649007378
167.6993965500808,-18.69939655008079,-0.5375818717830688
191.33174855805498,55.66825144194502,1.6003854845744725
165.44680975059575,-12.446809750595747,-0.3578286211286379
138.94524989029415,-12.94524989029415,-0.37215808799422634
167.6993965500808,-31.69939655008079,-0.9113139499527085
165.44680975059575,-45.44680975059575,-1.3065331272515697
123.30271953840133,-3.302719538401334,-0.09494863359217026
167.6993965500808,-49.69939655008079,-1.4287891351106714
165.44680975059575,-7.446809750595747,-0.214085514140315
167.6993965500808,10.300603449919208,0.29612814874920435
184.47533845057998,-16.475338450579983,-0.4736432675141106
165.44680975059575,28.553190249404253,0.8208648561756104
191.33174855805498,-50.33174855805498,-1.4469683835779743
165.44680975059575,8.553190249404253,0.24589242822231855
184.47533845057998,23.524661549420017,0.6763015883924731
123.30271953840133,50.697280461598666,1.4574769218817176
138.94524989029415,-26.94524989029415,-0.7746387875615307
123.30271953840133,4.697280461598666,0.1350403375891465
123.30271953840133,2.697280461598666,0.0775430947938173
168.83280809868717,90.16719190131283,2.5921824624614107
165.44680975059575,37.55319024940425,1.0796024487545917
191.33174855805498,23.668251441945017,0.6804295998492057
165.44680975059575,-17.446809750595747,-0.5015717281169609
191.33174855805498,15.668251441945017,0.4504406286678889
184.47533845057998,27.524661549420017,0.7912960739831315
123.30271953840133,-18.302719538401334,-0.5261779545571391
111.89832792780962,-17.898327927809618,-0.514552253247846
111.89832792780962,-4.898327927809618,-0.14082017507820638
111.89832792780962,11.101672072190382,0.31915776728442713
114.15091472729465,-14.150914727294648,-0.40681928992563066
111.89832792780962,10.101672072190382,0.29040914588676253
111.89832792780962,10.101672072190382,0.29040914588676253
111.89832792780962,8.101672072190382,0.23291190309143336
111.89832792780962,-9.898327927809618,-0.2845632820665293
111.89832792780962,31.101672072190382,0.894130195237719
111.89832792780962,14.101672072190382,0.4054036314774209
111.89832792780962,6.101672072190382,0.17541466029610414
111.89832792780962,15.101672072190382,0.4341522528750855
111.89832792780962,15.101672072190382,0.4341522528750855
111.89832792780962,54.10167207219038,1.5553484873840044
111.89832792780962,-22.898327927809618,-0.6582953602361691
114.15091472729465,13.849085272705352,0.39814210920897797
96.2557975759168,31.7442024240832,0.9126020570607938
114.15091472729465,17.849085272705352,0.5131365947996364
111.89832792780962,28.101672072190382,0.8078843310447252
111.89832792780962,-4.898327927809618,-0.14082017507820638
111.89832792780962,-20.898327927809618,-0.6007981174408399
111.89832792780962,-16.898327927809618,-0.4858036318501815
111.89832792780962,8.101672072190382,0.23291190309143336
114.15091472729465,39.84908527270535,1.1456062655482573
138.39988778811122,52.600112211888785,1.5121807114542638
111.89832792780962,20.101672072190382,0.5778953598634085
114.15091472729465,10.849085272705352,0.3118962450159842
114.15091472729465,33.84908527270535,0.9731145371622697
114.15091472729465,-2.150914727294648,-0.06183583315365555
114.15091472729465,11.849085272705352,0.3406448664136488
96.2557975759168,29.7442024240832,0.8551048142654646
140.2391464862029,13.760853513797088,0.3956055677768742
140.2391464862029,-5.2391464862029125,-0.15061823877875305
140.2391464862029,27.760853513797088,0.7980862673441785
166.7407063465045,2.25929365349549,0.06495157787048753
166.7407063465045,-9.74070634650451,-0.28003187890148756
168.99329314598958,-23.993293145989583,-0.6897741007372361
140.2391464862029,17.760853513797088,0.5106000533675327
192.62564515396377,-21.625645153963774,-0.6217074850115453
140.2391464862029,-41.23914648620291,-1.1855686090946784
185.76923504648875,-17.769235046488745,-0.5108410108776187
166.7407063465045,-17.74070634650451,-0.5100208500828043
185.76923504648875,-50.769235046488745,-1.4595455170005502
188.02182184597382,21.978178154026182,0.6318423227605209
166.7407063465045,21.25929365349549,0.6111753844261149
140.2391464862029,85.76085351379709,2.4655063084087248
166.7407063465045,45.25929365349549,1.3011422979700649
192.62564515396377,-56.625645153963774,-1.6279092339298062
166.7407063465045,-45.74070634650451,-1.314982249217413
192.62564515396377,-4.625645153963774,-0.13298092125124722
192.62564515396377,57.374354846036226,1.6494336054039576
124.59661613431011,44.40338386568989,1.2765360715298864
168.99329314598958,39.00670685401042,1.1213890473156332
166.7407063465045,43.25929365349549,1.2436450551747358
166.7407063465045,-7.74070634650451,-0.22253463610615842
142.49173328568799,-24.491733285687985,-0.7041035676028244
166.7407063465045,-52.74070634650451,-1.5162225990010652
142.49173328568799,-17.491733285687985,-0.5028632178191723
166.7407063465045,13.25929365349549,0.3811864132447981
140.2391464862029,-36.23914648620291,-1.0418255021063556
166.7407063465045,31.25929365349549,0.8986615984027607
115.44481132320342,-30.444811323203425,-0.875246354254108
115.44481132320342,-15.444811323203425,-0.4440170332891391
113.1922245237184,-32.192224523718394,-0.9254820747809943
113.1922245237184,17.807775476281606,0.5119489951022355
115.44481132320342,-3.4448113232034245,-0.09903357651716399
115.44481132320342,13.555188676796575,0.3896929872431341
113.1922245237184,-11.192224523718394,-0.32176102543003776
115.44481132320342,26.555188676796575,0.7634250654127739
115.44481132320342,42.555188676796575,1.2234030077754072
115.44481132320342,-17.444811323203425,-0.5015142760844683
113.1922245237184,-10.192224523718394,-0.29301240403237316
113.1922245237184,4.807775476281606,0.13821691693259572
113.1922245237184,-25.192224523718394,-0.7242417249973421
113.1922245237184,-55.192224523718394,-1.58670036692728
115.44481132320342,-22.444811323203425,-0.6452573830727912
113.1922245237184,4.807775476281606,0.13821691693259572
115.44481132320342,-5.4448113232034245,-0.15653081931249319
115.44481132320342,-6.4448113232034245,-0.18527944071015778
115.44481132320342,-2.4448113232034245,-0.07028495511949939
115.44481132320342,-14.444811323203425,-0.4152684118914745
115.44481132320342,-27.444811323203425,-0.7890004900611142
115.44481132320342,-35.444811323203425,-1.018989461242431
115.44481132320342,-27.444811323203425,-0.7890004900611142
113.1922245237184,-4.192224523718394,-0.12052067564638563
115.44481132320342,-12.444811323203425,-0.3577711690961453
115.44481132320342,-27.444811323203425,-0.7890004900611142
115.44481132320342,26.555188676796575,0.7634250654127739
113.1922245237184,30.807775476281606,0.8856810732718752
115.44481132320342,39.555188676796575,1.1371571435824135
115.44481132320342,-13.444811323203425,-0.3865197904938099
113.1922245237184,-5.192224523718394,-0.14926929704405023
115.44481132320342,10.555188676796575,0.3034471230501403
115.44481132320342,31.555188676796575,0.9071681724010968
113.1922245237184,8.807775476281606,0.2532114025232541
113.1922245237184,-9.192224523718394,-0.26426378263470857
113.1922245237184,-39.192224523718394,-1.1267224245646466
113.1922245237184,15.807775476281606,0.45445175230690626
113.1922245237184,-1.1922245237183944,-0.034274811453391854
115.44481132320342,36.555188676796575,1.0509112793894198
115.44481132320342,-21.444811323203425,-0.6165087616751267
113.1922245237184,-10.192224523718394,-0.29301240403237316
113.1922245237184,31.807775476281606,0.9144296946695397
112.00414296238908,-19.004142962389082,-0.5463429110128165
115.44481132320342,-10.444811323203425,-0.3002739263008161
113.1922245237184,31.807775476281606,0.9144296946695397
113.1922245237184,6.807775476281606,0.19571415972792489
113.1922245237184,-9.192224523718394,-0.26426378263470857
113.1922245237184,18.807775476281606,0.5406976164999
115.44481132320342,-3.4448113232034245,-0.09903357651716399
115.44481132320342,1.5551886767965755,0.04470953047115898
115.44481132320342,-17.444811323203425,-0.5015142760844683
113.1922245237184,0.8077754762816056,0.023222431341937338
113.1922245237184,40.807775476281606,1.173167287248521
115.44481132320342,52.555188676796575,1.510889221752053
115.44481132320342,-3.4448113232034245,-0.09903357651716399
113.1922245237184,-8.192224523718394,-0.23551516123704397
115.44481132320342,8.555188676796575,0.24594988025481115
113.1922245237184,6.807775476281606,0.19571415972792489
115.44481132320342,24.555188676796575,0.7059278226174447
113.1922245237184,-54.192224523718394,-1.5579517455296155
115.44481132320342,35.555188676796575,1.022162657991755
115.44481132320342,-28.444811323203425,-0.8177491114587788
113.1922245237184,15.807775476281606,0.45445175230690626
113.1922245237184,-10.192224523718394,-0.29301240403237316
115.44481132320342,25.555188676796575,0.7346764440151092
115.44481132320342,-13.444811323203425,-0.3865197904938099
113.1922245237184,1.8077754762816056,0.051971052739601925
138.96796890532147,-14.96796890532147,-0.4303084711511038
165.46952876562307,-27.469528765623068,-0.7897110824551551
138.96796890532147,-24.96796890532147,-0.7177946851277498
165.46952876562307,58.53047123437693,1.6826703577439999
138.96796890532147,-40.96796890532147,-1.1777726274903833
165.46952876562307,10.530471234376932,0.30273653065609946
138.96796890532147,-10.96796890532147,-0.31531398556044543
123.32543855342867,-24.32543855342867,-0.6993228233046754
193.60705437256735,113.39294562743265,3.2598908630090273
184.4980574656073,47.5019425343927,1.365615361574875
141.22055570480654,10.779444295193457,0.30989416291973143
138.96796890532147,-50.96796890532147,-1.4652588414670293
184.4980574656073,30.501942534392697,0.876888797814577
138.96796890532147,4.03203109467853,0.11591533540452344
191.35446757308233,-56.35446757308233,-1.620113252325511
138.96796890532147,-28.96796890532147,-0.8327891707184081
138.96796890532147,4.03203109467853,0.11591533540452344
141.22055570480654,-23.220555704806543,-0.6675589646008647
175.7119372211895,-51.71193722118949,-1.486646904911777
167.72211556510814,48.27788443489186,1.3879226214989098
165.46952876562307,-42.46952876562307,-1.220940403420124
123.32543855342867,-4.325438553428668,-0.12435039535138354
168.85552711371452,-33.855527113714516,-0.9732997312105478
123.32543855342867,30.67456144657133,0.8818513535668773
191.35446757308233,-86.35446757308233,-2.482571894255449
141.22055570480654,-34.22055570480654,-0.9837937999751754
123.32543855342867,45.67456144657133,1.313080674531846
123.32543855342867,-17.32543855342867,-0.49808247352102325
138.96796890532147,-17.96796890532147,-0.5165543353440976
114.17363374232198,-14.173633742321982,-0.40747243028717933
111.92104694283695,7.078953057163048,0.20351014133222003
114.17363374232198,15.826366257678018,0.4549862116427585
111.92104694283695,22.078953057163048,0.634739462297189
111.92104694283695,-25.921046942836952,-0.7451943647907115
114.17363374232198,-34.17363374232198,-0.9824448582404713
114.17363374232198,18.826366257678018,0.5412320758357523
111.92104694283695,71.07895305716305,2.043421910782754
111.92104694283695,0.0789530571630479,0.0022697915485678966
111.92104694283695,-21.921046942836952,-0.6301998792000532
111.92104694283695,30.078953057163048,0.8647284334785057
114.17363374232198,28.826366257678018,0.8287182898123981
114.17363374232198,2.8263662576780177,0.08125413347311872
114.17363374232198,-9.173633742321982,-0.2637293232988564
114.17363374232198,27.826366257678018,0.7999696684147336
114.17363374232198,-5.173633742321982,-0.14873483770819804
96.27851659094414,23.721483409055864,0.6819599455179284
111.92104694283695,-1.921046942836952,-0.055227451246761296
114.17363374232198,5.826366257678018,0.1674999976661125
114.17363374232198,-20.173633742321982,-0.5799641586731669
114.17363374232198,-38.17363374232198,-1.0974393438311296
114.17363374232198,8.826366257678018,0.2537458618591063
114.17363374232198,-39.17363374232198,-1.1261879652287943
114.17363374232198,-13.173633742321982,-0.37872380888951473
111.92104694283695,22.078953057163048,0.634739462297189
114.17363374232198,10.826366257678018,0.3112431046544355
111.92104694283695,-19.921046942836952,-0.572702636404724
114.17363374232198,18.826366257678018,0.5412320758357523
114.17363374232198,-13.173633742321982,-0.37872380888951473
111.92104694283695,-17.921046942836952,-0.5152053936093948
114.17363374232198,-15.173633742321982,-0.43622105168484393
114.17363374232198,16.826366257678018,0.48373483304042303
111.92104694283695,2.078953057163048,0.05976703434389708
111.92104694283695,5.078953057163048,0.14601289853689087
114.17363374232198,-2.1736337423219823,-0.062488973515204244
114.17363374232198,23.826366257678018,0.6849751828240752
114.17363374232198,5.826366257678018,0.1674999976661125
114.17363374232198,5.826366257678018,0.1674999976661125
111.92104694283695,-1.921046942836952,-0.055227451246761296
111.92104694283695,-5.921046942836952,-0.17022193683741968
111.92104694283695,61.07895305716305,1.755935696806108
111.92104694283695,-5.921046942836952,-0.17022193683741968
111.92104694283695,-25.921046942836952,-0.7451943647907115
114.17363374232198,11.826366257678018,0.3399917260521001
114.17363374232198,-8.173633742321982,-0.23498070190119177
114.17363374232198,4.826366257678018,0.1387513762684479
114.17363374232198,17.826366257678018,0.5124834544380876
111.92104694283695,-4.921046942836952,-0.14147331543975508
114.17363374232198,-0.17363374232198225,-0.004991730719875058
114.17363374232198,12.826366257678018,0.3687403474497647
114.17363374232198,24.826366257678018,0.7137238042217398
114.17363374232198,7.826366257678018,0.22499724046144168
114.17363374232198,-8.173633742321982,-0.23498070190119177
111.92104694283695,-13.921046942836952,-0.4002109080187364
114.17363374232198,7.826366257678018,0.22499724046144168
114.17363374232198,6.826366257678018,0.19624861906377708
111.92104694283695,0.0789530571630479,0.0022697915485678966
114.17363374232198,24.826366257678018,0.7137238042217398
114.17363374232198,19.826366257678018,0.5699806972334168
114.17363374232198,-25.173633742321982,-0.7237072656614899
114.17363374232198,14.826366257678018,0.4262375902450939
111.92104694283695,-31.921046942836952,-0.917686093176699
166.83128017110707,-18.831280171107068,-0.5413733440725064
140.32972031080547,19.67027968919453,0.5654934235708244
140.32972031080547,7.67027968919453,0.22050996679884924
151.18874981921425,41.81125018078575,1.2020158016104439
192.7162189785663,17.283781021433697,0.4968848769053373
185.8598088710913,-50.8598088710913,-1.4621493895925877
166.83128017110707,27.168719828892932,0.781063240220065
194.96880577805135,3.0311942219486525,0.08714265506958957
185.8598088710913,30.140191128908697,0.8664889436182444
140.32972031080547,-19.32972031080547,-0.5557028109380947
166.83128017110707,17.168719828892932,0.49357702624341904
142.58230711029051,38.417692889709485,1.1044557078580082
124.68718995891265,22.312810041087346,0.6414625281892283
140.32972031080547,35.67027968919453,1.0254713659334578
124.68718995891265,33.312810041087346,0.9576973635635387
140.32972031080547,3.6702796891945297,0.10551548120819088
166.83128017110707,-10.831280171107068,-0.3113843728911896
166.83128017110707,6.168719828892932,0.1773421908691085
192.7162189785663,-60.7162189785663,-1.7455075921125012
185.8598088710913,22.140191128908697,0.6364999724369277
192.7162189785663,-47.7162189785663,-1.3717755139428613
140.32972031080547,-8.32972031080547,-0.2394679755637842
185.8598088710913,34.1401911289087,0.9814834292089026
185.8598088710913,-33.8598088710913,-0.9734228258322897
124.68718995891265,-16.687189958912654,-0.4797337063196908
166.83128017110707,-27.831280171107068,-0.8001109366514877
166.83128017110707,-16.831280171107068,-0.4838761012771771
140.32972031080547,52.67027968919453,1.5141979296937558
166.83128017110707,-10.831280171107068,-0.3113843728911896
166.83128017110707,-39.83128017110707,-1.145094393423463
166.83128017110707,-37.83128017110707,-1.0875971506281337
124.68718995891265,6.312810041087346,0.18148458582659482
194.96880577805135,22.031194221948653,0.6333664616252168
124.68718995891265,51.312810041087346,1.4751725487215015
166.83128017110707,-50.83128017110707,-1.4613292287977735
124.68718995891265,41.312810041087346,1.1876863347448554
140.32972031080547,21.67027968919453,0.6229906663661535
185.8598088710913,18.140191128908697,0.5215054868462693
142.58230711029051,-5.582307110290515,-0.16048363363923382
192.7162189785663,4.283781021433697,0.12315279873569752
151.18874981921425,25.81125018078575,0.7420378592478105
166.83128017110707,20.168719828892932,0.5798228904364128
151.18874981921425,-18.18874981921425,-0.5229014822494316
166.83128017110707,4.168719828892932,0.1198449480737793
192.7162189785663,-11.716218978566303,-0.33682514362693594
166.83128017110707,14.168719828892932,0.40733116205042524
140.32972031080547,-18.32972031080547,-0.5269541895404302
140.32972031080547,1.6702796891945297,0.04801823841286169
142.58230711029051,-15.582307110290515,-0.44796984761587977
151.18874981921425,0.8112501807857484,0.0233223243061957
151.18874981921425,8.811250180785748,0.25331129548751247
124.68718995891265,38.312810041087346,1.1014404705518617
185.8598088710913,4.140191128908697,0.11902478727896496
170.2172785191985,-1.2172785191984872,-0.03499507928394784
140.32972031080547,-0.32972031080547026,-0.009479004382467501
185.8598088710913,12.140191128908697,0.3490137584602817
166.83128017110707,-30.831280171107068,-0.8863568008444814
142.58230711029051,-31.582307110290515,-0.9079477899785132
140.32972031080547,-18.32972031080547,-0.5269541895404302
113.28279834832094,15.717201651679062,0.4518478797148693
113.28279834832094,-13.282798348320938,-0.38186214081740394
113.28279834832094,-29.282798348320938,-0.8418400831800374
113.28279834832094,16.717201651679062,0.4805965011125338
97.64026799642812,-3.640267996428122,-0.10465268641534786
115.53538514780597,-15.535385147805968,-0.4466209058811761
113.28279834832094,-11.282798348320938,-0.32436489802207474
113.28279834832094,-10.282798348320938,-0.29561627662441015
113.28279834832094,-12.282798348320938,-0.35311351941973934
115.53538514780597,-22.535385147805968,-0.6478612556648282
115.53538514780597,-19.535385147805968,-0.5616153914718345
113.28279834832094,-10.282798348320938,-0.29561627662441015
113.28279834832094,28.717201651679062,0.825579957884509
115.53538514780597,-21.535385147805968,-0.6191126342671637
115.53538514780597,21.464614852194032,0.6170780858324139
139.78435820862254,-13.784358208622535,-0.39628129534948014
113.28279834832094,-23.282798348320938,-0.6693483547940499
179.45647722682514,-8.456477226825143,-0.24311206215196937
153.57153841936588,16.42846158063412,0.4722956221277281
179.45647722682514,173.54352277317486,4.989137032222986
153.57153841936588,-21.57153841936588,-0.6201519909835265
129.32256535854935,30.677434641450645,0.8819339539586644
155.82412521885095,-7.824125218850952,-0.2249328136846664
153.57153841936588,1.4284615806341208,0.04106630116275913
155.82412521885095,-33.82412521885095,-0.9723969700239459
153.57153841936588,-72.57153841936588,-2.086331682264421
181.70906402631016,-1.709064026310159,-0.04913323463675978
174.8526539188352,-46.85265391883519,-1.3469492089883999
172.60006711935011,38.399932880649885,1.1039451320815346
155.82412521885095,28.175874781149048,0.810017556631259
127.0699785590643,-19.069978559064296,-0.5482355936561215
163.8139468749323,-29.8139468749323,-0.8571098710775148
153.57153841936588,-8.57153841936588,-0.24641991281388678
129.32256535854935,-10.322565358549355,-0.296759523345584
179.45647722682514,-11.456477226825143,-0.32935792634496314
172.60006711935011,-18.600067119350115,-0.534726287585347
181.70906402631016,21.29093597368984,0.6120850575095259
172.60006711935011,-15.600067119350115,-0.4484804233923533
127.0699785590643,-19.069978559064296,-0.5482355936561215
174.8526539188352,-3.8526539188351876,-0.11075848888882237
153.57153841936588,4.428461580634121,0.1273121653557529
129.32256535854935,54.677434641450645,1.5719008675026145
127.0699785590643,-23.069978559064296,-0.6632300792467799
172.60006711935011,-49.600067119350115,-1.4259335509129496
172.60006711935011,44.399932880649885,1.2764368604675222
179.45647722682514,-15.456477226825143,-0.4443524119356215
172.60006711935011,34.399932880649885,0.9889506464908763
129.32256535854935,-12.322565358549355,-0.35425676614091317
137.9290080674731,-7.929008067473092,-0.22794805099081286
127.0699785590643,-28.069978559064296,-0.8069731862351028
111.42744820717148,-11.42744820717148,-0.32852338204939463
172.60006711935011,74.39993288064989,2.13889550239746
111.42744820717148,-32.42744820717148,-0.9322444314003512
179.45647722682514,-31.456477226825143,-0.904330354298255
111.42744820717148,0.57255179282852,0.016460074722580476
179.45647722682514,0.5435227731748569,0.015625530427011952
129.32256535854935,-18.322565358549355,-0.5267484945269008
129.32256535854935,-18.322565358549355,-0.5267484945269008
127.0699785590643,-20.069978559064296,-0.5769842150537862
153.57153841936588,72.42846158063412,2.0822184203969454
153.57153841936588,-6.571538419365879,-0.18892267001855761
129.32256535854935,-23.322565358549355,-0.6704916015152237
129.32256535854935,18.677434641450645,0.5369504971866892
111.42744820717148,5.57255179282852,0.16020318171090345
129.32256535854935,-72.32256535854935,-2.079174050000789
137.9290080674731,14.070991932526908,0.4045216197578082
111.42744820717148,11.57255179282852,0.332694910096891
111.42744820717148,26.57255179282852,0.7639242310618599
179.45647722682514,-17.456477226825143,-0.5018496547309507
153.57153841936588,-25.57153841936588,-0.7351464765741849
129.32256535854935,-6.322565358549355,-0.18176503775492564
153.57153841936588,-21.57153841936588,-0.6201519909835265
179.45647722682514,-0.45647722682514313,-0.013123090970652642
129.32256535854935,-44.322565358549355,-1.2742126508661802
111.42744820717148,16.57255179282852,0.476438017085214
172.60006711935011,-23.600067119350115,-0.6784693945736701
155.82412521885095,25.175874781149048,0.7237716924382652
155.82412521885095,-18.824125218850952,-0.5411676490589769
153.57153841936588,20.42846158063412,0.5872901077183864
111.42744820717148,1.57255179282852,0.04520869612024507
102.2756433960648,-29.275643396064794,-0.8416343881665072
100.02305659657976,-2.0230565965797638,-0.05816008816112025
100.02305659657976,1.9769434034202362,0.05683439742953813
102.2756433960648,15.724356603935206,0.4520535747283995
102.2756433960648,-2.275643396064794,-0.0654216104295632
102.2756433960648,-8.275643396064794,-0.23791333881555074
84.38052624468695,14.619473755313052,0.42028971602458803
102.2756433960648,-21.275643396064794,-0.6116454169851905
102.2756433960648,-23.275643396064794,-0.6691426597805197
102.2756433960648,-21.275643396064794,-0.6116454169851905
102.2756433960648,16.724356603935206,0.4808021961260641
102.2756433960648,18.724356603935206,0.5382994389213933
102.2756433960648,-11.275643396064794,-0.3241592030085445
102.2756433960648,21.724356603935206,0.624545303114387
102.2756433960648,30.724356603935206,0.8832828956933684
102.2756433960648,3.724356603935206,0.10707011795642436
100.02305659657976,-13.023056596579764,-0.37439492353543075
102.2756433960648,53.724356603935206,1.544501187839654
126.52461645688136,-7.524616456881361,-0.21632234968151937
102.2756433960648,-41.275643396064794,-1.1866178449384823
102.2756433960648,18.724356603935206,0.5382994389213933
84.38052624468695,60.61947375531305,1.7427263003171591
194.74315281459042,-6.743152814590417,-0.19385634729325701
194.74315281459042,15.256847185409583,0.4386133234553641
220.62809162204965,-2.628091622049652,-0.07555401104068042
168.24159295428882,33.75840704571118,0.9705076631454028
168.24159295428882,3.7584070457111807,0.10804902121546507
194.74315281459042,3.2568471854095833,0.09362986668338891
213.77168151457465,25.228318485425348,0.7252793766371957
170.49417975377386,-34.494179753773864,-0.9916601141642329
194.74315281459042,23.256847185409583,0.6686022946366807
194.74315281459042,-52.74315281459042,-1.5162929315858285
213.77168151457465,-17.771681514574652,-0.5109113434623819
168.24159295428882,35.75840704571118,1.028004905940732
194.74315281459042,-24.743152814590417,-0.7113315324512197
141.1946709918043,-20.194670991804287,-0.5805689505937819
141.1946709918043,-4.194670991804287,-0.12059100823114843
141.1946709918043,-19.194670991804287,-0.5518203291961173
141.1946709918043,-11.194670991804287,-0.32183135801480056
141.1946709918043,18.805329008195713,0.5406272839151373
125.55214063991147,-19.55214063991147,-0.5620970887707071
141.1946709918043,50.80532900819571,1.460583168640404
143.44725779128933,-0.4472577912893314,-0.012858044908933417
141.1946709918043,-23.194670991804287,-0.6668148147867756
141.1946709918043,47.80532900819571,1.3743373044474103
141.1946709918043,4.805329008195713,0.13814658434783292
141.1946709918043,36.80532900819571,1.0581024690730998
167.69623085210588,-32.696230852105884,-0.9399715618978333
141.1946709918043,-19.194670991804287,-0.5518203291961173
141.1946709918043,26.805329008195713,0.770616255096454
250.97243738482064,-0.9724373848206369,-0.0279562342091443
250.97243738482064,7.027562615179363,0.20203273697217244
250.97243738482064,-20.972437384820637,-0.6029286621624361
250.97243738482064,39.02756261517936,1.1219886216974393
250.97243738482064,3.027562615179363,0.08703825138151407
250.97243738482064,133.02756261517936,3.824359033077911
244.11602727734567,64.88397272265433,1.8653247665799855
198.58593871705983,-69.58593871705983,-2.000499806777844
225.08749857736143,28.91250142263857,0.8311945570588745
250.97243738482064,-74.97243738482064,-2.155354217636324
244.11602727734567,-20.116027277345665,-0.5783080522215049
244.11602727734567,-28.116027277345665,-0.8082970234028217
225.08749857736143,13.91250142263857,0.39996523609390555
244.11602727734567,9.883972722654335,0.2841505897084329
244.11602727734567,85.88397272265433,2.469045815930942
198.58593871705983,-24.585938717059832,-0.7068118438829374
244.11602727734567,-29.116027277345665,-0.8370456448004863
244.11602727734567,33.883972722654335,0.974117503252383
250.97243738482064,-71.97243738482064,-2.0691083534433306
225.08749857736143,-25.08749857736143,-0.7212309984150136
244.11602727734567,3.8839727226543346,0.11165886132244528
244.11602727734567,-13.116027277345665,-0.3770677024378528
250.97243738482064,7.027562615179363,0.20203273697217244
244.11602727734567,-10.116027277345665,-0.290821838244859
250.97243738482064,-50.97243738482064,-1.465387304092374
225.08749857736143,-11.08749857736143,-0.3187502988477093
225.08749857736143,-79.08749857736143,-2.2736565538889018
244.11602727734567,141.88397272265433,4.078968614200159
244.11602727734567,36.883972722654335,1.0603633674453767
225.08749857736143,18.91250142263857,0.5437083430822286
233.9355328744898,19.06446712551019,0.5480771475395148
214.90700417450557,-2.9070041745055732,-0.08357236241429196
233.9355328744898,-36.93553287448981,-1.0618456507297025
240.7919429819648,4.208057018035191,0.12097583803127843
243.04452978144985,-79.04452978144985,-2.2724212602433265
240.7919429819648,-38.79194298196481,-1.1152148820682992
214.90700417450557,37.09299582549443,1.0663724934922918
214.90700417450557,-22.907004174505573,-0.6585447903675838
233.9355328744898,-18.93553287448981,-0.5443704655717397
218.293002522597,-28.293002522596993,-0.8133848177253109
233.9355328744898,33.06446712551019,0.950557847106819
188.40544431420398,3.594555685796024,0.10333852050377176
214.90700417450557,-5.907004174505573,-0.16981822660728574
240.7919429819648,0.20805701803519128,0.00598135244062005
240.7919429819648,-46.79194298196481,-1.345203853249616
240.7919429819648,35.20805701803519,1.0121831013588807
199.26447382261276,-51.26447382261276,-1.4737829490767824
233.9355328744898,14.064467125510191,0.4043340405511918
214.90700417450557,21.092995825494427,0.6063945511296583
214.90700417450557,-4.907004174505573,-0.14106960520962114
233.9355328744898,8.064467125510191,0.23184231216520423
240.7919429819648,21.20805701803519,0.6097024017915765
214.90700417450557,1.0929958254944268,0.03142212317636641
233.9355328744898,44.06446712551019,1.2667926824811295
214.90700417450557,-15.907004174505573,-0.45730444058393166
240.7919429819648,42.20805701803519,1.2134234511425328
218.293002522597,-5.293002522596993,-0.15216652557902532
240.7919429819648,-39.79194298196481,-1.1439635034659639
214.90700417450557,-46.90700417450557,-1.3485117039115342
240.7919429819648,41.20805701803519,1.1846748297448684
218.293002522597,14.706997477403007,0.4228059023742666
214.90700417450557,-16.907004174505573,-0.48605306198159626
214.90700417450557,-4.907004174505573,-0.14106960520962114
233.9355328744898,114.06446712551019,3.2791961803176513
233.9355328744898,40.06446712551019,1.1517981968904711
188.40544431420398,5.594555685796024,0.16083576329910096
240.7919429819648,-15.791942981964809,-0.4539965899220134
240.7919429819648,22.20805701803519,0.6384510231892411
233.9355328744898,-4.935532874489809,-0.1418897660044355
217.15959097399062,21.840409026009382,0.6278816502588795
240.7919429819648,68.20805701803519,1.9608876074818122
218.293002522597,45.70699747740301,1.3140131657018688
233.9355328744898,-22.93553287448981,-0.6593649511623981
214.90700417450557,40.09299582549443,1.1526183576852855
214.90700417450557,-54.90700417450557,-1.578500675092851
240.7919429819648,55.20805701803519,1.5871555293121726
240.7919429819648,-14.791942981964809,-0.4252479685243488
214.90700417450557,12.092995825494427,0.34765695855067696
218.293002522597,1.7069974774030072,0.04907382420462684
188.40544431420398,-72.40544431420398,-2.081556705718737
161.35852235171944,-4.358522351719444,-0.12530150894284173
161.35852235171944,-47.358522351719444,-1.3614922290424194
161.35852235171944,14.641477648280556,0.42092229761278555
193.3962623213835,48.60373767861651,1.3972904530339507
174.36773362139925,-34.36773362139925,-0.9880249621773962
174.36773362139925,-6.367733621399253,-0.18306356304278756
200.2526724288585,29.74732757114151,0.855194657935056
200.2526724288585,-2.2526724288584887,-0.06476122679021096
200.2526724288585,-43.25267242885849,-1.2434547040944595
150.1187605605827,-8.1187605605827,-0.23340317357448392
184.61014207696567,-41.61014207696567,-1.19623422087372
193.3962623213835,1.6037376786165112,0.046105247343714836
147.86617376109766,56.133826238902344,1.6137701181444932
147.86617376109766,21.133826238902344,0.6075683692262327
158.72520326950644,73.27479673049356,2.10654938919579
147.86617376109766,40.133826238902344,1.1537921757818599
200.2526724288585,-44.25267242885849,-1.272203325492124
174.36773362139925,-4.367733621399253,-0.12556632024745837
200.2526724288585,157.7473275711415,4.535018196836124
200.2526724288585,91.74732757114151,2.6376091845902607
200.2526724288585,13.747327571141511,0.39521671557242255
176.6203204208843,17.379679579115702,0.49964182823271935
150.1187605605827,17.8812394394173,0.5140609827647955
147.86617376109766,36.133826238902344,1.0387976901912015
200.2526724288585,-62.25267242885849,-1.7896785106500865
200.2526724288585,7.747327571141511,0.22272498718643496
193.3962623213835,-32.39626232138349,-0.9313478801768814
200.2526724288585,7.747327571141511,0.22272498718643496
174.36773362139925,-15.367733621399253,-0.44180115562176886
177.75373196949067,14.246268030509327,0.4095605659387648
147.86617376109766,-46.866173761097656,-1.3473378858149598
147.86617376109766,-15.866173761097656,-0.4561306224873573
174.36773362139925,-17.367733621399253,-0.49929839841709805
150.1187605605827,-12.1187605605827,-0.3483976591651423
200.2526724288585,-37.25267242885849,-1.0709629757084718
200.2526724288585,-2.2526724288584887,-0.06476122679021096
174.36773362139925,-34.36773362139925,-0.9880249621773962
150.1187605605827,42.8812394394173,1.2327765177064103
193.3962623213835,78.60373767861651,2.2597490949638885
193.3962623213835,-31.39626232138349,-0.9025992587792168
158.72520326950644,-3.725203269506437,-0.1070944584243836
174.36773362139925,-24.367733621399253,-0.7005387482007502
147.86617376109766,-5.866173761097656,-0.16864440851071139
174.36773362139925,-40.36773362139925,-1.160516690563384
174.36773362139925,14.632266378600747,0.4206574863081689
200.2526724288585,67.74732757114151,1.9476422710463106
200.2526724288585,-31.25267242885849,-0.8984712473224842
193.3962623213835,-7.396262321383489,-0.2126323452352665
193.3962623213835,-42.39626232138349,-1.2188340941535274
200.2526724288585,-33.25267242885849,-0.9559684901178135
200.2526724288585,-29.25267242885849,-0.840974004527155
200.2526724288585,33.74732757114151,0.9701891435257143
174.36773362139925,84.63226637860075,2.4330609841446904
150.1187605605827,-74.1187605605827,-2.1308121858203473
174.36773362139925,23.632266378600747,0.6793950788871502
174.36773362139925,11.632266378600747,0.33441162211517517
193.3962623213835,-87.39626232138349,-2.512522057048434
147.86617376109766,-52.866173761097656,-1.5198296142009473
174.36773362139925,63.63226637860075,1.8293399347937338
174.36773362139925,-16.367733621399253,-0.47054977701943346
174.36773362139925,-6.367733621399253,-0.18306356304278756
200.2526724288585,100.74732757114151,2.896346777169242
193.3962623213835,-9.396262321383489,-0.27012958803059567
147.86617376109766,-19.866173761097656,-0.5711251080780156
193.3962623213835,-85.39626232138349,-2.455024814253105
174.36773362139925,22.632266378600747,0.6506464574894857
200.2526724288585,5.747327571141511,0.1652277443911058
174.36773362139925,11.632266378600747,0.33441162211517517
177.75373196949067,-34.75373196949067,-0.9991218825468005
158.72520326950644,-8.725203269506437,-0.2508375654127065
193.3962623213835,48.60373767861651,1.3972904530339507
147.86617376109766,-25.866173761097656,-0.7436168364640032
123.07183859809814,-17.07183859809814,-0.4907918244187612
123.07183859809814,-15.07183859809814,-0.43329458162343204
123.07183859809814,31.92816140190186,0.9178906240668039
123.07183859809814,-9.07183859809814,-0.26080285323744445
120.81925179861311,-15.81925179861311,-0.4547816807526537
120.81925179861311,0.18074820138689063,0.005196261609979815
120.81925179861311,-7.819251798613109,-0.22479270957133693
120.81925179861311,-16.81925179861311,-0.4835303021503182
120.81925179861311,-34.81925179861311,-1.001005487308281
120.81925179861311,-59.81925179861311,-1.7197210222498958
120.81925179861311,13.18074820138689,0.37892833977961954
120.81925179861311,-46.81925179861311,-1.3459889440802562
120.81925179861311,-26.81925179861311,-0.7710165161269642
120.81925179861311,-17.81925179861311,-0.5122789235479829
105.1767214467203,26.823278553279707,0.771132279772334
120.81925179861311,14.18074820138689,0.40767696117728414
120.81925179861311,-15.81925179861311,-0.4547816807526537
120.81925179861311,-0.8192517986131094,-0.023552359787684777
120.81925179861311,15.18074820138689,0.43642558257494873
105.1767214467203,77.8232785532797,2.237311971053228
120.81925179861311,31.18074820138689,0.8964035249375822
120.81925179861311,-29.81925179861311,-0.8572623803199579
120.81925179861311,-50.81925179861311,-1.4609834296709145
120.81925179861311,-13.81925179861311,-0.3972844379573245
120.81925179861311,37.18074820138689,1.0688952533235696
147.32081165891472,3.679188341085279,0.1057715926685616
120.81925179861311,8.18074820138689,0.23518523279129658
147.32081165891472,-5.320811658914721,-0.15296599991041973
120.81925179861311,9.18074820138689,0.2639338541889612
120.81925179861311,-2.8192517986131094,-0.08104960258301397
194.709605989642,4.290394010358,0.12334291305058927
187.853195882167,8.146804117833,0.2342093871845151
196.96219278912704,57.037807210872955,1.6397583248583694
168.82466718218276,-39.824667182182765,-1.144904279108571
194.709605989642,50.290394010358,1.4457794973431606
144.5756941213662,-0.5756941213662117,-0.016550412336019126
142.32310732188117,17.676892678118833,0.5081862950903869
142.32310732188117,1.6768926781188327,0.048208352727753416
142.32310732188117,-28.323107321881167,-0.8142502892021843
144.5756941213662,-10.575694121366212,-0.30403662631266504
187.853195882167,23.146804117833,0.665438708149484
194.709605989642,-18.709605989642,-0.5378753790956964
187.853195882167,-60.853195882167,-1.749445489254342
142.32310732188117,6.676892678118833,0.19195145971607638
168.82466718218276,49.175332817817235,1.4137230252835777
168.82466718218276,13.175332817817235,0.3787726549676524
142.32310732188117,4.676892678118833,0.1344542169207472
194.709605989642,57.290394010358,1.6470198471268127
187.853195882167,-51.853195882167,-1.4907078966753606
194.709605989642,-7.709605989642,-0.22164054372138586
142.32310732188117,11.676892678118833,0.3356945667043994
142.32310732188117,15.676892678118833,0.45068905229505773
142.32310732188117,-23.323107321881167,-0.6705071822138614
142.32310732188117,-6.323107321881167,-0.18178061845356333
168.82466718218276,-48.824667182182765,-1.4036418716875525
194.709605989642,2.290394010358,0.06584567025526007
187.853195882167,-16.853195882167,-0.48450614775709977
144.5756941213662,-6.575694121366212,-0.1890421407220067
168.82466718218276,23.175332817817235,0.6662588689442983
168.82466718218276,9.175332817817235,0.263778169376994
194.709605989642,-42.709605989642,-1.2278422926396466
194.709605989642,31.290394010358,0.8995556907875333
194.709605989642,-24.709605989642,-0.710367107481684
168.82466718218276,-31.824667182182765,-0.9149153079272543
142.32310732188117,-47.32310732188117,-1.3604740957578116
142.32310732188117,-2.3231073218811673,-0.06678613286290495
194.709605989642,-1.7096059896420002,-0.0491488153353983
187.853195882167,0.14680411783299974,0.0042204160031983125
168.82466718218276,1.1753328178172353,0.03378919819567725
187.853195882167,-3.8531958821670003,-0.11077406958746007
115.27618535939664,5.723814640603365,0.16455178005311502
115.27618535939664,-4.276185359396635,-0.1229344339235309
115.27618535939664,0.723814640603365,0.020808673064792067
115.27618535939664,-12.276185359396635,-0.3529234051048476
115.27618535939664,14.723814640603365,0.4232893726320964
115.27618535939664,17.723814640603365,0.5095352368250902
115.27618535939664,-5.276185359396635,-0.1516830553211955
115.27618535939664,-1.276185359396635,-0.03668856973053712
115.27618535939664,-17.276185359396635,-0.4966665120931706
117.52877215888167,12.471227841118335,0.3585306075683243
115.27618535939664,6.723814640603365,0.19330040145077962
117.52877215888167,11.471227841118335,0.3297819861706597
117.52877215888167,0.4712278411183348,0.013547150796349113
115.27618535939664,-38.276185359396635,-1.1003875614441272
115.27618535939664,8.723814640603365,0.25079764424610884
115.27618535939664,14.723814640603365,0.4232893726320964
115.27618535939664,13.723814640603365,0.39454075123443183
117.52877215888167,-0.5287721588816652,-0.015201470601315478
115.27618535939664,15.723814640603365,0.45203799402976097
115.27618535939664,26.723814640603365,0.7682728294040715
115.27618535939664,11.723814640603365,0.33704350843910263
117.52877215888167,-9.528772158881665,-0.2739390631802968
115.27618535939664,-16.276185359396635,-0.467917890695506
117.52877215888167,11.471227841118335,0.3297819861706597
99.63365500750382,-7.633655007503819,-0.2194570576911145
115.27618535939664,-4.276185359396635,-0.1229344339235309
115.27618535939664,1.723814640603365,0.04955729446245666
115.27618535939664,-2.276185359396635,-0.06543719112820172
115.27618535939664,-4.276185359396635,-0.1229344339235309
115.27618535939664,-1.276185359396635,-0.03668856973053712
117.52877215888167,14.471227841118335,0.4160278503636534
117.52877215888167,-1.5287721588816652,-0.043950091998980076
115.27618535939664,3.723814640603365,0.10705453725778584
115.27618535939664,-21.276185359396635,-0.611660997683829
115.27618535939664,-29.276185359396635,-0.8416499688651458
117.52877215888167,-19.528772158881665,-0.5614252771569427
115.27618535939664,8.723814640603365,0.25079764424610884
117.52877215888167,0.4712278411183348,0.013547150796349113
117.52877215888167,8.471227841118335,0.2435361219776659
117.52877215888167,-17.528772158881665,-0.5039280343616136
115.27618535939664,18.723814640603365,0.5382838582227548
115.27618535939664,48.723814640603365,1.4007425001526925
115.27618535939664,-73.27618535939664,-2.106589310362388
115.27618535939664,-28.276185359396635,-0.8129013474674811
117.52877215888167,-52.528772158881665,-1.5101297832798743
115.27618535939664,6.723814640603365,0.19330040145077962
115.27618535939664,-21.276185359396635,-0.611660997683829
115.27618535939664,0.723814640603365,0.020808673064792067
115.27618535939664,14.723814640603365,0.4232893726320964
115.27618535939664,50.723814640603365,1.4582397429480216
115.27618535939664,12.723814640603365,0.36579212983676723
117.52877215888167,-7.528772158881665,-0.21644182038496765
117.52877215888167,20.471227841118335,0.588519578749641
115.27618535939664,-2.276185359396635,-0.06543719112820172
117.52877215888167,11.471227841118335,0.3297819861706597
115.27618535939664,23.723814640603365,0.6820269652110778
115.27618535939664,1.723814640603365,0.04955729446245666
115.27618535939664,-7.276185359396635,-0.2091802981165247
117.52877215888167,13.471227841118335,0.3872792289659889
115.27618535939664,-3.276185359396635,-0.0941858125258663
117.52877215888167,24.471227841118335,0.7035140643402994
115.27618535939664,-3.276185359396635,-0.0941858125258663
115.27618535939664,-23.276185359396635,-0.6691582404791582
115.27618535939664,18.723814640603365,0.5382838582227548
115.27618535939664,37.723814640603365,1.084507664778382
115.27618535939664,-7.276185359396635,-0.2091802981165247
183.6891042517982,-3.6891042517981987,-0.10605666143146186
129.05001878455232,-27.05001878455232,-0.7776507488368107
181.43651745231313,23.563482547686874,0.6774176385739263
155.55157864485392,-11.551578644853919,-0.33209196100625343
139.90904829296107,14.090951707038926,0.405095435758437
155.55157864485392,-12.551578644853919,-0.36084058240391803
183.6891042517982,-26.6891042517982,-0.7672749535777474
129.05001878455232,-41.05001878455232,-1.1801314484041152
139.90904829296107,15.090951707038926,0.4338440571561016
129.05001878455232,-20.05001878455232,-0.5764103990531586
113.40748843265949,8.592511567340509,0.24702286190452516
174.58010734483815,-21.580107344838154,-0.6203983357777137
131.30260558403734,-3.3026055840373374,-0.09494535756130311
113.40748843265949,13.592511567340509,0.39076596889284815
183.6891042517982,-17.6891042517982,-0.5085373609987661
113.40748843265949,56.59251156734051,1.6269566889924256
157.80416544433893,-62.804165444338935,-1.8055331745555903
129.05001878455232,-23.05001878455232,-0.6626562632461525
174.58010734483815,79.41989265516185,2.28321242538641
157.80416544433893,-20.804165444338935,-0.5980910758536774
155.55157864485392,-19.55157864485392,-0.5620809321875702
176.83269414432317,-47.83269414432317,-1.3751240143854357
129.05001878455232,-21.05001878455232,-0.6051590204508233
155.55157864485392,15.448421355146081,0.4441208167306906
139.90904829296107,-41.909048292961074,-1.2048273625107804
131.30260558403734,1.6973944159626626,0.04879774942701986
183.6891042517982,38.3108957482018,1.101385437270451
157.80416544433893,125.19583455566107,3.599207648205353
113.40748843265949,68.59251156734051,1.9719401457644006
131.30260558403734,-1.3026055840373374,-0.03744811476597392
113.40748843265949,14.592511567340509,0.41951459029051275
155.55157864485392,-4.551578644853919,-0.13085161122260133
131.30260558403734,39.69739441596266,1.1412453625382744
113.40748843265949,-17.40748843265949,-0.5004412944347543
157.80416544433893,-33.804165444338935,-0.9718231540233172
131.30260558403734,45.69739441596266,1.3137370909242618
181.43651745231313,-40.436517452313126,-1.1624941308766077
174.58010734483815,38.419892655161846,1.1045189480821618
155.55157864485392,30.44842135514608,0.8753501376956595
157.80416544433893,-32.804165444338935,-0.9430745326256526
158.9375769929453,4.06242300705469,0.11678906098697667
129.05001878455232,-49.05001878455232,-1.410120419585432
131.30260558403734,-35.30260558403734,-1.0149012422865702
139.90904829296107,-5.909048292961074,-0.16987699219485491
165.79398710042034,89.20601289957966,2.564549891245199
131.30260558403734,17.697394415962663,0.5087756917896534
174.58010734483815,44.419892655161846,1.2770106764681493
131.30260558403734,-19.302605584037337,-0.5549232999239366
129.05001878455232,-3.0500187845523214,-0.08768383529286057
102.00309682206777,5.996903177932225,0.17240269902082442
102.00309682206777,-14.003096822067775,-0.4025697289324674
104.2556836215528,-2.255683621552805,-0.06484779442893528
102.00309682206777,-16.003096822067775,-0.4600669717277966
102.00309682206777,-8.003096822067775,-0.23007800054647987
102.00309682206777,-17.003096822067775,-0.4888155931254612
102.00309682206777,-6.003096822067775,-0.1725807577511507
104.2556836215528,-2.255683621552805,-0.06484779442893528
102.00309682206777,-1.003096822067775,-0.028837650762827727
102.00309682206777,-23.003096822067775,-0.6613073215114488
102.00309682206777,-17.003096822067775,-0.4888155931254612
104.2556836215528,5.744316378447195,0.16514117675238146
102.00309682206777,-11.003096822067775,-0.31632386473947366
102.00309682206777,-29.003096822067775,-0.8337990498974364
104.2556836215528,-26.255683621552805,-0.7548147079728855
197.13948156678657,30.86051843321343,0.8871973605721015
178.11095286680234,-18.110952866802336,-0.5206649271186493
197.13948156678657,-33.13948156678657,-0.9527144088784326
180.36353966628738,14.63646033371262,0.42077805673583896
162.46842251490952,7.53157748509048,0.21652246964604033
180.36353966628738,31.63646033371262,0.909504620496137
203.99589167426157,13.004108325738429,0.37385018687087135
135.96686265460792,11.033137345392078,0.31718748837111027
197.13948156678657,1.8605184332134286,0.05348734003982824
153.86197980598578,-27.861979805985783,-0.8009935088316624
178.11095286680234,-37.110952866802336,-1.0668887336742767
188.35336132236876,-99.35336132236876,-2.856272169242153
203.99589167426157,80.00410832573843,2.300007820514399
153.86197980598578,-60.86197980598578,-1.749698014954594
203.99589167426157,19.00410832573843,0.5463419152568589
203.99589167426157,-12.995891674261571,-0.3736139694684081
197.13948156678657,-38.13948156678657,-1.0964575158667555
151.60939300650074,-45.60939300650074,-1.3112071717211817
178.11095286680234,-30.110952866802336,-0.8656483838906244
153.86197980598578,-49.86197980598578,-1.4334631795802835
197.13948156678657,-26.13948156678657,-0.7514740590947804
203.99589167426157,89.00410832573843,2.5587454130933804
178.11095286680234,-2.110952866802336,-0.06068698475601579
151.60939300650074,-3.6093930065007385,-0.10376507301926881
135.96686265460792,-9.966862654607922,-0.28653356097984617
203.99589167426157,42.00410832573843,1.2075602074031444
151.60939300650074,30.39060699349926,0.8736880545013274
178.11095286680234,19.889047133197664,0.5717826859926053
162.46842251490952,-36.46842251490952,-1.048416871851202
203.99589167426157,-29.99589167426157,-0.8623405332287062
178.11095286680234,30.889047133197664,0.8880175213669158
188.35336132236876,-28.353361322368755,-0.8151200500079668
206.24847847374662,-27.248478473746616,-0.7833561913041557
180.36353966628738,-33.36353966628738,-0.9591557703520617
178.11095286680234,-33.110952866802336,-0.9518942480836182
197.13948156678657,6.860518433213429,0.1972304470281512
197.13948156678657,138.86051843321343,3.9920484715198774
197.13948156678657,54.86051843321343,1.5771642741160516
151.60939300650074,8.390606993499262,0.24121838375270635
178.11095286680234,18.889047133197664,0.5430340645949407
181.49695121489376,-0.4969512148937554,-0.014286662330090771
178.11095286680234,63.889047133197664,1.8367220274898473
197.13948156678657,24.86051843321343,0.7147056321861139
206.24847847374662,13.751521526253384,0.3953372860000926
151.60939300650074,-67.60939300650074,-1.9436768424698028
151.60939300650074,24.39060699349926,0.7011963261153399
151.60939300650074,60.39060699349926,1.736146696431265
178.11095286680234,22.889047133197664,0.658028550185599
153.86197980598578,2.138020194014217,0.061465133098275386
135.96686265460792,-2.9668626546079224,-0.08529321119619404
178.11095286680234,13.889047133197664,0.39929095760661776
178.11095286680234,33.889047133197664,0.9742633855599095
203.99589167426157,19.00410832573843,0.5463419152568589
197.13948156678657,48.86051843321343,1.404672545730064
178.11095286680234,-14.110952866802336,-0.40567044152799087
162.46842251490952,-2.46842251490952,-0.07096374433060561
178.11095286680234,66.88904713319766,1.922967891682841
162.46842251490952,-0.4684225149095198,-0.013466501535276423
153.86197980598578,31.138020194014217,0.8951751536305487
178.11095286680234,42.889047133197664,1.2330009781388909
178.11095286680234,-80.11095286680234,-2.3030794537738544
197.13948156678657,48.86051843321343,1.404672545730064
178.11095286680234,19.889047133197664,0.5717826859926053
126.81505784350124,-18.815057843501236,-0.5409069745179774
124.5624710440162,-40.562471044016206,-1.1661151229981557
124.5624710440162,-30.562471044016206,-0.8786289090215096
126.81505784350124,-8.815057843501236,-0.25342076054133145
126.81505784350124,-6.815057843501236,-0.1959235177460023
124.5624710440162,-40.562471044016206,-1.1661151229981557
124.5624710440162,11.437528955983794,0.32881318968040335
124.5624710440162,15.437528955983794,0.44380767527106174
124.5624710440162,4.437528955983794,0.12757283989675117
124.5624710440162,-31.562471044016206,-0.9073775304191741
126.81505784350124,8.184942156498764,0.23530580321896663
126.81505784350124,19.184942156498764,0.5515406385932772
108.91994069212339,-1.9199406921233901,-0.0551956480638262
124.5624710440162,2.437528955983794,0.07007559710142199
126.81505784350124,-32.815057843501236,-0.9433876740852818
126.81505784350124,-18.815057843501236,-0.5409069745179774
126.81505784350124,-40.815057843501236,-1.1733766452665986
126.81505784350124,-14.815057843501236,-0.42591248892731903
124.5624710440162,-51.562471044016206,-1.4823499583724662
124.5624710440162,27.437528955983794,0.7887911320430369
126.81505784350124,-15.815057843501236,-0.45466111032498363
124.5624710440162,-20.562471044016206,-0.5911426950448636
126.81505784350124,2.1849421564987637,0.06281407483297903
124.5624710440162,-15.562471044016206,-0.4473995880565407
124.5624710440162,46.437528955983794,1.335014938598664
151.0640309043178,-66.0640309043178,-1.8992498124718467
124.5624710440162,-12.562471044016206,-0.3611537238635469
167.67997492282586,10.320025077174137,0.29668649375808287
186.7085036228101,-14.708503622810099,-0.4228492019783463
167.67997492282586,22.320025077174137,0.641669950530058
167.67997492282586,-11.679974922825863,-0.33578317699053817
141.17841506252427,12.821584937475734,0.3686028910854882
141.17841506252427,-13.178415062524266,-0.3788612652537912
186.7085036228101,-38.7085036228101,-1.1128161155222966
167.67997492282586,38.32002507717414,1.1016478928926914
167.67997492282586,-25.679974922825863,-0.7382638765578425
125.53588471063146,10.464115289368536,0.3008288887155688
114.13149310003975,-22.131493100039748,-0.6362499160980697
114.13149310003975,-49.13149310003975,-1.4124626938350138
114.13149310003975,-12.131493100039748,-0.34876370212142377
114.13149310003975,-22.131493100039748,-0.6362499160980697
116.38407989952478,-30.384079899524778,-0.8735004095478294
116.38407989952478,-1.384079899524778,-0.03979038901555623
114.13149310003975,-42.13149310003975,-1.2112223440513616
114.13149310003975,3.868506899960252,0.11121424024120968
112.94341153871044,0.05658846128956441,0.0016268402490893475
116.38407989952478,25.615920100475222,0.7364223887213878
114.13149310003975,11.868506899960252,0.34120321142252646
114.13149310003975,44.86850689996025,1.2899077175454579
114.13149310003975,38.86850689996025,1.1174159891594704
114.13149310003975,-19.131493100039748,-0.550004051905076
114.13149310003975,-4.131493100039748,-0.11877473094010706
114.13149310003975,-8.131493100039748,-0.2337692165307654
114.13149310003975,-8.131493100039748,-0.2337692165307654
116.38407989952478,-32.38407989952478,-0.9309976523431587
114.13149310003975,9.868506899960252,0.28370596862719727
114.13149310003975,-33.13149310003975,-0.9524847514723803
114.13149310003975,-16.131493100039748,-0.46375818771208216
114.13149310003975,17.868506899960252,0.513694939808514
114.13149310003975,25.868506899960252,0.7436839109898308
114.13149310003975,74.86850689996025,2.152366359475396
114.13149310003975,-4.131493100039748,-0.11877473094010706
114.13149310003975,37.86850689996025,1.0886673677618057
114.13149310003975,-7.131493100039748,-0.20502059513310084
114.13149310003975,20.868506899960252,0.5999408040015078
114.13149310003975,-8.131493100039748,-0.2337692165307654
186.13154816106785,-69.13154816106785,-1.9874367047169565
133.74504949330702,8.254950506692978,0.2373184467733752
186.13154816106785,59.868451838932145,1.721135455581776
160.24660935360862,1.7533906463913809,0.05040756385531146
133.74504949330702,-8.745049493307022,-0.2514081169869229
133.74504949330702,-15.745049493307022,-0.452648466770575
179.27513805359285,-23.275138053592855,-0.6691281318811176
132.5569679319777,-39.55696793197771,-1.1372082947159874
186.13154816106785,-26.131548161067855,-0.7512459846173789
133.74504949330702,67.25495050669298,1.933487109235586
160.24660935360862,-33.24660935360862,-0.9557941850629493
133.74504949330702,-0.7450494933070217,-0.021419145805606145
160.24660935360862,-28.24660935360862,-0.8120510780746263
133.74504949330702,4.254950506692978,0.12232396118271682
133.74504949330702,-11.745049493307022,-0.33765398117991663
133.74504949330702,-31.74504949330702,-0.9126264091332085
132.5569679319777,-35.55696793197771,-1.022213809125329
160.24660935360862,12.75339064639138,0.366642399229622
144.6040790017158,-2.604079001715803,-0.07486368130993673
118.10251914141422,-10.10251914141422,-0.29043349795917767
133.74504949330702,-28.74504949330702,-0.8263805449402147
108.95071433030753,0.04928566969246617,0.001416895058318324
108.95071433030753,-3.950714330307534,-0.11357759053234005
108.95071433030753,-19.950714330307534,-0.5735555328949735
108.95071433030753,24.049285669692466,0.6913838086022686
108.95071433030753,20.049285669692466,0.5763893230116102
108.95071433030753,-9.950714330307534,-0.2860693189183276
106.6981275308225,-6.698127530822504,-0.19256193245689088
108.95071433030753,-28.950714330307534,-0.8322931254739548
108.95071433030753,9.049285669692466,0.2601544876372997
108.95071433030753,-23.950714330307534,-0.6885500184856319
106.6981275308225,8.301872469177496,0.23866738850807806
108.95071433030753,-18.950714330307534,-0.544806911497309
108.95071433030753,35.049285669692466,1.007618643976579
106.6981275308225,-9.698127530822504,-0.27880779664988464
106.6981275308225,17.301872469177496,0.4974049810870594
106.6981275308225,10.301872469177496,0.29616463130340726
106.6981275308225,-3.6981275308225037,-0.1063160682638971
108.95071433030753,1.0492856696924662,0.030165516455982914
108.95071433030753,1.0492856696924662,0.030165516455982914
106.6981275308225,3.3018724691774963,0.09492428151975506
108.95071433030753,-9.950714330307534,-0.2860693189183276
106.6981275308225,-2.6981275308225037,-0.0775674468662325
108.95071433030753,-12.950714330307534,-0.3723151831113214
108.95071433030753,2.049285669692466,0.058914137853647505
108.95071433030753,1.0492856696924662,0.030165516455982914
108.95071433030753,20.049285669692466,0.5763893230116102
106.6981275308225,-19.698127530822504,-0.5662940106265306
106.6981275308225,-9.698127530822504,-0.27880779664988464
108.95071433030753,37.049285669692466,1.0651158867719082
106.6981275308225,1.3018724691774963,0.03742703872442587
106.6981275308225,8.301872469177496,0.23866738850807806
106.6981275308225,3.3018724691774963,0.09492428151975506
106.6981275308225,12.301872469177496,0.3536618740987364
106.6981275308225,-9.698127530822504,-0.27880779664988464
106.6981275308225,3.3018724691774963,0.09492428151975506
106.6981275308225,40.301872469177496,1.158623273233345
108.95071433030753,16.049285669692466,0.46139483742095183
108.95071433030753,-11.950714330307534,-0.3435665617136568
108.95071433030753,22.049285669692466,0.6338865658069394
106.6981275308225,-4.698127530822504,-0.13506468966156168
108.95071433030753,-10.950714330307534,-0.3148179403159922
106.6981275308225,-6.698127530822504,-0.19256193245689088
108.95071433030753,-10.950714330307534,-0.3148179403159922
108.95071433030753,19.049285669692466,0.5476407016139456
106.6981275308225,36.301872469177496,1.0436287876426866
108.95071433030753,-3.950714330307534,-0.11357759053234005
106.6981275308225,23.301872469177496,0.6698967094730469
108.95071433030753,26.049285669692466,0.7488810513975978
106.6981275308225,-22.698127530822504,-0.6525398748195244
106.6981275308225,39.301872469177496,1.1298746518356804
106.6981275308225,-13.698127530822504,-0.39380228224054303
106.6981275308225,14.301872469177496,0.4111591168940656
190.65238627128298,-10.652386271282978,-0.3062414198947951
175.00985591939016,-11.009855919390162,-0.31651817946938493
183.79597616380798,-49.79597616380798,-1.431565665860447
190.65238627128298,49.34761372871702,1.4186758639650805
122.62335725162933,87.37664274837067,2.5119580213719033
149.12491711193093,-11.124917111930927,-0.3198260301313031
138.26588760352215,-37.265887603522145,-1.0713428937615812
183.79597616380798,-21.79597616380798,-0.6266042667258382
175.00985591939016,6.990144080609838,0.20095700568857774
183.79597616380798,-40.79597616380798,-1.1728280732814655
175.00985591939016,-16.009855919390162,-0.46026128645770786
175.00985591939016,32.99014408060984,0.9484211620278571
190.65238627128298,-15.652386271282978,-0.4499845268831181
175.00985591939016,5.990144080609838,0.17220838429091315
175.00985591939016,-69.00985591939016,-1.9839382205339315
164.76744746382374,15.232552536176257,0.4379148857825661
164.76744746382374,1.2325525361762573,0.03543418621526177
168.15344581191516,-1.1534458119151623,-0.033159976949471585
175.00985591939016,-12.009855919390162,-0.34526680086704953
175.00985591939016,-83.00985591939016,-2.3864189201012356
113.47155244052264,-29.471552440522643,-0.8472665031140042
113.47155244052264,-30.471552440522643,-0.8760151245116687
113.47155244052264,76.52844755947736,2.2000873650384425
113.47155244052264,0.5284475594773568,0.015192138815933634
113.47155244052264,0.5284475594773568,0.015192138815933634
111.21896564103761,32.78103435896239,0.9424095458096435
95.5764352891448,43.4235647108552,1.2483676216093642
113.47155244052264,5.528447559477357,0.1589352458042566
111.21896564103761,-4.218965641037613,-0.12128944590394639
122.0779951494464,37.922004850553606,1.090205360088965
111.21896564103761,49.78103435896239,1.4311361095699415
137.7205255013392,-13.72052550133921,-0.3944461930150039
111.21896564103761,-12.218965641037613,-0.3512784170852631
193.29938300205572,72.70061699794428,2.0900425134505185
193.29938300205572,-6.29938300205572,-0.18109857696498444
193.29938300205572,10.70061699794428,0.30762798679531367
212.32791170203996,70.67208829796004,2.031725109860375
151.1552927898613,-15.155292789861306,-0.4356937745864794
177.6568526501629,-57.656852650162904,-1.6575550278204685
212.32791170203996,19.672088297960045,0.5655454185794807
193.29938300205572,30.70061699794428,0.8826004147486055
212.32791170203996,4.672088297960045,0.13431609761451174
193.29938300205572,10.70061699794428,0.30762798679531367
196.68538135014714,-61.68538135014714,-1.7733696742059413
193.29938300205572,22.70061699794428,0.6526114435672888
139.7509011792696,-21.75090117926959,-0.6253084230608384
139.7509011792696,-4.75090117926959,-0.13658185930054043
139.7509011792696,14.24909882073041,0.40964194725508685
139.7509011792696,-19.75090117926959,-0.5678111802655093
139.7509011792696,-6.75090117926959,-0.19407910209586962
139.7509011792696,-24.75090117926959,-0.7115542872538323
139.7509011792696,8.24909882073041,0.23715021886909932
139.7509011792696,-3.75090117926959,-0.10783323790287584
139.7509011792696,-7.75090117926959,-0.22282772349353422
139.7509011792696,-0.7509011792695901,-0.021587373709882052
197.24766253812078,-0.2476625381207782,-0.007119956542819665
197.24766253812078,-28.247662538120778,-0.8120813556774282
190.39125243064578,16.60874756935422,0.47747859576074586
155.72019337876873,27.279806621231273,0.7842568323552809
190.39125243064578,14.608747569354222,0.41998135296541667
197.24766253812078,-59.24766253812078,-1.7032886190050307
190.39125243064578,34.60874756935422,0.9949537809187085
171.36272373066154,36.63727626933846,1.053271184508852
197.24766253812078,25.752337461879222,0.7403441997964598
197.24766253812078,18.752337461879222,0.5391038500128076
197.24766253812078,42.75233746187922,1.2290707635567577
190.39125243064578,35.60874756935422,1.023702402316373
197.24766253812078,-42.24766253812078,-1.2145620552447327
171.36272373066154,-61.36272373066154,-1.7640937124622782
190.39125243064578,12.608747569354222,0.36248411017008747
171.36272373066154,-2.3627237306615427,-0.06792505000006709
192.64383923013082,-31.643839230130823,-0.909716753595598
197.24766253812078,6.752337461879222,0.1941203932408325
171.36272373066154,34.63727626933846,0.9957739417135228
197.24766253812078,-0.2476625381207782,-0.007119956542819665
190.39125243064578,-16.39125243064578,-0.4712259103621857
197.24766253812078,-15.247662538120778,-0.43834927750778857
197.24766253812078,8.752337461879222,0.2516176360361617
197.24766253812078,-15.247662538120778,-0.43834927750778857
190.39125243064578,-38.39125243064578,-1.103695581110807
190.39125243064578,-6.391252430645778,-0.1837396963855398
174.74872207875296,-10.748722078752962,-0.30901094155078795
197.24766253812078,-5.247662538120778,-0.15086306353114262
197.24766253812078,-43.24766253812078,-1.2433106766423974
174.74872207875296,59.25127792124704,1.7033925562857335
190.39125243064578,16.60874756935422,0.47747859576074586
144.86116387035995,9.138836129640055,0.2627289399063196
171.36272373066154,-31.362723730661543,-0.9016350705323403
171.36272373066154,9.637276269338457,0.2770584067719081
197.24766253812078,-26.247662538120778,-0.754584112882099
197.24766253812078,-15.247662538120778,-0.43834927750778857
190.39125243064578,16.60874756935422,0.47747859576074586
197.24766253812078,10.752337461879222,0.30911487883149086
197.24766253812078,-7.247662538120778,-0.20836030632647182
190.39125243064578,-61.39125243064578,-1.7649138732570926
197.24766253812078,-77.24766253812078,-2.2207638041629933
155.72019337876873,24.279806621231273,0.6980109681622871
171.36272373066154,-25.362723730661543,-0.7291433421463527
197.24766253812078,37.75233746187922,1.0853276565684349
197.24766253812078,-31.247662538120778,-0.8983272198704221
171.36272373066154,4.637276269338457,0.13331529978358508
197.24766253812078,-1.2476625381207782,-0.03586857794048426
171.36272373066154,2.6372762693384573,0.07581805698825589
190.39125243064578,28.60874756935422,0.822462052532721
190.39125243064578,-24.39125243064578,-0.7012148815435024
190.39125243064578,-24.39125243064578,-0.7012148815435024
171.36272373066154,2.6372762693384573,0.07581805698825589
129.21863351846713,44.78136648153287,1.287402550647655
199.50024933760582,94.49975066239418,2.7167375539668734
129.21863351846713,14.78136648153287,0.42494390871771737
219.8278010569597,59.172198943040314,1.701119144680754
210.71880414999964,-33.71880414999964,-0.9693691344903422
191.6902754500154,9.309724549984594,0.26764174640404975
217.57521425747464,-27.57521425747464,-0.792749394647622
176.0477450981226,11.95225490187741,0.3436108510224537
176.0477450981226,40.95225490187741,1.1773208715547268
191.6902754500154,-18.690275450015406,-0.5373196527305588
176.0477450981226,22.95225490187741,0.6598456863967642
176.0477450981226,27.95225490187741,0.8035887933850873
217.57521425747464,69.42478574252536,1.9958668809258435
191.6902754500154,-1.690275450015406,-0.048593088970260795
165.1887155897138,-64.18871558971381,-1.845337082491054
149.546185237821,14.453814762179007,0.41552724834985905
191.6902754500154,2.309724549984594,0.06640139662039758
191.6902754500154,-24.690275450015406,-0.7098113811165464
176.0477450981226,-22.04774509812259,-0.6338422764981425
167.44130238919885,-0.441302389198853,-0.012686835308963394
195.07627379810683,-29.076273798106826,-0.8359027870766089
149.546185237821,-23.546185237820993,-0.6769203647613955
191.6902754500154,34.309724549984594,0.9863572813456645
149.546185237821,-7.546185237820993,-0.21694242239876202
138.14179362722928,-5.141793627229276,-0.14781947829413977
138.14179362722928,-26.141793627229276,-0.7515405276450962
138.14179362722928,2.8582063727707236,0.082169492887177
122.49926327533646,16.50073672466354,0.4743734328798915
138.14179362722928,-40.141793627229276,-1.1540212272124006
140.3943804267143,43.60561957328571,1.2536014479229827
138.14179362722928,-0.14179362722927635,-0.004076371305816789
226.10975073132886,-5.109750731328859,-0.14689828921141387
200.22481192386962,1.7751880761303767,0.05103420991032005
226.10975073132886,-42.10975073132886,-1.2105972809250038
173.72325206356803,66.27674793643197,1.90536513389293
226.10975073132886,23.89024926867114,0.6868117313208594
226.10975073132886,10.890249268671141,0.31307965315121966
219.25334062385386,78.74665937614614,2.2638578967356793
226.10975073132886,13.890249268671141,0.3993255173442134
228.3623375308139,-64.3623375308139,-1.8503284739420682
219.25334062385386,-13.253340623853859,-0.38101527184946316
200.22481192386962,5.775188076130377,0.16602869550097843
173.72325206356803,-65.72325206356803,-1.8894528905987962
226.10975073132886,42.89024926867114,1.2330355378764866
226.10975073132886,-11.109750731328859,-0.31939001759740143
219.25334062385386,-27.25334062385386,-0.7834959714167675
226.10975073132886,51.89024926867114,1.4917731304554678
173.72325206356803,-18.723252063568026,-0.5382676849085603
200.22481192386962,-0.22481192386962334,-0.006463032885009135
226.10975073132886,53.89024926867114,1.549270373250797
219.25334062385386,-26.25334062385386,-0.7547473500191029
219.25334062385386,154.74665937614614,4.4487531229581885
200.22481192386962,-17.224811923869623,-0.4951895966453072
226.10975073132886,-26.10975073132886,-0.7506193385623703
200.22481192386962,35.77518807613038,1.0284873374309162
200.22481192386962,-36.22481192386962,-1.0414134032009346
200.22481192386962,25.775188076130377,0.7410011234542703
226.10975073132886,-29.10975073132886,-0.8368652027553641
173.72325206356803,-30.723252063568026,-0.8832511416805353
202.47739872335467,45.52260127664533,1.3087120291391188
200.22481192386962,-77.22481192386962,-2.220106880505183
173.72325206356803,20.276747936431974,0.5829285496003589
200.22481192386962,11.775188076130377,0.338520423886966
200.22481192386962,33.77518807613038,0.9709900946355869
173.72325206356803,-35.723252063568026,-1.0269942486688584
226.10975073132886,8.890249268671141,0.25558241035589047
200.22481192386962,29.775188076130377,0.8559956090449287
184.5822815719768,-43.58228157197681,-1.2529305125591765
219.25334062385386,26.74665937614614,0.7689295840571205
226.10975073132886,24.89024926867114,0.7155603527185239
219.25334062385386,-3.253340623853859,-0.09352905787281726
173.72325206356803,-29.723252063568026,-0.8545025202828708
200.22481192386962,-41.22481192386962,-1.1851565101892576
226.10975073132886,-45.10975073132886,-1.2968431451179976
226.10975073132886,10.890249268671141,0.31307965315121966
226.10975073132886,28.89024926867114,0.8305548383091823
228.3623375308139,-11.362337530813903,-0.3266515398658448
228.3623375308139,27.637662469186097,0.7945446946430744
173.72325206356803,-17.723252063568026,-0.5095190635108956
200.22481192386962,-1.2248119238696233,-0.035211654282673734
219.25334062385386,8.746659376146141,0.2514543988991579
219.25334062385386,41.74665937614614,1.2001589050220893
173.72325206356803,-37.723252063568026,-1.0844914914641877
219.25334062385386,12.746659376146141,0.3664488844898163
200.22481192386962,59.77518807613038,1.7184542509748664
200.22481192386962,21.775188076130377,0.626006637863612
226.10975073132886,-46.10975073132886,-1.3255917665156622
200.22481192386962,3.7751880761303767,0.10853145270564923
219.25334062385386,92.74665937614614,2.6663385963029835
173.72325206356803,-59.723252063568026,-1.7169611622128087
226.10975073132886,0.8902492686711412,0.025593439174573688
200.22481192386962,-29.224811923869623,-0.8401730534172823
219.25334062385386,23.74665937614614,0.6826837198641268
200.22481192386962,-48.22481192386962,-1.3863968599729097
200.22481192386962,19.775188076130377,0.5685093950682828
200.22481192386962,-21.224811923869623,-0.6101840822359655
200.22481192386962,44.77518807613038,1.2872249300098975
219.25334062385386,-56.25334062385386,-1.6172059919490407
219.25334062385386,35.74665937614614,1.0276671766361019
200.22481192386962,16.775188076130377,0.48226353087528895
226.10975073132886,-20.10975073132886,-0.5781276101763827
226.10975073132886,28.89024926867114,0.8305548383091823
226.10975073132886,-56.10975073132886,-1.613077980492308
200.22481192386962,-63.22481192386962,-1.8176261809378786
226.10975073132886,-5.109750731328859,-0.14689828921141387
226.10975073132886,0.8902492686711412,0.025593439174573688
228.3623375308139,-60.3623375308139,-1.7353339883514098
200.22481192386962,16.775188076130377,0.48226353087528895
226.10975073132886,-20.10975073132886,-0.5781276101763827
200.22481192386962,-18.224811923869623,-0.5239382180429718
200.22481192386962,13.775188076130377,0.3960176666822952
200.22481192386962,145.77518807613038,4.190835691174021
226.10975073132886,-6.109750731328859,-0.17564691060907847
219.25334062385386,83.74665937614614,2.407601003724002
200.22481192386962,29.775188076130377,0.8559956090449287
219.25334062385386,74.74665937614614,2.148863411145021
173.72325206356803,-15.723252063568026,-0.45202182071556646
226.10975073132886,19.89024926867114,0.571817245730201
226.10975073132886,1.8902492686711412,0.054342060572238275
226.10975073132886,15.890249268671141,0.4568227601395426
200.22481192386962,22.775188076130377,0.6547552592612765
173.72325206356803,38.276747936431974,1.1004037347583215
200.22481192386962,-40.22481192386962,-1.156407888791593
226.10975073132886,-84.10975073132886,-2.418039379626917
228.3623375308139,55.6376624691861,1.5995060937776828
173.72325206356803,58.276747936431974,1.6753761627116133
219.25334062385386,10.746659376146141,0.3089516416944871
200.22481192386962,35.77518807613038,1.0284873374309162
200.22481192386962,1.7751880761303767,0.05103420991032005
219.25334062385386,-27.25334062385386,-0.7834959714167675
173.72325206356803,-5.723252063568026,-0.16453560673892054
219.25334062385386,-14.253340623853859,-0.40976389324712775
200.22481192386962,-28.224811923869623,-0.8114244320196178
200.22481192386962,-28.224811923869623,-0.8114244320196178
200.22481192386962,8.775188076130377,0.2522745596939722
226.10975073132886,82.89024926867114,2.3829803937830705
226.10975073132886,13.890249268671141,0.3993255173442134
226.10975073132886,9.890249268671141,0.28433103175355506
226.10975073132886,-52.10975073132886,-1.49808349490165
200.22481192386962,55.77518807613038,1.603459765384208
200.22481192386962,40.77518807613038,1.172230444419239
200.22481192386962,8.775188076130377,0.2522745596939722
221.5059274233389,-55.5059274233389,-1.5957188928198196
200.22481192386962,-20.224811923869623,-0.581435460838301
228.3623375308139,-3.362337530813903,-0.09666256868452805
226.10975073132886,7.890249268671141,0.22683378895822584
219.25334062385386,9.746659376146141,0.2802030202968225
228.3623375308139,-25.362337530813903,-0.7291322394331491
226.10975073132886,85.89024926867114,2.469226257976064
200.22481192386962,1.7751880761303767,0.05103420991032005
146.6763301010835,-37.676330101083494,-1.0831425497294844
146.6763301010835,-64.6763301010835,-1.8593553274664283
146.6763301010835,-58.676330101083494,-1.6868635990804408
146.6763301010835,-54.676330101083494,-1.5718691134897824
146.6763301010835,-36.676330101083494,-1.0543939283318198
146.6763301010835,-40.676330101083494,-1.1693884139224782
146.6763301010835,-36.676330101083494,-1.0543939283318198
146.6763301010835,-72.6763301010835,-2.0893442986477453
146.6763301010835,-5.676330101083494,-0.1631866650042173
146.6763301010835,-19.676330101083494,-0.5656673645715216
146.6763301010835,-37.676330101083494,-1.0831425497294844
146.6763301010835,22.323669898916506,0.6417747341303913
146.6763301010835,-34.676330101083494,-0.9968966855364906
148.92891690056854,-5.928916900568538,-0.17044818727266065
209.9152629018917,-22.915262901891708,-0.6587822173944343
207.66267610240666,-34.662676102406664,-0.9965041518979662
184.03032409443247,6.969675905567527,0.20036857387358523
200.80626599493166,37.193734005068336,1.069268577277152
200.80626599493166,-1.806265994931664,-0.0519276572317671
207.66267610240666,-15.662676102406664,-0.4502803453423388
166.1352069430546,-25.135206943054612,-0.7226025481578282
207.66267610240666,-10.662676102406664,-0.30653723835401586
200.80626599493166,15.193734005068336,0.43679890652853104
166.1352069430546,7.864793056945388,0.22610195796510335
184.03032409443247,-13.030324094432473,-0.37460385407970664
181.77773729494743,-1.7777372949474284,-0.051107496436952754
209.9152629018917,-58.91526290189171,-1.6937325877103597
181.77773729494743,-16.77773729494743,-0.48233681740192164
184.03032409443247,-52.03032409443247,-1.4958000885886258
200.80626599493166,-0.806265994931664,-0.023179035834102503
207.66267610240666,11.337323897593336,0.32593243239460523
192.02014575051385,103.97985424948615,2.9892774628028227
207.66267610240666,-12.662676102406664,-0.364034481149345
200.80626599493166,-14.806265994931664,-0.4256597354014068
207.66267610240666,72.33732389759334,2.079598337652145
181.77773729494743,7.222262705052572,0.2076300961420286
203.0588527944167,-4.058852794416708,-0.11668642229553965
207.66267610240666,-20.662676102406664,-0.5940234523306618
200.80626599493166,47.193734005068336,1.3567547912537978
184.03032409443247,18.969675905567527,0.5453520306455604
207.66267610240666,-50.662676102406664,-1.4564820942605996
181.77773729494743,-3.7777372949474284,-0.10860473923228194
209.9152629018917,76.08473709810829,2.1873313009743605
184.03032409443247,-16.030324094432473,-0.4608497182727004
181.77773729494743,2.2222627050525716,0.06388698915370562
207.66267610240666,-3.662676102406664,-0.1052968885703637
207.66267610240666,10.337323897593336,0.29718381099694063
200.80626599493166,15.193734005068336,0.43679890652853104
185.16373564303885,-19.163735643038848,-0.550930980566655
157.52876423413088,-41.528764234130875,-1.1938947200799037
181.77773729494743,-3.7777372949474284,-0.10860473923228194
181.77773729494743,-33.77773729494743,-0.9710633811622198
209.9152629018917,-23.915262901891708,-0.6875308387920989
207.66267610240666,14.337323897593336,0.41217829658759897
181.77773729494743,-13.777737294947428,-0.39609095320892784
181.77773729494743,-10.777737294947428,-0.30984508901593405
209.9152629018917,-39.91526290189171,-1.1475087811547324
181.77773729494743,-42.77773729494743,-1.2298009737412012
184.03032409443247,44.96967590556753,1.2928161869848398
203.0588527944167,-62.05885279441671,-1.784106463360086
209.9152629018917,-11.915262901891708,-0.3425473820201238
209.9152629018917,-11.915262901891708,-0.3425473820201238
207.66267610240666,-6.662676102406664,-0.1915427527633575
166.1352069430546,7.864793056945388,0.22610195796510335
181.77773729494743,-42.77773729494743,-1.2298009737412012
184.03032409443247,-10.030324094432473,-0.28835798988671285
181.77773729494743,34.22226270505257,0.9838428738789725
181.77773729494743,14.222262705052572,0.4088704459256808
184.03032409443247,9.969675905567527,0.28661443806657905
166.1352069430546,13.864793056945388,0.39859368635109094
209.9152629018917,-87.91526290189171,-2.527442608242633
209.9152629018917,13.084737098108292,0.37616815292149103
185.16373564303885,-18.163735643038848,-0.5221823591689904
209.9152629018917,-5.915262901891708,-0.17005565363413627
185.16373564303885,50.83626435696115,1.4614725172698664
200.80626599493166,22.193734005068336,0.6380392563121832
203.0588527944167,-24.05885279441671,-0.6916588502488314
209.9152629018917,-14.915262901891708,-0.4287932462131176
181.77773729494743,20.22226270505257,0.5813621743116684
209.9152629018917,34.08473709810829,0.9798892022724474
181.77773729494743,-4.777737294947428,-0.13735336062994652
139.63364708275301,36.366352917246985,1.045482511631788
209.9152629018917,-65.91526290189171,-1.8949729374940119
181.77773729494743,58.22226270505257,1.6738097874229227
207.66267610240666,-12.662676102406664,-0.364034481149345
200.80626599493166,25.193734005068336,0.7242851205051769
184.03032409443247,7.969675905567527,0.22911719527124982
200.80626599493166,7.193734005068336,0.20680993534721423
181.77773729494743,-3.7777372949474284,-0.10860473923228194
155.27617743464583,37.72382256535417,1.0845078926040426
128.2292554721613,33.7707445278387,0.9708623487480873
128.2292554721613,-46.2292554721613,-1.3290273630650802
128.2292554721613,62.7707445278387,1.8045723692803606
128.2292554721613,-24.2292554721613,-0.6965576923164589
130.48184227164634,28.518157728353657,0.8198577194913211
128.2292554721613,-14.229255472161299,-0.40907147833981305
128.2292554721613,-16.2292554721613,-0.4665687211351422
154.7308153324629,58.269184667537104,1.675158729157626
128.2292554721613,52.7707445278387,1.5170861553037147
154.7308153324629,-30.730815332462896,-0.8834685752345227
128.2292554721613,-6.229255472161299,-0.1790825071584963
128.2292554721613,28.7707445278387,0.8271192417597645
128.2292554721613,-7.229255472161299,-0.2078311285561609
134.45270122143796,29.547298778562038,0.8494441059085568
160.95426108173956,93.04573891826044,2.6749367208270143
186.8391998891988,2.1608001108012047,0.062120024301454795
160.95426108173956,14.04573891826044,0.40379563041151173
163.2068478812246,3.793152118775396,0.1090478941664224
160.95426108173956,-56.95426108173956,-1.6373564888226746
107.40577925895343,-23.40577925895343,-0.6728838864329634
107.40577925895343,-28.40577925895343,-0.8166269934212864
107.40577925895343,15.59422074104657,0.4483123480759557
107.40577925895343,3.59422074104657,0.10332889130398057
107.40577925895343,-2.40577925895343,-0.06916283708200699
107.40577925895343,-5.40577925895343,-0.15540870127500078
107.40577925895343,13.59422074104657,0.3908151052806265
107.40577925895343,-2.40577925895343,-0.06916283708200699
107.40577925895343,-16.40577925895343,-0.47164353664931125
107.40577925895343,-7.40577925895343,-0.21290594407032995
107.40577925895343,11.59422074104657,0.3333178624852973
107.40577925895343,3.59422074104657,0.10332889130398057
107.40577925895343,-21.40577925895343,-0.6153866436376343
107.40577925895343,12.59422074104657,0.3620664838829619
107.40577925895343,3.59422074104657,0.10332889130398057
107.40577925895343,0.5942207410465699,0.017083027110986793
107.40577925895343,-3.40577925895343,-0.09791145847967159
107.40577925895343,-6.40577925895343,-0.18415732267266535
107.40577925895343,-30.40577925895343,-0.8741242362166156
107.40577925895343,4.59422074104657,0.13207751270164517
109.65836605843846,-13.65836605843846,-0.39265919472476046
107.40577925895343,-22.40577925895343,-0.6441352650352988
107.40577925895343,-10.40577925895343,-0.2991518082633237
107.40577925895343,-13.40577925895343,-0.3853976724563175
107.40577925895343,-26.40577925895343,-0.7591297506259572
107.40577925895343,6.59422074104657,0.18957475549697436
107.40577925895343,-31.40577925895343,-0.9028728576142802
107.40577925895343,1.5942207410465699,0.04583164850865138
107.40577925895343,-35.40577925895343,-1.0178673432049385
107.40577925895343,8.59422074104657,0.24707199829230356
107.40577925895343,-41.40577925895343,-1.1903590715909262
107.40577925895343,-3.40577925895343,-0.09791145847967159
107.40577925895343,30.59422074104657,0.8795416690409246
107.40577925895343,49.59422074104657,1.4257654755965519
107.40577925895343,2.59422074104657,0.07458026990631597
107.40577925895343,77.59422074104657,2.2307268747311606
109.65836605843846,-17.65836605843846,-0.5076536803154188
168.57514506512828,-12.575145065128282,-0.361518084498084
187.60367376511252,88.39632623488748,2.5412725158712255
194.46008387258752,27.539916127412482,0.791734622070418
168.57514506512828,49.42485493487172,1.4208964421571206
168.57514506512828,-15.575145065128282,-0.4477639486910778
168.57514506512828,33.42485493487172,0.9609184997944872
187.60367376511252,2.396326234887482,0.06889107567207056
194.46008387258752,-19.460083872587518,-0.5594505836198179
142.07358520482668,8.926414795173315,0.25662211938494867
168.57514506512828,35.42485493487172,1.0184157425898164
187.60367376511252,-49.60367376511252,-1.4260372370064884
194.46008387258752,-36.46008387258752,-1.048177147380116
194.46008387258752,-0.4600838725875178,-0.013226777064190644
187.60367376511252,-13.603673765112518,-0.3910868666905629
142.07358520482668,-28.073585204826685,-0.8070768723286413
194.46008387258752,-25.460083872587518,-0.7319423120058055
168.57514506512828,-7.575145065128282,-0.21777497750976102
142.07358520482668,6.926414795173315,0.19912487658961944
194.46008387258752,-49.46008387258752,-1.4219092255497559
170.82773186461333,-0.8277318646133267,-0.023796149994552235
194.46008387258752,8.539916127412482,0.24551081551479073
168.57514506512828,31.424854934871718,0.9034212569991581
168.57514506512828,-36.57514506512828,-1.0514849980420342
170.82773186461333,12.172268135386673,0.3499359281750875
194.46008387258752,-33.46008387258752,-0.9619312831871223
168.57514506512828,-21.575145065128282,-0.6202556770770653
152.93261471323547,54.067385286764534,1.5543627895708538
187.60367376511252,-23.603673765112518,-0.6785730806672089
194.46008387258752,-42.46008387258752,-1.2206688757661037
194.46008387258752,4.539916127412482,0.1305163299241323
168.57514506512828,-41.57514506512828,-1.1952281050303573
194.46008387258752,-28.460083872587518,-0.8181881761987992
194.46008387258752,-15.460083872587518,-0.44445609802915953
187.60367376511252,77.39632623488748,2.225037680496915
187.60367376511252,-36.60367376511252,-1.0523051588368486
152.93261471323547,38.067385286764534,1.0943848472082203
168.57514506512828,-8.575145065128282,-0.2465235989074256
194.46008387258752,46.53991612741248,1.337958428626045
168.57514506512828,54.42485493487172,1.5646395491454437
194.46008387258752,-50.46008387258752,-1.4506578469474203
187.60367376511252,16.396326234887482,0.4713717752393749
196.71267067207256,115.28732932792744,3.3143517827964586
187.60367376511252,-48.60367376511252,-1.3972886156088238
168.57514506512828,-18.575145065128282,-0.5340098128840716
142.07358520482668,-15.073585204826685,-0.43334479415900157
168.57514506512828,11.424854934871718,0.32844882904586625
144.32617200431173,12.67382799568827,0.36435508270716366
168.57514506512828,-30.575145065128282,-0.8789932696560466
187.60367376511252,-22.603673765112518,-0.6498244592695442
142.07358520482668,6.926414795173315,0.19912487658961944
194.46008387258752,-42.46008387258752,-1.2206688757661037
194.46008387258752,-67.46008387258752,-1.9393844107077185
168.57514506512828,53.42485493487172,1.535890927747779
168.57514506512828,22.424854934871718,0.6446836644201768
168.57514506512828,-1.5751450651282823,-0.04528324912377347
168.57514506512828,-50.57514506512828,-1.4539656976093387
187.60367376511252,-30.603673765112518,-0.879813430450861
194.46008387258752,50.53991612741248,1.4529529142167035
187.60367376511252,5.396326234887482,0.15513693986506433
194.46008387258752,-46.46008387258752,-1.3356633613567621
142.07358520482668,39.926414795173315,1.147829382712551
168.57514506512828,-8.575145065128282,-0.2465235989074256
194.46008387258752,-20.460083872587518,-0.5881992050174825
168.57514506512828,30.424854934871718,0.8746726356014936
187.60367376511252,8.396326234887482,0.24138280405805815
187.60367376511252,1.396326234887482,0.040142454274405964
194.46008387258752,-31.460083872587518,-0.904434040391793
170.82773186461333,25.172268135386673,0.7236680063447272
187.60367376511252,-34.60367376511252,-0.9948079160415195
168.57514506512828,-10.575145065128282,-0.3040208417027548
187.60367376511252,-36.60367376511252,-1.0523051588368486
194.46008387258752,0.5399161274124822,0.015521844333473951
168.57514506512828,54.42485493487172,1.5646395491454437
142.07358520482668,-15.073585204826685,-0.43334479415900157
142.07358520482668,27.926414795173315,0.8028459259405759
168.57514506512828,9.424854934871718,0.27095158625053706
168.57514506512828,-11.575145065128282,-0.3327694631004194
168.57514506512828,36.42485493487172,1.047164363987481
187.60367376511252,2.396326234887482,0.06889107567207056
194.46008387258752,-58.46008387258752,-1.680646818128737
187.60367376511252,-45.60367376511252,-1.31104275141583
187.60367376511252,-72.60367376511252,-2.087255529152774
168.57514506512828,-40.57514506512828,-1.1664794836326926
126.43105485293387,-4.431054852933869,-0.1273867183592809
187.60367376511252,84.39632623488748,2.4262780302805673
168.57514506512828,57.42485493487172,1.6508854133384374
168.57514506512828,49.42485493487172,1.4208964421571206
168.57514506512828,-61.57514506512828,-1.7702005329836492
187.60367376511252,59.39632623488748,1.7075624953389523
194.46008387258752,-64.46008387258752,-1.8531385465147248
142.07358520482668,8.926414795173315,0.25662211938494867
187.60367376511252,66.39632623488748,1.9088028451226045
168.57514506512828,-30.575145065128282,-0.8789932696560466
126.43105485293387,9.568945147066131,0.2750939812080234
168.57514506512828,-38.57514506512828,-1.1089822408373635
142.07358520482668,-11.073585204826685,-0.31835030856834323
115.02666324234215,12.973336757657847,0.3729655467103103
115.02666324234215,-6.026663242342153,-0.17325825984531704
115.02666324234215,-15.026663242342153,-0.43199585242429833
115.02666324234215,73.97333675765785,2.1266314519678504
115.02666324234215,16.973336757657847,0.4879600323009686
115.02666324234215,-10.026663242342153,-0.2882527454359754
115.02666324234215,-21.026663242342153,-0.6044875808102859
115.02666324234215,-3.0266632423421527,-0.08701239565232324
115.02666324234215,32.97333675765785,0.9479379746636021
115.02666324234215,-5.026663242342153,-0.14450963844765244
115.02666324234215,-0.02666324234215267,-7.665314593294652e-4
115.02666324234215,26.973336757657847,0.7754462462776146
115.02666324234215,10.973336757657847,0.3154683039149811
115.02666324234215,-0.02666324234215267,-7.665314593294652e-4
115.02666324234215,-24.026663242342153,-0.6907334450032797
117.27925004182718,14.720749958172817,0.42320126723719653
117.27925004182718,10.720749958172817,0.30820678164653814
117.27925004182718,1.7207499581728172,0.04946918906755676
115.02666324234215,-25.026663242342153,-0.7194820664009443
115.02666324234215,14.973336757657847,0.43046278950563943
154.20075967408485,77.79924032591515,2.2366209051556534
108.67067111379902,1.329328886200983,0.038216372862370486
124.31320146569183,-36.31320146569183,-1.0439544806742944
124.31320146569183,17.686798534308167,0.5084710747995939
178.9522869329377,-39.95228693293771,-1.1485731710058893
176.69970013345267,-24.699700133452666,-0.710082327772477
135.17223097410061,8.827769025899386,0.2537861895116111
108.67067111379902,-19.670671113799017,-0.5655046764885859
150.81476132599343,-13.81476132599343,-0.39715534306008476
124.31320146569183,-37.31320146569183,-1.0727031020719588
150.81476132599343,-11.81476132599343,-0.33965810026475557
124.31320146569183,-10.313201465691833,-0.29649032433501477
150.81476132599343,-2.8147613259934303,-0.08092050768577423
150.81476132599343,47.18523867400657,1.3565105621974554
108.67067111379902,23.329328886200983,0.6706860436109916
176.69970013345267,-33.699700133452666,-0.9688199203514585
153.06734812547847,-6.067348125478475,-0.17442789414721138
176.69970013345267,-42.699700133452666,-1.22755751293044
135.17223097410061,4.827769025899386,0.1387917039209527
150.81476132599343,-10.81476132599343,-0.31090947886709097
153.06734812547847,0.9326518745215253,0.026812455636440777
126.56578826517688,-13.565788265176877,-0.38999771079645196
172.0958768254627,-52.09587682546271,-1.497684639234597
149.62667976466412,-9.626679764664118,-0.27675377187088834
172.0958768254627,-71.09587682546271,-2.0439084457902243
126.56578826517688,24.434211734823123,0.7024499023148026
126.56578826517688,-2.5657882651768773,-0.07376287542214142
176.69970013345267,57.300299866547334,1.6473046268360194
176.69970013345267,26.300299866547334,0.7560973635084173
150.81476132599343,6.18523867400657,0.1778170848932071
135.17223097410061,3.8277690258993857,0.1100430825232881
108.67067111379902,-14.670671113799017,-0.421761569500263
124.31320146569183,27.686798534308167,0.7959572887762397
176.69970013345267,-81.69970013345267,-2.348753747439359
126.56578826517688,5.434211734823123,0.15622609575917532
124.31320146569183,-7.313201465691833,-0.21024446014202103
169.84329002597767,-43.843290025977666,-1.260434145784837
126.56578826517688,-57.56578826517688,-1.6549370522936941
126.56578826517688,-15.565788265176877,-0.4474949535917811
124.31320146569183,-33.31320146569183,-0.9577086164813006
108.67067111379902,-17.670671113799017,-0.5080074336932567
135.17223097410061,54.827769025899386,1.5762227738041823
123.12511990436252,-39.12511990436252,-1.12479325926875
123.12511990436252,-13.12511990436252,-0.37732910292947053
123.12511990436252,68.87488009563748,1.980057851679026
150.81476132599343,-9.81476132599343,-0.2821608574694264
123.12511990436252,29.87488009563748,0.858861617170107
108.67067111379902,99.32932888620098,2.8555812698335004
169.84329002597767,8.156709974022334,0.23449416689372196
123.12511990436252,-60.12511990436252,-1.7285143086197066
123.12511990436252,8.87488009563748,0.2551405678191505
108.67067111379902,57.32932888620098,1.6481391711315876
123.12511990436252,17.87488009563748,0.5138781603981318
150.81476132599343,-25.81476132599343,-0.7421387998320599
124.31320146569183,-20.313201465691833,-0.5839765383116607
126.56578826517688,-18.565788265176877,-0.5337408177847749
99.51886630269233,24.48113369730767,0.7037988440495062
99.51886630269233,5.481133697307669,0.15757503749387897
81.62374915131448,12.376250848685515,0.35580014997138426
97.2662795032073,41.7337204967927,1.199786930078247
97.2662795032073,-30.2662795032073,-0.8701138105536034
97.2662795032073,-6.266279503207301,-0.1801468970096532
97.2662795032073,-8.2662795032073,-0.23764413980498236
97.2662795032073,-28.2662795032073,-0.8126165677582742
97.2662795032073,-15.2662795032073,-0.4388844895886345
97.2662795032073,38.7337204967927,1.1135410658852534
97.2662795032073,-22.2662795032073,-0.6401248393722867
81.62374915131448,17.376250848685515,0.49954325695970725
97.2662795032073,-29.2662795032073,-0.8413651891559388
97.2662795032073,4.733720496792699,0.13608793836465732
99.51886630269233,-3.518866302692331,-0.10116255508510237
99.51886630269233,-11.51886630269233,-0.3311515262664191
99.51886630269233,21.48113369730767,0.6175529798565125
99.51886630269233,22.48113369730767,0.6463016012541771
97.2662795032073,-21.2662795032073,-0.611376217974622
99.51886630269233,40.48113369730767,1.1637767864121396
99.51886630269233,2.481133697307669,0.07132917330088519
99.51886630269233,-25.51886630269233,-0.7336322258337235
96.07819794187799,-4.078197941877988,-0.11724256861578598
99.51886630269233,-26.51886630269233,-0.762380847231388
97.2662795032073,25.7337204967927,0.7398089877156138
99.51886630269233,26.48113369730767,0.7612960868448354
99.51886630269233,21.48113369730767,0.6175529798565125
97.2662795032073,12.7337204967927,0.3660769095459741
99.51886630269233,40.48113369730767,1.1637767864121396
99.51886630269233,41.48113369730767,1.1925254078098042
151.16994645689746,-27.169946456897463,-0.7810985040841645
196.7000350171833,7.299964982816704,0.20986392950720578
203.5564451246583,29.443554875341704,0.8464616117125594
153.4225332563825,-27.422533256382508,-0.7883600263526078
203.5564451246583,-37.556445124658296,-1.0796960219309684
196.7000350171833,37.299964982816704,1.0723225714371436
177.67150631719906,44.32849368280094,1.2743830820156101
177.67150631719906,8.32849368280094,0.23943271169968475
196.7000350171833,39.299964982816704,1.1298198142324727
203.5564451246583,-35.556445124658296,-1.0221987791356393
196.7000350171833,3.2999649828167037,0.09486944391654742
177.67150631719906,4.328493682800939,0.12443822610902636
196.7000350171833,-42.700035017183296,-1.227567140376024
198.95262181666834,-14.95262181666834,-0.4298672635098586
177.67150631719906,-37.67150631719906,-1.0830038725928866
177.67150631719906,14.32849368280094,0.4119244400856723
177.67150631719906,67.32849368280094,1.9356013741618956
203.5564451246583,-29.556445124658296,-0.8497070507496516
177.67150631719906,16.32849368280094,0.4694216828810015
203.5564451246583,39.443554875341704,1.1339478256892053
151.16994645689746,-31.169946456897463,-0.8960929896748228
177.67150631719906,-67.67150631719906,-1.9454625145228244
196.7000350171833,9.299964982816704,0.26736117230253503
203.5564451246583,11.443554875341704,0.32898642655459676
177.67150631719906,-6.671506317199061,-0.19179660926528416
177.67150631719906,47.32849368280094,1.3606289462086039
196.7000350171833,-21.700035017183296,-0.6238460910250674
179.9240931166841,-19.924093116684105,-0.5727902097033672
203.5564451246583,46.443554875341704,1.3351881754728574
124.12302449441292,-3.123024494412917,-0.08978264880551057
124.12302449441292,21.876975505587083,0.6289328861361043
124.12302449441292,19.876975505587083,0.5714356433407751
126.37561129389795,-27.375611293897947,-0.7870110846179037
126.37561129389795,-24.375611293897947,-0.70076522042491
126.37561129389795,-18.375611293897947,-0.5282734920389224
126.37561129389795,-33.37561129389795,-0.9595028130038914
126.37561129389795,-9.375611293897947,-0.26953589945994105
126.37561129389795,5.624388706102053,0.16169342150502783
126.37561129389795,-21.375611293897947,-0.6145193562319162
124.12302449441292,-1.1230244944129169,-0.032285406010181386
124.12302449441292,65.87697550558708,1.8938722276333464
124.12302449441292,-30.123024494412917,-0.8659954265424545
124.12302449441292,-3.123024494412917,-0.08978264880551057
124.12302449441292,-21.123024494412917,-0.6072578339634732
124.12302449441292,19.876975505587083,0.5714356433407751
108.4804941425201,23.5195058574799,0.6761533693568437
124.12302449441292,-19.123024494412917,-0.549760591168144
126.37561129389795,-19.375611293897947,-0.557022113436587
150.62458435471453,40.37541564528547,1.160737538159655
124.12302449441292,6.876975505587083,0.19770356517113535
150.62458435471453,4.3754156452854716,0.1257871678437296
208.56384961106178,-4.563849611061784,-0.13120438458429476
189.53532091107755,19.464679088922452,0.5595826897544699
189.53532091107755,-26.535320911077548,-0.7628538945381015
189.53532091107755,60.46467908892245,1.7382761670587181
215.42025971853678,-53.420259718536784,-1.5357588216131273
208.56384961106178,3.4361503889382163,0.09878458659702198
189.53532091107755,26.464679088922452,0.760823039538122
189.53532091107755,66.46467908892245,1.9107678954447056
189.53532091107755,-17.535320911077548,-0.5041163019591202
208.56384961106178,11.436150388938216,0.3287735577783388
215.42025971853678,12.579740281463216,0.3616501906327359
208.56384961106178,13.436150388938216,0.3862708005736679
189.53532091107755,-15.535320911077548,-0.4466190591637909
189.53532091107755,11.464679088922452,0.3295937185731531
173.89279055918473,13.107209440815268,0.37681420179389247
189.53532091107755,-4.535320911077548,-0.13038422378948042
208.56384961106178,-76.56384961106178,-2.2011051252161455
163.03376105077595,53.96623894922405,1.551454971807142
208.56384961106178,-19.563849611061784,-0.5624337055492636
189.53532091107755,68.46467908892245,1.968265138240035
215.42025971853678,22.579740281463216,0.6491364046093818
208.56384961106178,-62.563849611061784,-1.7986244256488413
215.42025971853678,39.579740281463216,1.13786296836968
189.53532091107755,-8.535320911077548,-0.24537870938013875
215.42025971853678,-88.42025971853678,-2.541960570531388
208.56384961106178,65.43615038893822,1.8811991132522268
163.03376105077595,-21.03376105077595,-0.6046916330177023
189.53532091107755,28.464679088922452,0.8183202823334512
189.53532091107755,14.464679088922452,0.4158395827661469
163.03376105077595,-18.03376105077595,-0.5184457688247085
215.42025971853678,-24.420259718536784,-0.702048801080854
189.53532091107755,-43.53532091107755,-1.2515804582983996
208.56384961106178,-11.563849611061784,-0.3324447343679469
215.42025971853678,-2.4202597185367836,-0.06957913033223301
163.03376105077595,-3.0337610507759507,-0.08721644785973966
189.53532091107755,-35.53532091107755,-1.0215914871170828
208.56384961106178,-5.563849611061784,-0.15995300598195936
189.53532091107755,-23.535320911077548,-0.6766080303451076
208.56384961106178,-44.563849611061784,-1.2811492404908786
189.53532091107755,13.464679088922452,0.3870909613684823
189.53532091107755,-50.53532091107755,-1.4528208080820517
163.03376105077595,-5.033761050775951,-0.14471369065506884
208.56384961106178,7.436150388938216,0.21377907218768036
189.53532091107755,7.464679088922452,0.2145992329824947
215.42025971853678,-9.420259718536784,-0.27081948011588514
189.53532091107755,80.46467908892245,2.31324859501201
189.53532091107755,36.46467908892245,1.0483092535147678
215.42025971853678,-17.420259718536784,-0.5008084512972019
173.89279055918473,-0.892790559184732,-0.025666497773411862
215.42025971853678,64.57974028146322,1.8565785033112947
163.03376105077595,-30.03376105077595,-0.8634292255966837
189.53532091107755,9.464679088922452,0.2720964757778239
189.53532091107755,10.464679088922452,0.3008450971754885
215.42025971853678,74.57974028146322,2.144064717287941
163.03376105077595,-0.03376105077595071,-9.705836667458756e-4
163.03376105077595,-23.03376105077595,-0.6621888758130315
189.53532091107755,10.464679088922452,0.3008450971754885
189.53532091107755,24.464679088922452,0.7033257967427928
189.53532091107755,-11.535320911077548,-0.3316245735731325
215.42025971853678,-33.420259718536784,-0.9607863936598354
173.89279055918473,34.10720944081527,0.9805352511448489
189.53532091107755,-49.53532091107755,-1.4240721866843873
208.56384961106178,-1.5638496110617837,-0.044958520391300986
215.42025971853678,53.579740281463216,1.5403436679369842
189.53532091107755,-9.535320911077548,-0.2741273307778034
163.03376105077595,46.96623894922405,1.3502146220234899
189.53532091107755,-5.535320911077548,-0.15913284518714502
163.03376105077595,-43.03376105077595,-1.2371613037663234
208.56384961106178,-31.563849611061784,-0.9074171623212388
208.56384961106178,6.436150388938216,0.18503045079001576
208.56384961106178,4.436150388938216,0.12753320799468656
189.53532091107755,-34.53532091107755,-0.9928428657194183
189.53532091107755,-81.53532091107755,-2.344028071409654
189.53532091107755,8.464679088922452,0.24334785438015932
215.42025971853678,13.579740281463216,0.3903988120304005
189.53532091107755,4.464679088922452,0.12835336878950093
189.53532091107755,-26.535320911077548,-0.7628538945381015
215.42025971853678,37.579740281463216,1.0803657255743506
189.53532091107755,-26.535320911077548,-0.7628538945381015
215.42025971853678,31.579740281463216,0.9078739971883631
208.56384961106178,29.436150388938216,0.8462487429363015
189.53532091107755,-56.53532091107755,-1.6253125364680394
163.03376105077595,-91.03376105077595,-2.617095130854224
189.53532091107755,4.464679088922452,0.12835336878950093
215.42025971853678,84.57974028146322,2.4315509312645864
163.03376105077595,-43.03376105077595,-1.2371613037663234
163.03376105077595,-27.03376105077595,-0.7771833614036898
189.53532091107755,49.46467908892245,1.4220413316844076
208.56384961106178,15.436150388938216,0.4437680433689971
208.56384961106178,7.436150388938216,0.21377907218768036
147.39123069888313,-18.391230698883135,-0.5287225283992983
189.53532091107755,-65.53532091107755,-1.8840501290470206
189.53532091107755,-1.535320911077548,-0.04413835959648664
208.56384961106178,73.43615038893822,2.1111880844335436
208.56384961106178,107.43615038893822,3.0886412119541395
189.53532091107755,0.4646790889224519,0.01335888319884255
208.56384961106178,63.436150388938216,1.8237018704568975
208.56384961106178,-13.563849611061784,-0.38994197716327605
215.42025971853678,46.579740281463216,1.339103318153332
189.53532091107755,28.464679088922452,0.8183202823334512
173.89279055918473,12.107209440815268,0.34806558039622787
215.42025971853678,37.579740281463216,1.0803657255743506
208.56384961106178,20.436150388938216,0.58751115035732
208.56384961106178,-36.563849611061784,-1.0511602693095619
163.03376105077595,-16.03376105077595,-0.46094852602937936
208.56384961106178,43.436150388938216,1.2487294425036057
208.56384961106178,-20.563849611061784,-0.5911823269469282
215.42025971853678,-13.420259718536784,-0.3858139657065435
173.89279055918473,8.107209440815268,0.2330710948055695
208.56384961106178,29.436150388938216,0.8462487429363015
189.53532091107755,103.46467908892245,2.9744668871582958
208.56384961106178,-40.563849611061784,-1.1661547549002202
199.77772936664397,-104.77772936664397,-3.0122152724686115
189.53532091107755,-3.535320911077548,-0.10163560239181582
189.53532091107755,-47.53532091107755,-1.366574943889058
189.53532091107755,7.464679088922452,0.2145992329824947
163.03376105077595,-50.03376105077595,-1.4384016535499755
189.53532091107755,-19.535320911077548,-0.5616135447544492
189.53532091107755,39.46467908892245,1.1345551177077615
135.98683908829142,-15.986839088291418,-0.4595995842946761
135.98683908829142,-17.98683908829142,-0.5170968270900053
120.3443087363986,-34.3443087363986,-0.9873515290272287
135.98683908829142,-34.98683908829142,-1.0058233908503036
135.98683908829142,-53.98683908829142,-1.5520471974059307
135.98683908829142,-2.9868390882914184,-0.08586750612503642
135.98683908829142,-29.98683908829142,-0.8620802838619804
138.23942588777643,12.760574112223566,0.36684891396915453
135.98683908829142,-57.98683908829142,-1.667041682996589
135.98683908829142,-3.9868390882914184,-0.114616127522701
135.98683908829142,15.013160911708582,0.4316076790329263
135.98683908829142,0.01316091170858158,3.783580679573646e-4
135.98683908829142,54.01316091170858,1.5528039135418454
135.98683908829142,51.01316091170858,1.4665580493488515
120.3443087363986,-6.344308736398602,-0.18239012989262002
195.46515665775155,20.53484334224845,0.5903484367066534
195.46515665775155,-3.4651566577515496,-0.09961847683729687
211.1076870096444,-36.107687009644394,-1.0380462233856396
236.9926258171036,25.0073741828964,0.7189275325338198
211.1076870096444,-7.107687009644394,-0.20433620285336623
214.49368535773579,49.506314642264215,1.4232382964441121
211.1076870096444,17.892312990355606,0.5143793320882486
211.1076870096444,17.892312990355606,0.5143793320882486
236.9926258171036,66.0073741828964,1.8976210098380681
211.1076870096444,-80.1076870096444,-2.3029855648828814
169.19569814613922,18.80430185386078,0.5405977546440452
187.09081529751708,17.909184702482918,0.5148643705525271
158.9532896905728,12.046710309427198,0.34632631377306466
187.09081529751708,-7.090815297517082,-0.20385116438908776
177.98181839055704,-23.981818390557038,-0.689444217337675
143.31075933868,-3.3107593386799863,-0.09517976676649408
132.4517298302712,-16.451729830271205,-0.47296455222713235
158.9532896905728,14.046710309427198,0.40382355656839386
184.83822849803204,39.16177150196796,1.1258469421719268
116.80919947837839,26.19080052162161,0.7529494082978553
158.9532896905728,2.0467103094271977,0.058840099796418716
184.83822849803204,-24.838228498032038,-0.7140648272786071
184.83822849803204,-46.83822849803204,-1.3465344980272282
184.83822849803204,73.16177150196796,2.103300069692523
143.31075933868,-19.310759338679986,-0.5551577091291275
177.98181839055704,29.018181609442962,0.8342327167385484
143.31075933868,-2.3107593386799863,-0.06643114536882948
158.9532896905728,17.046710309427198,0.49006942076138765
158.9532896905728,-16.953289690572802,-0.48738370675920856
161.20587649005785,0.7941235099421533,0.022829956130310764
143.31075933868,25.689240661320014,0.7385302537657792
177.98181839055704,-43.98181839055704,-1.264416645290967
184.83822849803204,45.16177150196796,1.2983386705579143
158.9532896905728,-49.9532896905728,-1.4360882128821402
161.20587649005785,-38.20587649005785,-1.0983662783786086
177.98181839055704,-33.98181839055704,-0.9769304313143211
180.23440519004208,36.76559480995792,1.0569601656514216
177.98181839055704,-0.9818183905570379,-0.02822592519138941
177.98181839055704,26.018181609442962,0.7479868525455546
132.4517298302712,53.548270169728795,1.539438945609389
184.83822849803204,39.16177150196796,1.1258469421719268
169.19569814613922,-49.19569814613922,-1.4143085003971472
158.9532896905728,13.046710309427198,0.37507493517072926
169.19569814613922,5.804301853860778,0.1668656764744055
169.19569814613922,-39.19569814613922,-1.1268222864205013
177.98181839055704,-18.981818390557038,-0.5457011103493521
184.83822849803204,-87.83822849803204,-2.5252279753314766
116.80919947837839,27.19080052162161,0.7816980296955199
187.09081529751708,-0.09081529751708217,-0.0026108146054356026
158.9532896905728,19.046710309427198,0.5475666635567168
143.31075933868,-17.310759338679986,-0.49766046633379835
161.20587649005785,11.794123509942153,0.3390647915046213
158.9532896905728,-29.953289690572802,-0.8611157849288482
158.9532896905728,6.046710309427198,0.17383458538707708
158.9532896905728,-29.953289690572802,-0.8611157849288482
158.9532896905728,-2.9532896905728023,-0.08490300719190425
158.9532896905728,61.0467103094272,1.7550087622586297
177.98181839055704,-41.98181839055704,-1.2069194024956378
105.40480786778667,12.595192132213327,0.3620944100398441
105.40480786778667,-22.404807867786673,-0.6441073388784166
133.1026270742096,-15.102627074209607,-0.4341797078665717
135.35521387369465,-35.35521387369465,-1.016413658088307
133.1026270742096,-17.102627074209607,-0.4916769506619008
133.1026270742096,-10.102627074209607,-0.2904366008782487
133.1026270742096,-4.102627074209607,-0.11794487249226114
178.63271563449544,-61.63271563449544,-1.7718556074860337
178.63271563449544,17.36728436550456,0.4992854829294694
133.1026270742096,6.897372925790393,0.1982899628820494
178.63271563449544,-18.63271563449544,-0.5356648873864559
117.46009672231679,-9.460096722316791,-0.27196473905517393
133.1026270742096,0.8973729257903926,0.025798234496061827
106.05570511172508,-2.055705111725075,-0.05909868796222872
106.05570511172508,11.944294888274925,0.3433820116050756
106.05570511172508,10.944294888274925,0.31463339020741105
106.05570511172508,8.944294888274925,0.25713614741208185
106.05570511172508,21.944294888274925,0.6308682255817215
106.05570511172508,-6.055705111725075,-0.1740931735528871
106.05570511172508,19.944294888274925,0.5733709827863923
106.05570511172508,5.944294888274925,0.17089028321908803
106.05570511172508,4.944294888274925,0.14214166182142343
106.05570511172508,-1.055705111725075,-0.030350066564564123
106.05570511172508,19.944294888274925,0.5733709827863923
106.05570511172508,-28.055705111725075,-0.8065628443015082
106.05570511172508,9.944294888274925,0.28588476880974645
108.3082919112101,-9.308291911210105,-0.2676005600143238
108.3082919112101,-10.308291911210105,-0.2963491814119884
106.05570511172508,-14.055705111725075,-0.4040821447342038
106.05570511172508,-7.055705111725075,-0.20284179495055168
106.05570511172508,27.944294888274925,0.8033599539677091
108.3082919112101,-7.308291911210105,-0.21010331721899464
106.05570511172508,27.944294888274925,0.8033599539677091
106.05570511172508,31.944294888274925,0.9183544395583675
106.05570511172508,-22.055705111725075,-0.6340711159155206
106.05570511172508,18.944294888274925,0.5446223613887278
108.3082919112101,7.691708088789895,0.22112600374597427
106.05570511172508,7.944294888274925,0.22838752601441722
106.05570511172508,-19.055705111725075,-0.5478252517225268
106.05570511172508,-1.055705111725075,-0.030350066564564123
106.05570511172508,17.944294888274925,0.5158737399910632
106.05570511172508,1.944294888274925,0.05589579762842965
106.05570511172508,-5.055705111725075,-0.1453445521552225
106.05570511172508,0.9442948882749249,0.027147176230765065
106.05570511172508,7.944294888274925,0.22838752601441722
106.05570511172508,33.944294888274925,0.9758516823536966
106.05570511172508,-58.055705111725075,-1.669021486231446
106.05570511172508,-3.055705111725075,-0.08784730935989331
108.3082919112101,6.691708088789895,0.19237738234830967
201.54346560001963,33.45653439998037,0.9618292407429764
176.79193834116677,-31.79193834116677,-0.9139743988681011
192.43446869305959,-19.434468693059586,-0.5587141825215362
146.90438013277375,-20.904380132773753,-0.6009721099899749
131.26184978088094,18.738150219119063,0.5386959863420191
173.40593999307535,27.59406000692465,0.7932911839635141
194.68705549254463,8.31294450745537,0.2389856943446291
194.68705549254463,-2.68705549254463,-0.07724914102968146
199.29087880053459,45.709121199465415,1.3140742197833948
146.90438013277375,-28.904380132773753,-0.8309610811712915
192.43446869305959,14.565531306940414,0.41873894499906
146.90438013277375,7.095619867226247,0.20398928914463377
131.26184978088094,-5.261849780880937,-0.1512709272019312
194.68705549254463,-11.68705549254463,-0.33598673360866277
194.68705549254463,4.31294450745537,0.1239912087539707
175.6585267925604,-1.6585267925603944,-0.04768035883720252
146.90438013277375,-34.90438013277375,-1.0034528095572792
146.90438013277375,-1.9043801327737526,-0.054748303434347584
173.40593999307535,10.59406000692465,0.304564620203216
183.64834844864177,-5.648348448641769,-0.16238223107208913
199.29087880053459,77.70912119946541,2.234030104508662
176.79193834116677,-60.79193834116677,-1.7476844194003744
199.29087880053459,-25.290878800534585,-0.7270778994507912
199.29087880053459,37.709121199465415,1.0840852486020782
173.40593999307535,-14.40593999307535,-0.4141509147383988
157.76340964118253,7.236590358817466,0.20804199643563237
149.1569669322588,-7.156966932258797,-0.20575293269111392
131.26184978088094,10.738150219119063,0.3087070151607023
175.6585267925604,73.3414732074396,2.1084662459876418
149.1569669322588,8.843033067741203,0.2542250096715196
131.26184978088094,30.738150219119063,0.8836794431139942
199.29087880053459,8.709121199465415,0.25037522806980506
173.40593999307535,-36.40593999307535,-1.04662058548702
157.76340964118253,-12.763409641182534,-0.36693043151765947
157.76340964118253,12.236590358817466,0.35178510342395536
194.68705549254463,13.31294450745537,0.38272880133295206
192.43446869305959,2.5655313069404144,0.07375548822708487
173.40593999307535,15.59406000692465,0.44830772719153894
149.1569669322588,-23.156966932258797,-0.6657308750537474
201.54346560001963,-32.54346560001963,-0.9355797715028867
149.1569669322588,4.843033067741203,0.1392305240808612
173.40593999307535,-3.40593999307535,-0.09791607936408835
175.6585267925604,-41.658526792560394,-1.1976252147437862
157.76340964118253,40.236590358817466,1.156746502558564
192.43446869305959,49.565531306940414,1.4249406939173206
146.90438013277375,-7.904380132773753,-0.22724003182033514
173.40593999307535,-24.40593999307535,-0.7016371287150448
149.1569669322588,32.8430330677412,0.9441919232154697
157.76340964118253,-34.763409641182534,-0.9994001022662806
173.40593999307535,-0.40593999307535,-0.011670215171094563
183.64834844864177,-33.64834844864177,-0.9673436302066978
194.68705549254463,95.31294450745537,2.7401157559414484
157.76340964118253,26.236590358817466,0.7542658029912597
183.64834844864177,-73.64834844864177,-2.1172884861132815
183.64834844864177,-68.64834844864177,-1.9735453791249586
192.43446869305959,66.56553130694041,1.9136672576776188
146.90438013277375,-16.904380132773753,-0.48597762439931647
173.40593999307535,-26.40593999307535,-0.759134371510374
176.79193834116677,-23.79193834116677,-0.6839854276867844
173.40593999307535,2.59406000692465,0.07457564902189921
176.79193834116677,28.20806165883323,0.8109428849917745
131.26184978088094,-17.261849780880937,-0.49625438397390625
173.40593999307535,-8.40593999307535,-0.2416591863524113
176.79193834116677,-20.79193834116677,-0.5977395634937905
176.79193834116677,-52.79193834116677,-1.5176954482190577
176.79193834116677,3.2080616588332305,0.09222735005015964
157.76340964118253,6.236590358817466,0.17929337503796777
131.26184978088094,-1.2618497808809366,-0.03627644161127281
119.85745817028922,-39.85745817028922,-1.145846974810899
119.85745817028922,4.14254182971078,0.11909236668634321
119.85745817028922,6.14254182971078,0.1765896094816724
119.85745817028922,-11.85745817028922,-0.34088557567629024
122.11004496977425,-25.11004496977425,-0.7218791761143729
104.2149278183964,-9.214927818396404,-0.2649164710578863
122.11004496977425,-5.1100449697742505,-0.14690674816108107
122.11004496977425,33.88995503022575,0.974289486347838
119.85745817028922,-13.85745817028922,-0.39838281847161944
122.11004496977425,4.8899550302257495,0.14057946581556485
122.11004496977425,5.8899550302257495,0.16932808721322945
122.11004496977425,-11.11004496977425,-0.3193984765470686
104.2149278183964,63.785072181603596,1.8337328909716288
143.76243350228907,25.23756649771093,0.7255452442410748
159.40496385418191,3.595036145818085,0.10335233306704271
185.28990266164112,-19.289902661641122,-0.5545581084173239
178.43349255416615,-20.43349255416615,-0.5874347412717219
187.5424894611262,104.4575105388738,3.0030094226246415
187.5424894611262,3.457510538873805,0.09939866146051758
185.28990266164112,88.71009733835888,2.550293002530452
159.40496385418191,34.595036145818085,0.994559596394645
184.10182110031184,57.89817889968816,1.6644928248013868
162.7909622022733,-20.790962202273306,-0.5977115008463109
169.64737230974833,6.352627690251666,0.1826292883473649
185.28990266164112,-53.28990266164112,-1.53201123593792
169.64737230974833,-15.647372309748334,-0.4498403824012561
178.43349255416615,14.56650744583385,0.4187670076465389
158.21688229285257,30.783117707147426,0.8849721964025256
187.5424894611262,2.457510538873805,0.07065004006285298
185.28990266164112,-22.289902661641122,-0.6408039726103176
180.68607935365117,133.31392064634883,3.832591431700183
185.28990266164112,-3.289902661641122,-0.0945801660546904
185.28990266164112,39.71009733835888,1.141610554044887
185.28990266164112,38.71009733835888,1.1128619326472224
135.15599079336533,-51.15599079336533,-1.4706642115408763
169.64737230974833,12.352627690251666,0.3551210167333525
185.28990266164112,-35.28990266164112,-1.0145360507799575
185.28990266164112,66.71009733835888,1.917823331781831
159.40496385418191,-4.404963854181915,-0.12663663811427403
185.28990266164112,-35.28990266164112,-1.0145360507799575
161.65755065366693,25.34244934633307,0.7285604815472212
159.40496385418191,-15.404963854181915,-0.4428714734885845
143.76243350228907,14.23756649771093,0.40931040886676423
162.7909622022733,-40.790962202273306,-1.172683928799603
132.90340399388032,-11.903403993880318,-0.3422064547635146
143.76243350228907,35.23756649771093,1.0130314582177207
169.64737230974833,-46.647372309748334,-1.3410476457288587
185.28990266164112,61.71009733835888,1.7740802247935081
185.28990266164112,-80.28990266164112,-2.308224013674864
161.65755065366693,21.34244934633307,0.6135659959565629
169.64737230974833,-45.647372309748334,-1.312299024331194
135.15599079336533,-18.155990793365334,-0.5219597054179447
169.64737230974833,-60.647372309748334,-1.743528345296163
159.40496385418191,-18.404963854181915,-0.5291173376815783
187.5424894611262,-34.542489461126195,-0.993048951650737
187.5424894611262,5.457510538873805,0.15689590425584676
185.28990266164112,-16.289902661641122,-0.4683122442243301
135.15599079336533,-31.155990793365334,-0.8956917835875844
143.76243350228907,-14.76243350228907,-0.42439961166550894
159.40496385418191,-20.404963854181915,-0.5866145804769075
178.43349255416615,-36.43349255416615,-1.0474126836343554
161.65755065366693,45.34244934633307,1.303532909500513
135.15599079336533,-38.15599079336533,-1.0969321333712367
159.40496385418191,26.595036145818085,0.7645706252133284
143.76243350228907,-28.76243350228907,-0.8268803112328132
159.40496385418191,-8.404963854181915,-0.2416311237049324
185.28990266164112,43.71009733835888,1.2566050396355455
178.43349255416615,-12.43349255416615,-0.3574457700904051
117.26087364198749,-24.260873641987487,-0.6974666711100791
143.76243350228907,-15.76243350228907,-0.45314823306317353
143.76243350228907,-12.76243350228907,-0.36690236887017974
185.28990266164112,-50.28990266164112,-1.4457653717449264
117.26087364198749,-23.260873641987487,-0.6687180497124146
159.40496385418191,12.595036145818085,0.3620899256460241
187.5424894611262,186.4575105388738,5.360396377233138
162.7909622022733,-6.790962202273306,-0.19523080127900658
185.28990266164112,-55.28990266164112,-1.5895084787332494
169.64737230974833,47.352627690251666,1.3613227656516131
159.40496385418191,-20.404963854181915,-0.5866145804769075
185.28990266164112,-9.289902661641122,-0.2670718944406779
135.15599079336533,-10.155990793365334,-0.29197073423662795
135.15599079336533,-34.15599079336533,-0.9819376477805783
159.40496385418191,-22.404963854181915,-0.6441118232722367
187.5424894611262,172.4575105388738,4.9579156776658335
159.40496385418191,-11.404963854181915,-0.3278769878979262
169.64737230974833,-53.647372309748334,-1.5422879955125108
161.65755065366693,-55.65755065366693,-1.600077851663611
185.28990266164112,23.710097338358878,0.6816326116822536
159.40496385418191,30.595036145818085,0.8795651108039868
132.90340399388032,-5.903403993880318,-0.16971472637752705
187.5424894611262,-7.542489461126195,-0.21683617391379295
185.28990266164112,-19.289902661641122,-0.5545581084173239
135.15599079336533,-16.155990793365334,-0.46446246262261554
132.90340399388032,43.09659600611968,1.238967722108038
178.43349255416615,33.56650744583385,0.964990814202166
117.26087364198749,15.739126358012513,0.4524781847965046
169.64737230974833,-35.647372309748334,-1.0248128103545482
143.76243350228907,5.2375664977109295,0.15057281628778288
159.40496385418191,-25.404963854181915,-0.7303576874652304
135.15599079336533,-24.155990793365334,-0.6944514338039323
117.26087364198749,-31.260873641987487,-0.8987070208937313
162.7909622022733,-23.790962202273306,-0.6839573650393046
159.40496385418191,-24.404963854181915,-0.7016090660675659
117.26087364198749,-16.260873641987487,-0.46747769992876237
185.28990266164112,34.71009733835888,0.997867447056564
169.64737230974833,-8.647372309748334,-0.24860003261760397
161.65755065366693,18.34244934633307,0.5273201317635691
135.15599079336533,-29.155990793365334,-0.8381945407922552
135.15599079336533,-5.1559907933653335,-0.14822762724830502
185.28990266164112,-20.289902661641122,-0.5833067298149884
135.15599079336533,-13.155990793365334,-0.37821659842962174
117.26087364198749,35.73912635801251,1.0274506127497964
117.26087364198749,12.739126358012513,0.36623232060351085
143.76243350228907,0.23756649771092953,0.006829709299459927
135.15599079336533,-28.155990793365334,-0.8094459193945907
117.26087364198749,60.73912635801251,1.7461661476914112
158.21688229285257,46.783117707147426,1.344950138765159
180.68607935365117,0.31392064634883354,0.009024785810792036
132.90340399388032,25.096596006119682,0.7214925369500753
178.43349255416615,10.56650744583385,0.30377252205588057
135.15599079336533,-34.15599079336533,-0.9819376477805783
185.28990266164112,-41.28990266164112,-1.187027779165945
159.40496385418191,2.595036145818085,0.07460371166937811
135.15599079336533,-57.15599079336533,-1.643155939926864
143.76243350228907,37.23756649771093,1.0705287010130498
143.76243350228907,-15.76243350228907,-0.45314823306317353
135.15599079336533,29.844009206634666,0.8579741216699558
117.26087364198749,40.73912635801251,1.1711937197381193
178.43349255416615,79.56650744583385,2.2874273984947373
169.64737230974833,-53.647372309748334,-1.5422879955125108
169.64737230974833,-40.647372309748334,-1.168555917342871
169.64737230974833,-29.647372309748334,-0.8523210819685605
178.43349255416615,-32.43349255416615,-0.9324181980436971
135.15599079336533,-31.155990793365334,-0.8956917835875844
169.64737230974833,-46.647372309748334,-1.3410476457288587
169.64737230974833,-57.647372309748334,-1.6572824811031692
169.64737230974833,-29.647372309748334,-0.8523210819685605
169.64737230974833,-31.647372309748334,-0.9098183247638896
117.26087364198749,-2.2608736419874873,-0.0649970003614581
135.15599079336533,54.84400920663467,1.5766896566115705
159.40496385418191,-8.404963854181915,-0.2416311237049324
135.15599079336533,-22.155990793365334,-0.6369541910086031
143.76243350228907,-63.76243350228907,-1.8330820601510742
143.76243350228907,9.23756649771093,0.2655673018784413
162.7909622022733,16.209037797726694,0.4659874908672791
117.26087364198749,50.73912635801251,1.4586799337147653
178.43349255416615,-56.43349255416615,-1.6223851115876473
162.7909622022733,-45.790962202273306,-1.3164270357879257
162.7909622022733,-47.790962202273306,-1.373924278583255
117.26087364198749,56.73912635801251,1.6311716621007528
169.64737230974833,-43.647372309748334,-1.2548017815358647
178.43349255416615,7.5665074458338495,0.21752665786288675
117.26087364198749,76.73912635801251,2.2061440900540448
185.28990266164112,39.71009733835888,1.141610554044887
187.5424894611262,2.457510538873805,0.07065004006285298
143.76243350228907,24.23756649771093,0.6967966228434102
135.15599079336533,8.844009206634666,0.2542530723189993
132.90340399388032,-15.903403993880318,-0.45720094035417297
135.15599079336533,-45.15599079336533,-1.2981724831548889
162.7909622022733,-31.790962202273306,-0.9139463362206214
178.43349255416615,-22.43349255416615,-0.644931984067051
169.64737230974833,-65.64737230974833,-1.887271452284486
169.64737230974833,-20.647372309748334,-0.59358348938957906
162.7909622022733,-23.790962202273306,-0.6839573650393046
185.28990266164112,19.710097338358878,0.5666381260915953
143.76243350228907,63.23756649771093,1.8179928573523292
159.40496385418191,-17.404963854181915,-0.5003687162839138
178.43349255416615,-20.43349255416615,-0.5874347412717219
143.76243350228907,-9.76243350228907,-0.280656504677186
132.90340399388032,-39.90340399388032,-1.1471678538981234
178.43349255416615,-4.4334925541661505,-0.1274567989090884
169.64737230974833,-49.647372309748334,-1.4272935099218524
185.28990266164112,-3.289902661641122,-0.0945801660546904
185.28990266164112,-53.28990266164112,-1.53201123593792
185.28990266164112,-31.289902661641122,-0.899541565189299
132.90340399388032,-26.903403993880318,-0.7734357757284835
169.64737230974833,-13.647372309748334,-0.3923431396059269
185.28990266164112,20.710097338358878,0.5953867474892599
143.76243350228907,-6.7624335022890705,-0.19441064048419224
117.26087364198749,-0.2608736419874873,-0.007499757566128909
117.26087364198749,3.7391263580125127,0.10749472802452946
159.40496385418191,16.595036145818085,0.47708441123668244
117.26087364198749,58.73912635801251,1.6886689048960821
117.26087364198749,7.739126358012513,0.22248921361518784
117.26087364198749,-9.260873641987487,-0.26623735014511024
159.40496385418191,-19.404963854181915,-0.557865959079243
185.28990266164112,-9.289902661641122,-0.2670718944406779
185.28990266164112,60.71009733835888,1.7453316033958435
178.43349255416615,-2.4334925541661505,-0.0699595561137592
117.26087364198749,-5.260873641987487,-0.15124286455445188
143.76243350228907,19.23756649771093,0.5530535158550872
131.71532243255098,0.28467756744902317,0.008184087606999355
185.28990266164112,-17.289902661641122,-0.4970608656219947
131.71532243255098,13.284677567449023,0.3819161657766391
177.2454109928368,42.75458900716319,1.2291354923796862
131.71532243255098,17.284677567449023,0.49691065136729745
117.26087364198749,-46.26087364198749,-1.3299363418587002
135.15599079336533,32.84400920663467,0.9442199858629494
131.71532243255098,-15.715322432550977,-0.4517938547556341
117.26087364198749,-27.260873641987487,-0.7837125353030729
159.40496385418191,-6.404963854181915,-0.18413388090960323
117.26087364198749,-5.260873641987487,-0.15124286455445188
159.40496385418191,51.595036145818085,1.4832861601549432
131.71532243255098,26.284677567449023,0.7556482439462788
131.71532243255098,-11.715322432550977,-0.3367993691649757
108.1090688308808,0.8909311691191988,0.025613042872385795
105.85648203139577,-25.85648203139577,-0.7433382125961152
108.1090688308808,-11.109068830880801,-0.3193704138995893
105.85648203139577,-1.856482031395771,-0.05337129905216503
108.1090688308808,-23.1090688308808,-0.6643538706715644
132.35804189169738,-38.35804189169738,-1.102740823900167
108.1090688308808,-2.109068830880801,-0.06063282132060799
105.85648203139577,-11.856482031395771,-0.34085751302881095
105.85648203139577,-2.856482031395771,-0.08211992044982963
108.1090688308808,6.890931169119199,0.19810477125837336
108.1090688308808,12.890931169119199,0.3705964996443609
108.1090688308808,83.8909311691192,2.411748618878547
105.85648203139577,-27.85648203139577,-0.8008354553914444
108.1090688308808,7.890931169119199,0.22685339265603793
105.85648203139577,-5.856482031395771,-0.1683657846428234
108.1090688308808,5.890931169119199,0.16935614986070877
108.1090688308808,1.8909311691191988,0.05436166427005038
108.1090688308808,-12.109068830880801,-0.3481190352972539
108.1090688308808,20.8909311691192,0.6005854708256777
108.1090688308808,-11.109068830880801,-0.3193704138995893
108.1090688308808,-16.1090688308808,-0.46311352088791224
90.21395167950296,24.786048320497045,0.7125647191101891
108.1090688308808,-17.1090688308808,-0.49186214228557684
90.21395167950296,23.786048320497045,0.6838160977125246
105.85648203139577,15.143517968604229,0.43535526470813307
90.21395167950296,45.786048320497045,1.3162857684611455
105.85648203139577,-16.85648203139577,-0.4846006200171339
108.1090688308808,16.8909311691192,0.4855909852350193
108.1090688308808,0.8909311691191988,0.025613042872385795
108.1090688308808,12.890931169119199,0.3705964996443609
108.1090688308808,23.8909311691192,0.6868313350186714
105.85648203139577,25.14351796860423,0.722841478684779
105.85648203139577,-3.856482031395771,-0.11086854184749423
108.1090688308808,-16.1090688308808,-0.46311352088791224
108.1090688308808,29.8909311691192,0.859323063404659
108.1090688308808,-26.1090688308808,-0.7505997348645582
108.1090688308808,3.890931169119199,0.11185890706537957
104.66840047006646,14.331599529933541,0.4120137289090065
108.1090688308808,24.8909311691192,0.7155799564163361
104.66840047006646,9.331599529933541,0.26827062192068357
105.85648203139577,-1.856482031395771,-0.05337129905216503
108.1090688308808,-36.1090688308808,-1.0380859488412042
172.51129185342523,-10.511291853425234,-0.3021851498944789
111.33867294124659,33.661327058753415,0.9677167473550637
172.51129185342523,9.488708146574766,0.2727872780588129
137.84023280154818,-30.840232801548183,-0.8866141766275463
153.482763153441,20.517236846559,0.5898422742279378
153.482763153441,-1.4827631534409988,-0.042627396520683265
181.62028876038528,48.37971123961472,1.3908500017560212
179.36770196090023,30.632298039099766,0.8806363388665019
111.33867294124659,22.661327058753415,0.6514819119807533
111.33867294124659,3.6613270587534146,0.10525810542512605
137.84023280154818,12.159767198451817,0.34957654347203126
153.482763153441,-13.482763153440999,-0.3876108532926584
111.33867294124659,-17.338672941246585,-0.4984629439258304
126.9812032931394,10.018796706860599,0.28802659338570347
179.36770196090023,-36.367701960900234,-1.0455212947770258
172.51129185342523,-37.511291853425234,-1.078397927631423
126.9812032931394,1.0187967068605985,0.029289000806722084
111.33867294124659,8.661327058753415,0.24900121241344902
126.9812032931394,-11.981203293139401,-0.3444430773629176
153.482763153441,-51.482763153441,-1.480058466403913
126.9812032931394,-0.9812032931394015,-0.028208241988607097
126.9812032931394,-28.9812032931394,-0.8331696411232157
153.482763153441,16.517236846559,0.47484778863727944
163.72517160900742,-55.72517160900742,-1.602021860907243
172.51129185342523,-12.511291853425234,-0.3596823926898081
137.84023280154818,-33.84023280154818,-0.9728600408205401
111.33867294124659,-25.338672941246585,-0.7284519151071471
111.33867294124659,18.661327058753415,0.536487426390095
153.482763153441,7.517236846559001,0.21611019605829807
111.33867294124659,-7.338672941246585,-0.21097672994918448
153.482763153441,7.517236846559001,0.21611019605829807
153.482763153441,-9.482763153440999,-0.272616367702
99.93428133065487,25.06571866934513,0.7206048560853756
99.93428133065487,8.06571866934513,0.2318782923250775
99.93428133065487,13.06571866934513,0.3756213993134005
99.93428133065487,10.06571866934513,0.2893755351204067
99.93428133065487,24.06571866934513,0.691856234687711
99.93428133065487,-2.934281330654869,-0.08435654304923305
102.1868681301399,10.8131318698601,0.31086263424962834
189.13174725452794,-19.131747254527937,-0.5500113584962334
215.01668606198717,48.98331393801283,1.408202747206877
189.13174725452794,-3.1317472545279372,-0.09003341613359994
162.63018739422634,13.36981260577366,0.38436368076110977
189.13174725452794,6.868252745472063,0.19745279784304598
189.13174725452794,-21.131747254527937,-0.6075086012915626
139.36844479877595,-22.368444798775954,-0.6430619507745704
191.7549434665368,-17.754943466536787,-0.5104301476564054
191.7549434665368,32.24505653346321,0.9270009222268242
191.7549434665368,-11.754943466536787,-0.3379384192704178
194.00753026602183,80.99246973397817,2.328421848443946
165.87000465907755,-0.8700046590775514,-0.02501143455802552
184.8985333590618,-17.898533359061787,-0.514558159113138
191.7549434665368,-6.754943466536787,-0.19419531228209486
165.87000465907755,-2.8700046590775514,-0.08250867735335471
176.11241311464397,-48.11241311464397,-1.3831655491609331
191.7549434665368,41.24505653346321,1.1857385148058055
191.7549434665368,-20.754943466536787,-0.5966760118493991
150.22747430718474,12.772525692815265,0.367192505434689
191.7549434665368,68.24505653346321,1.9619512925427496
194.00753026602183,39.99246973397817,1.1497283711396975
165.87000465907755,-2.8700046590775514,-0.08250867735335471
165.87000465907755,-27.87000465907755,-0.8012242122949695
139.36844479877595,2.631555201224046,0.07565358416704442
191.7549434665368,-19.754943466536787,-0.5679273904517346
165.87000465907755,7.129995340922449,0.2049775366232912
165.87000465907755,38.12999534092245,1.0961847999508936
191.7549434665368,-25.754943466536787,-0.7404191188377222
191.7549434665368,-34.75494346653679,-0.9991567114167036
184.8985333590618,2.101466640938213,0.060414268840153905
176.11241311464397,-55.11241311464397,-1.5844058989445853
191.7549434665368,49.24505653346321,1.4157274859871223
191.7549434665368,46.24505653346321,1.3294816217941285
165.87000465907755,20.12999534092245,0.5787096147929309
191.7549434665368,-58.75494346653679,-1.6891236249606538
191.7549434665368,-37.75494346653679,-1.0854025756096972
123.72591444688314,52.27408555311686,1.5028078944756842
191.7549434665368,-31.754943466536787,-0.9129108472237096
165.87000465907755,-1.8700046590775514,-0.05376005595569012
176.11241311464397,-46.11241311464397,-1.3256683063656038
184.8985333590618,12.101466640938213,0.34790048281679986
176.11241311464397,23.88758688535603,0.6867351914709178
184.8985333590618,-40.89853335906179,-1.1757764512594238
139.36844479877595,51.631555201224046,1.4843360326526094
165.87000465907755,48.12999534092245,1.3836710139275394
165.87000465907755,25.12999534092245,0.722452721781254
165.87000465907755,16.12999534092245,0.4637151292022726
139.36844479877595,11.631555201224046,0.3343911767460258
191.7549434665368,-55.75494346653679,-1.60287776076766
165.87000465907755,-49.87000465907755,-1.4336938830435906
123.72591444688314,-11.725914446883138,-0.33710387497484967
168.1225914585626,11.877408541437404,0.34145912134317086
184.8985333590618,-34.89853335906179,-1.003284722873436
150.22747430718474,-20.227474307184735,-0.5815120006882426
150.22747430718474,7.772525692815265,0.223449398446366
176.11241311464397,-18.11241311464397,-0.5207069072309952
191.7549434665368,-26.754943466536787,-0.7691677402353867
139.36844479877595,-7.368444798775954,-0.21183262980960152
123.72591444688314,80.27408555311686,2.307769293610293
123.72591444688314,6.274085553116862,0.18037131018311298
139.36844479877595,-1.368444798775954,-0.039340901423613954
191.7549434665368,-50.75494346653679,-1.459134653779337
194.00753026602183,-6.007530266021831,-0.17270821315287363
184.8985333590618,-32.89853335906179,-0.945787480078107
123.72591444688314,-19.725914446883138,-0.5670928461561664
139.36844479877595,14.631555201224046,0.42063704093901955
165.87000465907755,-25.87000465907755,-0.7437269694996403
191.7549434665368,-59.75494346653679,-1.7178722463583185
165.87000465907755,15.129995340922449,0.434966507804608
169.25600300716897,-53.25600300716897,-1.5310366676059886
165.87000465907755,-20.87000465907755,-0.5999838625113174
165.87000465907755,49.12999534092245,1.412419635325204
123.72591444688314,0.274085553116862,0.007879581797125416
112.32152283629142,25.67847716370858,0.7382208180480333
112.32152283629142,-3.3215228362914218,-0.0954892024842399
112.32152283629142,90.67847716370858,2.606881208896232
138.82308269659302,-2.823082696593019,-0.08115973561865147
112.32152283629142,7.678477163708578,0.22074563289007063
112.32152283629142,21.67847716370858,0.6232263324573749
112.32152283629142,-0.32152283629142175,-0.009243338291246116
183.31975974701226,-47.319759747012256,-1.3603778575953052
185.5723465464973,4.4276534535027,0.12728893281481052
183.31975974701226,33.680240252987744,0.968260475615527
159.0707866861957,33.9292133138043,0.9754181078791598
211.45728535395654,56.542714646043464,1.6255250961552876
202.3482884469965,35.65171155300351,1.0249375576160418
209.2046985544715,18.79530144552851,0.5403390053124765
202.3482884469965,10.651711553003508,0.3062220226744271
202.3482884469965,-51.34828844699649,-1.4761925039807777
183.31975974701226,21.680240252987744,0.623277018843552
183.31975974701226,-20.319759747012256,-0.584165079858361
202.3482884469965,11.651711553003508,0.3349706440720917
183.31975974701226,0.680240252987744,0.0195559694925955
202.3482884469965,-14.348288446996492,-0.4124935122671877
209.2046985544715,-62.20469855447149,-1.7882993278983557
209.2046985544715,1.7953014455285086,0.05161244155217832
183.31975974701226,28.680240252987744,0.8245173686272042
167.67722939511944,-25.67722939511944,-0.7381849464212737
202.3482884469965,-41.34828844699649,-1.1887062900041319
156.81819988671066,-8.818199886710659,-0.25351108995197424
209.2046985544715,2.7953014455285086,0.08036106294984291
202.3482884469965,5.6517115530035085,0.16247891568610412
209.2046985544715,-28.20469855447149,-0.8108462003777595
209.2046985544715,82.79530144552851,2.3802507747630104
202.3482884469965,-26.34828844699649,-0.7574769690391628
185.5723465464973,-17.5723465464973,-0.5051807379338106
209.2046985544715,21.79530144552851,0.6265848695054702
209.2046985544715,-33.20469855447149,-0.9545893073660825
185.5723465464973,-19.5723465464973,-0.5626779807291397
211.45728535395654,94.54271464604346,2.717972709266542
185.5723465464973,68.4276534535027,1.9672007022653444
202.3482884469965,16.65171155300351,0.47871375106041464
209.2046985544715,-76.20469855447149,-2.19078002746566
185.5723465464973,-19.5723465464973,-0.5626779807291397
211.45728535395654,-11.457285353956536,-0.32938115888590475
202.3482884469965,9.651711553003508,0.2774734012767625
202.3482884469965,-7.3482884469964915,-0.2112531624835356
204.60087524648154,-7.600875246481536,-0.21851468475197897
209.2046985544715,0.7953014455285086,0.022863820154513725
202.3482884469965,-57.34828844699649,-1.6486842323667654
202.3482884469965,1.6517115530035085,0.04748443009544574
209.2046985544715,62.79530144552851,1.8052783468097184
202.3482884469965,2.6517115530035085,0.07623305149311033
183.31975974701226,-38.319759747012256,-1.1016402650163237
183.31975974701226,-6.319759747012256,-0.18168438029105666
132.02386472371117,-30.02386472371117,-0.8631447198366708
132.02386472371117,-4.023864723711171,-0.11568056349739143
132.02386472371117,21.97613527628883,0.631783592841888
129.77127792422613,-3.7712779242261263,-0.10841904122894806
158.52542458401277,-32.52542458401277,-0.9350611171640762
132.02386472371117,-10.02386472371117,-0.28817229188337895
132.02386472371117,-1.0238647237111707,-0.029434699304397648
132.02386472371117,-22.02386472371117,-0.6331557486553541
132.02386472371117,-7.023864723711171,-0.2019264276903852
132.02386472371117,10.97613527628883,0.3155487574675775
132.02386472371117,7.976135276288829,0.2293028932745837
129.77127792422613,19.228722075773874,0.5527992509173376
132.02386472371117,23.97613527628883,0.6892808356372172
132.02386472371117,5.976135276288829,0.1718056504792545
129.77127792422613,-7.771277924226126,-0.22341352681960644
129.77127792422613,7.228722075773874,0.20781579414536247
132.02386472371117,-1.0238647237111707,-0.029434699304397648
132.02386472371117,-18.02386472371117,-0.5181612630646957
129.77127792422613,59.228722075773874,1.7027441068239213
132.02386472371117,65.97613527628883,1.89672293433913
156.27283778452772,-40.272837784527724,-1.1577885660769496
132.02386472371117,-11.02386472371117,-0.31692091328104355
129.77127792422613,-27.771277924226126,-0.7983859547728983
188.91797985180034,-11.91797985180034,-0.34262549058440345
127.7453609396217,61.254639060378295,1.760986427197412
188.91797985180034,17.08202014819966,0.4910845299478698
195.77438995927534,21.22561004072466,0.6102070269952607
188.91797985180034,-28.91797985180034,-0.8313520543447015
143.3878912915145,-39.38789129151451,-1.1323475743921216
195.77438995927534,-14.77438995927534,-0.42474334332066466
172.14203795130115,-10.142037951301148,-0.29156960926270326
169.8894511518161,25.110548848183896,0.7218936619240008
169.8894511518161,35.110548848183896,1.0093798759006467
169.8894511518161,-19.889451151816104,-0.5717943009709059
143.3878912915145,-45.38789129151451,-1.3048393027781091
191.17056665128538,-17.170566651285384,-0.4936301198411698
154.2469207999233,18.753079200076712,0.5391251739634235
188.91797985180034,18.08202014819966,0.5198331513455343
188.91797985180034,30.08202014819966,0.8648166081175095
188.91797985180034,37.08202014819966,1.0660569579011616
143.3878912915145,74.6121087084855,2.144995264941642
154.2469207999233,37.75307920007671,1.0853489805190506
145.64047809099955,-8.6404780909995509,-0.2484018333329625
143.3878912915145,-53.38789129151451,-1.534828273959426
116.34096932902999,-8.340969329029988,-0.23979136932981632
116.34096932902999,-39.34096932902999,-1.1309986326574188
116.34096932902999,-40.34096932902999,-1.1597472540550835
100.69843897713717,6.301561022862828,0.18116119206056272
116.34096932902999,-6.3409693290299884,-0.18229412653448718
118.59355612851502,-52.59355612851502,-1.5119922330955016
116.34096932902999,-11.340969329029988,-0.3260372335228101
116.34096932902999,5.6590306709700116,0.16268933023748797
116.34096932902999,-15.340969329029988,-0.4410317191134685
118.59355612851502,-12.593556128515019,-0.36204737718891766
118.59355612851502,-15.593556128515019,-0.44829324138191146
116.34096932902999,1.6590306709700116,0.04769484464682958
116.34096932902999,-11.340969329029988,-0.3260372335228101
100.69843897713717,67.30156102286283,1.9348270973181028
116.34096932902999,-6.3409693290299884,-0.18229412653448718
142.84252918933157,-0.8425291893315716,-0.02422155268057536
139.46178699555833,5.538213004441673,0.15921598888431546
165.96334685585992,-33.963346855859925,-0.9763994001566799
165.96334685585992,-23.963346855859925,-0.6889131861800339
139.46178699555833,27.538213004441673,0.7916856596329366
139.46178699555833,21.538213004441673,0.619193931246949
187.2444623553292,-33.244462355329205,-0.955732461822273
184.99187555584416,-39.99187555584416,-1.149711289337482
169.34934520395134,-13.349345203951344,-0.38377527117512755
139.46178699555833,26.538213004441673,0.7629370382352719
139.46178699555833,-26.461786995558327,-0.7607398958409515
165.96334685585992,5.036653144140075,0.14479683435223928
184.99187555584416,-18.99187555584416,-0.5459902399865253
139.46178699555833,-15.461786995558327,-0.444505060466641
139.46178699555833,11.538213004441673,0.331707717270303
139.46178699555833,-17.461786995558327,-0.5020023032619702
165.96334685585992,-23.963346855859925,-0.6889131861800339
184.99187555584416,-33.99187555584416,-0.9772195609514943
165.96334685585992,-45.963346855859925,-1.321382856928655
139.46178699555833,46.53821300444167,1.3379094661885638
139.46178699555833,-3.4617869955583274,-0.0995216036946659
165.96334685585992,35.036653144140075,1.007255476282177
165.96334685585992,1.0366531441400753,0.029802348761580905
184.99187555584416,-19.99187555584416,-0.5747388613841898
139.46178699555833,25.538213004441673,0.7341884168376074
165.96334685585992,-37.963346855859925,-1.0913938857473384
139.46178699555833,41.53821300444167,1.1941663592002407
165.96334685585992,26.036653144140075,0.7485178837031957
191.84828566331916,-27.84828566331916,-0.800599821108774
165.96334685585992,-8.963346855859925,-0.257683865215065
184.99187555584416,-34.99187555584416,-1.0059681823491589
139.46178699555833,24.538213004441673,0.7054397954399427
139.46178699555833,14.538213004441673,0.4179535814632968
165.96334685585992,-63.963346855859925,-1.8388580420866178
194.1008724628042,21.899127537195795,0.6295697265060123
165.96334685585992,-43.963346855859925,-1.263885614133326
139.46178699555833,10.538213004441673,0.3029590958726384
165.96334685585992,51.036653144140075,1.4672334186448106
139.46178699555833,3.5382130044416726,0.10171874608898626
123.81925664366553,-6.8192566436655255,-0.1960442274622499
139.46178699555833,-8.461786995558327,-0.24326471068298883
139.46178699555833,-29.461786995558327,-0.8469857600339453
191.84828566331916,-17.84828566331916,-0.5131136071321282
184.99187555584416,-2.9918755558441603,-0.08601229762389181
165.96334685585992,-18.963346855859925,-0.5451700791917109
191.84828566331916,83.15171433668084,2.390497154031996
191.84828566331916,-14.84828566331916,-0.4268677429391343
176.20575531142634,-43.205755311426344,-1.242105901648333
165.96334685585992,-43.963346855859925,-1.263885614133326
139.46178699555833,-0.46178699555832736,-0.013275739501672114
165.96334685585992,-21.963346855859925,-0.6314159433847047
165.96334685585992,28.036653144140075,0.8060151264985249
165.96334685585992,-25.963346855859925,-0.7464104289753631
139.46178699555833,66.53821300444167,1.9128818941418555
165.96334685585992,8.036653144140075,0.23104269854523307
165.96334685585992,-41.963346855859925,-1.2063883713379966
139.46178699555833,-7.461786995558327,-0.21451608928532426
112.41486503307381,-25.41486503307381,-0.7306423327085841
112.41486503307381,25.58513496692619,0.7355373585723102
112.41486503307381,9.58513496692619,0.27555941620967667
112.41486503307381,3.5851349669261907,0.1030676878236891
112.41486503307381,-36.41486503307381,-1.0468771680828948
112.41486503307381,-35.41486503307381,-1.0181285466852301
112.41486503307381,3.5851349669261907,0.1030676878236891
112.41486503307381,-43.41486503307381,-1.248117517866547
112.41486503307381,-14.41486503307381,-0.41440749733427357
112.41486503307381,45.58513496692619,1.310509786525602
112.41486503307381,-9.41486503307381,-0.2706643903459506
112.41486503307381,8.58513496692619,0.24681079481201207
112.41486503307381,27.58513496692619,0.7930346013676394
112.41486503307381,-6.414865033073809,-0.18441852615295684
112.41486503307381,11.58513496692619,0.33305665900500586
112.41486503307381,31.58513496692619,0.9080290869582978
112.41486503307381,35.58513496692619,1.023023572548956
112.41486503307381,-0.4148650330738093,-0.011926797766969283
112.41486503307381,36.58513496692619,1.0517721939466207
112.41486503307381,-3.4148650330738093,-0.09817266195996306
112.41486503307381,-29.41486503307381,-0.8456368182992424
112.41486503307381,31.58513496692619,0.9080290869582978
114.66745183255884,-31.66745183255884,-0.9103955833630146
112.41486503307381,5.585134966926191,0.16056493061901828
112.41486503307381,50.58513496692619,1.454252893513925
112.41486503307381,-2.4148650330738093,-0.06942404056229846
112.41486503307381,-10.41486503307381,-0.2994130117436152
112.41486503307381,3.5851349669261907,0.1030676878236891
112.41486503307381,4.585134966926191,0.13181630922135368
112.41486503307381,35.58513496692619,1.023023572548956
112.41486503307381,26.58513496692619,0.7642859799699747
112.41486503307381,13.58513496692619,0.39055390180033506
112.41486503307381,20.58513496692619,0.5917942515839872
96.772334681181,9.227665318819007,0.2652826566350869
112.41486503307381,39.58513496692619,1.1380180581396144
112.41486503307381,7.585134966926191,0.21806217341434747
112.41486503307381,-4.414865033073809,-0.12692128335762765
138.9164248933754,-28.916424893375392,-0.8313073514336536
112.41486503307381,-1.4148650330738093,-0.04067541916463387
112.41486503307381,18.58513496692619,0.534297008788658
112.41486503307381,-16.41486503307381,-0.47190474012960276
112.41486503307381,23.58513496692619,0.678040115776981
112.41486503307381,17.58513496692619,0.5055483873909934
112.41486503307381,-0.4148650330738093,-0.011926797766969283
112.41486503307381,7.585134966926191,0.21806217341434747
112.41486503307381,-4.414865033073809,-0.12692128335762765
112.41486503307381,-2.4148650330738093,-0.06942404056229846
112.41486503307381,-26.41486503307381,-0.7593909541062487
112.41486503307381,13.58513496692619,0.39055390180033506
112.41486503307381,27.58513496692619,0.7930346013676394
138.9164248933754,-16.916424893375392,-0.4863238946616785
170.77673481680304,6.223265183196958,0.17891029460899638
144.27517495650144,-34.275174956501445,-0.9853640281631758
126.38005780512358,14.619942194876415,0.42030318301624287
170.77673481680304,25.223265183196958,0.7251341011646237
168.524148017318,21.475851982682002,0.6174011378424087
144.27517495650144,-34.275174956501445,-0.9853640281631758
144.27517495650144,2.724825043498555,0.07833496355041418
117.2282529940169,-28.2282529940169,-0.8115233580424845
117.2282529940169,-3.2282529940168985,-0.09280782310086974
117.2282529940169,35.7717470059831,1.0283884114080493
117.2282529940169,1.7717470059831015,0.050935283887453234
117.2282529940169,0.7717470059831015,0.02218666248978864
114.97566619453187,5.024333805468132,0.14444267034888997
117.2282529940169,-47.2282529940169,-1.3577471645981118
117.2282529940169,-31.2282529940169,-0.8977692222354783
117.2282529940169,-14.228252994016898,-0.40904265847518023
117.2282529940169,46.7717470059831,1.3446232467823598
99.33313584263905,16.666864157360948,0.4791493675462753
131.71532243255098,27.284677567449023,0.7843968653439434
185.28990266164112,22.710097338358878,0.6528839902845891
131.71532243255098,27.284677567449023,0.7843968653439434
117.26087364198749,29.739126358012513,0.854958884363809
178.43349255416615,16.56650744583385,0.4762642504418681
159.40496385418191,-25.404963854181915,-0.7303576874652304
143.76243350228907,38.23756649771093,1.0992773224107144
169.64737230974833,-6.647372309748334,-0.19110278982227483
132.90340399388032,-25.903403993880318,-0.7446871543308189
132.90340399388032,35.09659600611968,1.0089787509267212
143.76243350228907,28.23756649771093,0.8117911084340685
132.90340399388032,-5.903403993880318,-0.16971472637752705
159.40496385418191,69.59503614581809,2.0007613453129056
162.7909622022733,-72.7909622022733,-2.09263981352487
117.26087364198749,-0.2608736419874873,-0.007499757566128909
143.76243350228907,6.2375664977109295,0.17932143768544748
131.71532243255098,-39.71532243255098,-1.1417607682995845
117.26087364198749,2.7391263580125127,0.07874610662686488
159.40496385418191,54.595036145818085,1.569532024347937
131.71532243255098,-11.715322432550977,-0.3367993691649757
185.28990266164112,10.710097338358878,0.3079005335126139
169.64737230974833,-55.647372309748334,-1.59978523830784
162.7909622022733,11.209037797726694,0.32224438387895615
178.43349255416615,46.56650744583385,1.3387228923718058
178.43349255416615,6.5665074458338495,0.18877803646522215
178.43349255416615,32.56650744583385,0.9362421928045015
131.71532243255098,31.284677567449023,0.8993913509346018
143.76243350228907,1.2375664977109295,0.035578330697124516
185.28990266164112,-76.28990266164112,-2.193229528084206
143.76243350228907,-21.76243350228907,-0.6256399614491611
143.76243350228907,-48.76243350228907,-1.4018527391861053
159.40496385418191,-0.40496385418191494,-0.011642152523615662
117.26087364198749,-15.260873641987487,-0.43872907853109777
117.26087364198749,30.739126358012513,0.8837075057614735
143.76243350228907,38.23756649771093,1.0992773224107144
185.28990266164112,33.71009733835888,0.9691188256588995
169.64737230974833,-80.64737230974833,-2.318500773249455
159.40496385418191,-22.404963854181915,-0.6441118232722367
132.90340399388032,-26.903403993880318,-0.7734357757284835
117.26087364198749,18.739126358012513,0.5387240489894984
159.40496385418191,-2.404963854181915,-0.06913939531894485
117.26087364198749,38.73912635801251,1.1136964769427902
159.40496385418191,3.595036145818085,0.10335233306704271
117.26087364198749,37.73912635801251,1.0849478555451255
117.26087364198749,-14.260873641987487,-0.4099804571334332
117.26087364198749,11.739126358012513,0.33748369920584625
132.90340399388032,-14.903403993880318,-0.42845231895650837
108.1090688308808,24.8909311691192,0.7155799564163361
108.1090688308808,12.890931169119199,0.3705964996443609
