_id,Year,HPI Percentile Ranking,Encounter Setting,Category,Category Description,Diagnosis Group,Residence,Count
1,2020,0-25 (Least Healthy),Inpatient,Sex,Female,All Other Diagnoses,Homeless,1100
2,2020,0-25 (Least Healthy),Inpatient,Sex,Female,Co-Occuring Disorders,Homeless,4684
3,2020,0-25 (Least Healthy),Inpatient,Sex,Female,Mental Health Disorders,Homeless,1739
4,2020,0-25 (Least Healthy),Inpatient,Sex,Female,Substance Use Disorders,Homeless,1975
5,2020,0-25 (Least Healthy),Inpatient,Sex,Female,All Other Diagnoses,Not Homeless,386972
6,2020,0-25 (Least Healthy),Inpatient,Sex,Female,Co-Occuring Disorders,Not Homeless,28870
7,2020,0-25 (Least Healthy),Inpatient,Sex,Female,Mental Health Disorders,Not Homeless,73722
8,2020,0-25 (Least Healthy),Inpatient,Sex,Female,Substance Use Disorders,Not Homeless,32992
9,2020,0-25 (Least Healthy),Inpatient,Sex,Male,All Other Diagnoses,Homeless,2753
10,2020,0-25 (Least Healthy),Inpatient,Sex,Male,Co-Occuring Disorders,Homeless,11225
11,2020,0-25 (Least Healthy),Inpatient,Sex,Male,Mental Health Disorders,Homeless,2766
12,2020,0-25 (Least Healthy),Inpatient,Sex,Male,Substance Use Disorders,Homeless,7534
13,2020,0-25 (Least Healthy),Inpatient,Sex,Male,All Other Diagnoses,Not Homeless,269062
14,2020,0-25 (Least Healthy),Inpatient,Sex,Male,Co-Occuring Disorders,Not Homeless,36414
15,2020,0-25 (Least Healthy),Inpatient,Sex,Male,Mental Health Disorders,Not Homeless,45212
16,2020,0-25 (Least Healthy),Inpatient,Sex,Male,Substance Use Disorders,Not Homeless,66782
17,2020,25.01-50 (Somewhat Unhealthy),Inpatient,Sex,Female,All Other Diagnoses,Homeless,1029
18,2020,25.01-50 (Somewhat Unhealthy),Inpatient,Sex,Female,Co-Occuring Disorders,Homeless,4640
19,2020,25.01-50 (Somewhat Unhealthy),Inpatient,Sex,Female,Mental Health Disorders,Homeless,1513
20,2020,25.01-50 (Somewhat Unhealthy),Inpatient,Sex,Female,Substance Use Disorders,Homeless,2043
21,2020,25.01-50 (Somewhat Unhealthy),Inpatient,Sex,Female,All Other Diagnoses,Not Homeless,356342
22,2020,25.01-50 (Somewhat Unhealthy),Inpatient,Sex,Female,Co-Occuring Disorders,Not Homeless,29641
23,2020,25.01-50 (Somewhat Unhealthy),Inpatient,Sex,Female,Mental Health Disorders,Not Homeless,84497
24,2020,25.01-50 (Somewhat Unhealthy),Inpatient,Sex,Female,Substance Use Disorders,Not Homeless,26248
25,2020,25.01-50 (Somewhat Unhealthy),Inpatient,Sex,Male,All Other Diagnoses,Homeless,2322
26,2020,25.01-50 (Somewhat Unhealthy),Inpatient,Sex,Male,Co-Occuring Disorders,Homeless,9490
27,2020,25.01-50 (Somewhat Unhealthy),Inpatient,Sex,Male,Mental Health Disorders,Homeless,2245
28,2020,25.01-50 (Somewhat Unhealthy),Inpatient,Sex,Male,Substance Use Disorders,Homeless,7443
29,2020,25.01-50 (Somewhat Unhealthy),Inpatient,Sex,Male,All Other Diagnoses,Not Homeless,259272
30,2020,25.01-50 (Somewhat Unhealthy),Inpatient,Sex,Male,Co-Occuring Disorders,Not Homeless,34472
31,2020,25.01-50 (Somewhat Unhealthy),Inpatient,Sex,Male,Mental Health Disorders,Not Homeless,48896
32,2020,25.01-50 (Somewhat Unhealthy),Inpatient,Sex,Male,Substance Use Disorders,Not Homeless,55954
33,2020,50.01-75 (Somewhat Healthy),Inpatient,Sex,Female,All Other Diagnoses,Homeless,669
34,2020,50.01-75 (Somewhat Healthy),Inpatient,Sex,Female,Co-Occuring Disorders,Homeless,3766
35,2020,50.01-75 (Somewhat Healthy),Inpatient,Sex,Female,Mental Health Disorders,Homeless,1258
36,2020,50.01-75 (Somewhat Healthy),Inpatient,Sex,Female,Substance Use Disorders,Homeless,1359
37,2020,50.01-75 (Somewhat Healthy),Inpatient,Sex,Female,All Other Diagnoses,Not Homeless,294930
38,2020,50.01-75 (Somewhat Healthy),Inpatient,Sex,Female,Co-Occuring Disorders,Not Homeless,25982
39,2020,50.01-75 (Somewhat Healthy),Inpatient,Sex,Female,Mental Health Disorders,Not Homeless,82640
40,2020,50.01-75 (Somewhat Healthy),Inpatient,Sex,Female,Substance Use Disorders,Not Homeless,19320
41,2020,50.01-75 (Somewhat Healthy),Inpatient,Sex,Male,All Other Diagnoses,Homeless,1689
42,2020,50.01-75 (Somewhat Healthy),Inpatient,Sex,Male,Co-Occuring Disorders,Homeless,8448
43,2020,50.01-75 (Somewhat Healthy),Inpatient,Sex,Male,Mental Health Disorders,Homeless,1706
44,2020,50.01-75 (Somewhat Healthy),Inpatient,Sex,Male,Substance Use Disorders,Homeless,5621
45,2020,50.01-75 (Somewhat Healthy),Inpatient,Sex,Male,All Other Diagnoses,Not Homeless,223797
46,2020,50.01-75 (Somewhat Healthy),Inpatient,Sex,Male,Co-Occuring Disorders,Not Homeless,28801
47,2020,50.01-75 (Somewhat Healthy),Inpatient,Sex,Male,Mental Health Disorders,Not Homeless,45568
48,2020,50.01-75 (Somewhat Healthy),Inpatient,Sex,Male,Substance Use Disorders,Not Homeless,40414
49,2020,75.01-100 (Most Healthy),Inpatient,Sex,Female,All Other Diagnoses,Homeless,878
50,2020,75.01-100 (Most Healthy),Inpatient,Sex,Female,Co-Occuring Disorders,Homeless,4109
51,2020,75.01-100 (Most Healthy),Inpatient,Sex,Female,Mental Health Disorders,Homeless,1371
52,2020,75.01-100 (Most Healthy),Inpatient,Sex,Female,Substance Use Disorders,Homeless,1902
53,2020,75.01-100 (Most Healthy),Inpatient,Sex,Female,All Other Diagnoses,Not Homeless,249449
54,2020,75.01-100 (Most Healthy),Inpatient,Sex,Female,Co-Occuring Disorders,Not Homeless,19198
55,2020,75.01-100 (Most Healthy),Inpatient,Sex,Female,Mental Health Disorders,Not Homeless,73376
56,2020,75.01-100 (Most Healthy),Inpatient,Sex,Female,Substance Use Disorders,Not Homeless,12136
57,2020,75.01-100 (Most Healthy),Inpatient,Sex,Male,All Other Diagnoses,Homeless,2458
58,2020,75.01-100 (Most Healthy),Inpatient,Sex,Male,Co-Occuring Disorders,Homeless,9611
59,2020,75.01-100 (Most Healthy),Inpatient,Sex,Male,Mental Health Disorders,Homeless,2097
60,2020,75.01-100 (Most Healthy),Inpatient,Sex,Male,Substance Use Disorders,Homeless,8337
61,2020,75.01-100 (Most Healthy),Inpatient,Sex,Male,All Other Diagnoses,Not Homeless,190731
62,2020,75.01-100 (Most Healthy),Inpatient,Sex,Male,Co-Occuring Disorders,Not Homeless,22393
63,2020,75.01-100 (Most Healthy),Inpatient,Sex,Male,Mental Health Disorders,Not Homeless,39524
64,2020,75.01-100 (Most Healthy),Inpatient,Sex,Male,Substance Use Disorders,Not Homeless,27093
65,2020,0-25 (Least Healthy),Inpatient,Expected Payer,Medi-Cal,All Other Diagnoses,Homeless,2592
66,2020,0-25 (Least Healthy),Inpatient,Expected Payer,Medi-Cal,Co-Occuring Disorders,Homeless,11508
67,2020,0-25 (Least Healthy),Inpatient,Expected Payer,Medi-Cal,Mental Health Disorders,Homeless,3028
68,2020,0-25 (Least Healthy),Inpatient,Expected Payer,Medi-Cal,Substance Use Disorders,Homeless,7098
69,2020,0-25 (Least Healthy),Inpatient,Expected Payer,Medi-Cal,All Other Diagnoses,Not Homeless,310885
70,2020,0-25 (Least Healthy),Inpatient,Expected Payer,Medi-Cal,Co-Occuring Disorders,Not Homeless,33413
71,2020,0-25 (Least Healthy),Inpatient,Expected Payer,Medi-Cal,Mental Health Disorders,Not Homeless,41746
72,2020,0-25 (Least Healthy),Inpatient,Expected Payer,Medi-Cal,Substance Use Disorders,Not Homeless,54983
73,2020,0-25 (Least Healthy),Inpatient,Expected Payer,Medicare,All Other Diagnoses,Homeless,878
74,2020,0-25 (Least Healthy),Inpatient,Expected Payer,Medicare,Co-Occuring Disorders,Homeless,2161
75,2020,0-25 (Least Healthy),Inpatient,Expected Payer,Medicare,Mental Health Disorders,Homeless,848
76,2020,0-25 (Least Healthy),Inpatient,Expected Payer,Medicare,Substance Use Disorders,Homeless,1270
77,2020,0-25 (Least Healthy),Inpatient,Expected Payer,Medicare,All Other Diagnoses,Not Homeless,176314
78,2020,0-25 (Least Healthy),Inpatient,Expected Payer,Medicare,Co-Occuring Disorders,Not Homeless,17944
79,2020,0-25 (Least Healthy),Inpatient,Expected Payer,Medicare,Mental Health Disorders,Not Homeless,51493
80,2020,0-25 (Least Healthy),Inpatient,Expected Payer,Medicare,Substance Use Disorders,Not Homeless,26763
81,2020,0-25 (Least Healthy),Inpatient,Expected Payer,Other Payer,All Other Diagnoses,Homeless,75
82,2020,0-25 (Least Healthy),Inpatient,Expected Payer,Other Payer,Co-Occuring Disorders,Homeless,1315
83,2020,0-25 (Least Healthy),Inpatient,Expected Payer,Other Payer,Mental Health Disorders,Homeless,285
84,2020,0-25 (Least Healthy),Inpatient,Expected Payer,Other Payer,Substance Use Disorders,Homeless,581
85,2020,0-25 (Least Healthy),Inpatient,Expected Payer,Other Payer,All Other Diagnoses,Not Homeless,20218
86,2020,0-25 (Least Healthy),Inpatient,Expected Payer,Other Payer,Co-Occuring Disorders,Not Homeless,2576
87,2020,0-25 (Least Healthy),Inpatient,Expected Payer,Other Payer,Mental Health Disorders,Not Homeless,4899
88,2020,0-25 (Least Healthy),Inpatient,Expected Payer,Other Payer,Substance Use Disorders,Not Homeless,2983
89,2020,0-25 (Least Healthy),Inpatient,Expected Payer,Private Coverage,All Other Diagnoses,Homeless,122
90,2020,0-25 (Least Healthy),Inpatient,Expected Payer,Private Coverage,Co-Occuring Disorders,Homeless,355
91,2020,0-25 (Least Healthy),Inpatient,Expected Payer,Private Coverage,Mental Health Disorders,Homeless,132
92,2020,0-25 (Least Healthy),Inpatient,Expected Payer,Private Coverage,Substance Use Disorders,Homeless,158
93,2020,0-25 (Least Healthy),Inpatient,Expected Payer,Private Coverage,All Other Diagnoses,Not Homeless,137357
94,2020,0-25 (Least Healthy),Inpatient,Expected Payer,Private Coverage,Co-Occuring Disorders,Not Homeless,8841
95,2020,0-25 (Least Healthy),Inpatient,Expected Payer,Private Coverage,Mental Health Disorders,Not Homeless,18826
96,2020,0-25 (Least Healthy),Inpatient,Expected Payer,Private Coverage,Substance Use Disorders,Not Homeless,11812
97,2020,0-25 (Least Healthy),Inpatient,Expected Payer,Uninsured,All Other Diagnoses,Homeless,186
98,2020,0-25 (Least Healthy),Inpatient,Expected Payer,Uninsured,Co-Occuring Disorders,Homeless,570
99,2020,0-25 (Least Healthy),Inpatient,Expected Payer,Uninsured,Mental Health Disorders,Homeless,212
100,2020,0-25 (Least Healthy),Inpatient,Expected Payer,Uninsured,Substance Use Disorders,Homeless,407
101,2020,0-25 (Least Healthy),Inpatient,Expected Payer,Uninsured,All Other Diagnoses,Not Homeless,11322
102,2020,0-25 (Least Healthy),Inpatient,Expected Payer,Uninsured,Co-Occuring Disorders,Not Homeless,2514
103,2020,0-25 (Least Healthy),Inpatient,Expected Payer,Uninsured,Mental Health Disorders,Not Homeless,1974
104,2020,0-25 (Least Healthy),Inpatient,Expected Payer,Uninsured,Substance Use Disorders,Not Homeless,3242
105,2020,25.01-50 (Somewhat Unhealthy),Inpatient,Expected Payer,Medi-Cal,All Other Diagnoses,Homeless,1993
106,2020,25.01-50 (Somewhat Unhealthy),Inpatient,Expected Payer,Medi-Cal,Co-Occuring Disorders,Homeless,8442
107,2020,25.01-50 (Somewhat Unhealthy),Inpatient,Expected Payer,Medi-Cal,Mental Health Disorders,Homeless,1662
108,2020,25.01-50 (Somewhat Unhealthy),Inpatient,Expected Payer,Medi-Cal,Substance Use Disorders,Homeless,7186
109,2020,25.01-50 (Somewhat Unhealthy),Inpatient,Expected Payer,Medi-Cal,All Other Diagnoses,Not Homeless,202657
110,2020,25.01-50 (Somewhat Unhealthy),Inpatient,Expected Payer,Medi-Cal,Co-Occuring Disorders,Not Homeless,26075
111,2020,25.01-50 (Somewhat Unhealthy),Inpatient,Expected Payer,Medi-Cal,Mental Health Disorders,Not Homeless,33688
112,2020,25.01-50 (Somewhat Unhealthy),Inpatient,Expected Payer,Medi-Cal,Substance Use Disorders,Not Homeless,37038
113,2020,25.01-50 (Somewhat Unhealthy),Inpatient,Expected Payer,Medicare,All Other Diagnoses,Homeless,904
114,2020,25.01-50 (Somewhat Unhealthy),Inpatient,Expected Payer,Medicare,Co-Occuring Disorders,Homeless,2905
115,2020,25.01-50 (Somewhat Unhealthy),Inpatient,Expected Payer,Medicare,Mental Health Disorders,Homeless,1172
116,2020,25.01-50 (Somewhat Unhealthy),Inpatient,Expected Payer,Medicare,Substance Use Disorders,Homeless,1521
117,2020,25.01-50 (Somewhat Unhealthy),Inpatient,Expected Payer,Medicare,All Other Diagnoses,Not Homeless,199081
118,2020,25.01-50 (Somewhat Unhealthy),Inpatient,Expected Payer,Medicare,Co-Occuring Disorders,Not Homeless,20183
119,2020,25.01-50 (Somewhat Unhealthy),Inpatient,Expected Payer,Medicare,Mental Health Disorders,Not Homeless,64329
120,2020,25.01-50 (Somewhat Unhealthy),Inpatient,Expected Payer,Medicare,Substance Use Disorders,Not Homeless,25073
121,2020,25.01-50 (Somewhat Unhealthy),Inpatient,Expected Payer,Other Payer,All Other Diagnoses,Homeless,87
122,2020,25.01-50 (Somewhat Unhealthy),Inpatient,Expected Payer,Other Payer,Co-Occuring Disorders,Homeless,222
123,2020,25.01-50 (Somewhat Unhealthy),Inpatient,Expected Payer,Other Payer,Mental Health Disorders,Homeless,84
124,2020,25.01-50 (Somewhat Unhealthy),Inpatient,Expected Payer,Other Payer,Substance Use Disorders,Homeless,111
125,2020,25.01-50 (Somewhat Unhealthy),Inpatient,Expected Payer,Other Payer,All Other Diagnoses,Not Homeless,17759
126,2020,25.01-50 (Somewhat Unhealthy),Inpatient,Expected Payer,Other Payer,Co-Occuring Disorders,Not Homeless,2278
127,2020,25.01-50 (Somewhat Unhealthy),Inpatient,Expected Payer,Other Payer,Mental Health Disorders,Not Homeless,4688
128,2020,25.01-50 (Somewhat Unhealthy),Inpatient,Expected Payer,Other Payer,Substance Use Disorders,Not Homeless,2468
129,2020,25.01-50 (Somewhat Unhealthy),Inpatient,Expected Payer,Private Coverage,All Other Diagnoses,Homeless,180
130,2020,25.01-50 (Somewhat Unhealthy),Inpatient,Expected Payer,Private Coverage,Co-Occuring Disorders,Homeless,1541
131,2020,25.01-50 (Somewhat Unhealthy),Inpatient,Expected Payer,Private Coverage,Mental Health Disorders,Homeless,499
132,2020,25.01-50 (Somewhat Unhealthy),Inpatient,Expected Payer,Private Coverage,Substance Use Disorders,Homeless,239
133,2020,25.01-50 (Somewhat Unhealthy),Inpatient,Expected Payer,Private Coverage,All Other Diagnoses,Not Homeless,185155
134,2020,25.01-50 (Somewhat Unhealthy),Inpatient,Expected Payer,Private Coverage,Co-Occuring Disorders,Not Homeless,12974
135,2020,25.01-50 (Somewhat Unhealthy),Inpatient,Expected Payer,Private Coverage,Mental Health Disorders,Not Homeless,28639
136,2020,25.01-50 (Somewhat Unhealthy),Inpatient,Expected Payer,Private Coverage,Substance Use Disorders,Not Homeless,14865
137,2020,25.01-50 (Somewhat Unhealthy),Inpatient,Expected Payer,Uninsured,All Other Diagnoses,Homeless,188
138,2020,25.01-50 (Somewhat Unhealthy),Inpatient,Expected Payer,Uninsured,Co-Occuring Disorders,Homeless,1022
139,2020,25.01-50 (Somewhat Unhealthy),Inpatient,Expected Payer,Uninsured,Mental Health Disorders,Homeless,341
140,2020,25.01-50 (Somewhat Unhealthy),Inpatient,Expected Payer,Uninsured,Substance Use Disorders,Homeless,430
141,2020,25.01-50 (Somewhat Unhealthy),Inpatient,Expected Payer,Uninsured,All Other Diagnoses,Not Homeless,11011
142,2020,25.01-50 (Somewhat Unhealthy),Inpatient,Expected Payer,Uninsured,Co-Occuring Disorders,Not Homeless,2605
143,2020,25.01-50 (Somewhat Unhealthy),Inpatient,Expected Payer,Uninsured,Mental Health Disorders,Not Homeless,2055
144,2020,25.01-50 (Somewhat Unhealthy),Inpatient,Expected Payer,Uninsured,Substance Use Disorders,Not Homeless,2761
145,2020,50.01-75 (Somewhat Healthy),Inpatient,Expected Payer,Medi-Cal,All Other Diagnoses,Homeless,1337
146,2020,50.01-75 (Somewhat Healthy),Inpatient,Expected Payer,Medi-Cal,Co-Occuring Disorders,Homeless,5659
147,2020,50.01-75 (Somewhat Healthy),Inpatient,Expected Payer,Medi-Cal,Mental Health Disorders,Homeless,1149
148,2020,50.01-75 (Somewhat Healthy),Inpatient,Expected Payer,Medi-Cal,Substance Use Disorders,Homeless,5250
149,2020,50.01-75 (Somewhat Healthy),Inpatient,Expected Payer,Medi-Cal,All Other Diagnoses,Not Homeless,104247
150,2020,50.01-75 (Somewhat Healthy),Inpatient,Expected Payer,Medi-Cal,Co-Occuring Disorders,Not Homeless,17584
151,2020,50.01-75 (Somewhat Healthy),Inpatient,Expected Payer,Medi-Cal,Mental Health Disorders,Not Homeless,21265
152,2020,50.01-75 (Somewhat Healthy),Inpatient,Expected Payer,Medi-Cal,Substance Use Disorders,Not Homeless,21504
153,2020,50.01-75 (Somewhat Healthy),Inpatient,Expected Payer,Medicare,All Other Diagnoses,Homeless,701
154,2020,50.01-75 (Somewhat Healthy),Inpatient,Expected Payer,Medicare,Co-Occuring Disorders,Homeless,2509
155,2020,50.01-75 (Somewhat Healthy),Inpatient,Expected Payer,Medicare,Mental Health Disorders,Homeless,984
156,2020,50.01-75 (Somewhat Healthy),Inpatient,Expected Payer,Medicare,Substance Use Disorders,Homeless,1051
157,2020,50.01-75 (Somewhat Healthy),Inpatient,Expected Payer,Medicare,All Other Diagnoses,Not Homeless,186802
158,2020,50.01-75 (Somewhat Healthy),Inpatient,Expected Payer,Medicare,Co-Occuring Disorders,Not Homeless,16673
159,2020,50.01-75 (Somewhat Healthy),Inpatient,Expected Payer,Medicare,Mental Health Disorders,Not Homeless,64678
160,2020,50.01-75 (Somewhat Healthy),Inpatient,Expected Payer,Medicare,Substance Use Disorders,Not Homeless,19488
161,2020,50.01-75 (Somewhat Healthy),Inpatient,Expected Payer,Other Payer,All Other Diagnoses,Homeless,61
162,2020,50.01-75 (Somewhat Healthy),Inpatient,Expected Payer,Other Payer,Co-Occuring Disorders,Homeless,480
163,2020,50.01-75 (Somewhat Healthy),Inpatient,Expected Payer,Other Payer,Mental Health Disorders,Homeless,114
164,2020,50.01-75 (Somewhat Healthy),Inpatient,Expected Payer,Other Payer,Substance Use Disorders,Homeless,87
165,2020,50.01-75 (Somewhat Healthy),Inpatient,Expected Payer,Other Payer,All Other Diagnoses,Not Homeless,16210
166,2020,50.01-75 (Somewhat Healthy),Inpatient,Expected Payer,Other Payer,Co-Occuring Disorders,Not Homeless,2196
167,2020,50.01-75 (Somewhat Healthy),Inpatient,Expected Payer,Other Payer,Mental Health Disorders,Not Homeless,4256
168,2020,50.01-75 (Somewhat Healthy),Inpatient,Expected Payer,Other Payer,Substance Use Disorders,Not Homeless,1857
169,2020,50.01-75 (Somewhat Healthy),Inpatient,Expected Payer,Private Coverage,All Other Diagnoses,Homeless,144
170,2020,50.01-75 (Somewhat Healthy),Inpatient,Expected Payer,Private Coverage,Co-Occuring Disorders,Homeless,1010
171,2020,50.01-75 (Somewhat Healthy),Inpatient,Expected Payer,Private Coverage,Mental Health Disorders,Homeless,236
172,2020,50.01-75 (Somewhat Healthy),Inpatient,Expected Payer,Private Coverage,Substance Use Disorders,Homeless,304
173,2020,50.01-75 (Somewhat Healthy),Inpatient,Expected Payer,Private Coverage,All Other Diagnoses,Not Homeless,202851
174,2020,50.01-75 (Somewhat Healthy),Inpatient,Expected Payer,Private Coverage,Co-Occuring Disorders,Not Homeless,16292
175,2020,50.01-75 (Somewhat Healthy),Inpatient,Expected Payer,Private Coverage,Mental Health Disorders,Not Homeless,36402
176,2020,50.01-75 (Somewhat Healthy),Inpatient,Expected Payer,Private Coverage,Substance Use Disorders,Not Homeless,14952
177,2020,50.01-75 (Somewhat Healthy),Inpatient,Expected Payer,Uninsured,All Other Diagnoses,Homeless,115
178,2020,50.01-75 (Somewhat Healthy),Inpatient,Expected Payer,Uninsured,Co-Occuring Disorders,Homeless,2556
179,2020,50.01-75 (Somewhat Healthy),Inpatient,Expected Payer,Uninsured,Mental Health Disorders,Homeless,481
180,2020,50.01-75 (Somewhat Healthy),Inpatient,Expected Payer,Uninsured,Substance Use Disorders,Homeless,289
181,2020,50.01-75 (Somewhat Healthy),Inpatient,Expected Payer,Uninsured,All Other Diagnoses,Not Homeless,8658
182,2020,50.01-75 (Somewhat Healthy),Inpatient,Expected Payer,Uninsured,Co-Occuring Disorders,Not Homeless,2042
183,2020,50.01-75 (Somewhat Healthy),Inpatient,Expected Payer,Uninsured,Mental Health Disorders,Not Homeless,1614
184,2020,50.01-75 (Somewhat Healthy),Inpatient,Expected Payer,Uninsured,Substance Use Disorders,Not Homeless,1934
185,2020,75.01-100 (Most Healthy),Inpatient,Expected Payer,Medi-Cal,All Other Diagnoses,Homeless,1811
186,2020,75.01-100 (Most Healthy),Inpatient,Expected Payer,Medi-Cal,Co-Occuring Disorders,Homeless,8275
187,2020,75.01-100 (Most Healthy),Inpatient,Expected Payer,Medi-Cal,Mental Health Disorders,Homeless,1607
188,2020,75.01-100 (Most Healthy),Inpatient,Expected Payer,Medi-Cal,Substance Use Disorders,Homeless,7526
189,2020,75.01-100 (Most Healthy),Inpatient,Expected Payer,Medi-Cal,All Other Diagnoses,Not Homeless,50822
190,2020,75.01-100 (Most Healthy),Inpatient,Expected Payer,Medi-Cal,Co-Occuring Disorders,Not Homeless,11292
191,2020,75.01-100 (Most Healthy),Inpatient,Expected Payer,Medi-Cal,Mental Health Disorders,Not Homeless,12310
192,2020,75.01-100 (Most Healthy),Inpatient,Expected Payer,Medi-Cal,Substance Use Disorders,Not Homeless,11585
193,2020,75.01-100 (Most Healthy),Inpatient,Expected Payer,Medicare,All Other Diagnoses,Homeless,1093
194,2020,75.01-100 (Most Healthy),Inpatient,Expected Payer,Medicare,Co-Occuring Disorders,Homeless,3228
195,2020,75.01-100 (Most Healthy),Inpatient,Expected Payer,Medicare,Mental Health Disorders,Homeless,1287
196,2020,75.01-100 (Most Healthy),Inpatient,Expected Payer,Medicare,Substance Use Disorders,Homeless,1774
197,2020,75.01-100 (Most Healthy),Inpatient,Expected Payer,Medicare,All Other Diagnoses,Not Homeless,162238
198,2020,75.01-100 (Most Healthy),Inpatient,Expected Payer,Medicare,Co-Occuring Disorders,Not Homeless,12288
199,2020,75.01-100 (Most Healthy),Inpatient,Expected Payer,Medicare,Mental Health Disorders,Not Homeless,58436
200,2020,75.01-100 (Most Healthy),Inpatient,Expected Payer,Medicare,Substance Use Disorders,Not Homeless,13708
201,2020,75.01-100 (Most Healthy),Inpatient,Expected Payer,Other Payer,All Other Diagnoses,Homeless,110
202,2020,75.01-100 (Most Healthy),Inpatient,Expected Payer,Other Payer,Co-Occuring Disorders,Homeless,412
203,2020,75.01-100 (Most Healthy),Inpatient,Expected Payer,Other Payer,Mental Health Disorders,Homeless,139
204,2020,75.01-100 (Most Healthy),Inpatient,Expected Payer,Other Payer,Substance Use Disorders,Homeless,196
205,2020,75.01-100 (Most Healthy),Inpatient,Expected Payer,Other Payer,All Other Diagnoses,Not Homeless,10935
206,2020,75.01-100 (Most Healthy),Inpatient,Expected Payer,Other Payer,Co-Occuring Disorders,Not Homeless,1161
207,2020,75.01-100 (Most Healthy),Inpatient,Expected Payer,Other Payer,Mental Health Disorders,Not Homeless,2542
208,2020,75.01-100 (Most Healthy),Inpatient,Expected Payer,Other Payer,Substance Use Disorders,Not Homeless,1070
209,2020,75.01-100 (Most Healthy),Inpatient,Expected Payer,Private Coverage,All Other Diagnoses,Homeless,147
210,2020,75.01-100 (Most Healthy),Inpatient,Expected Payer,Private Coverage,Co-Occuring Disorders,Homeless,1219
211,2020,75.01-100 (Most Healthy),Inpatient,Expected Payer,Private Coverage,Mental Health Disorders,Homeless,308
212,2020,75.01-100 (Most Healthy),Inpatient,Expected Payer,Private Coverage,Substance Use Disorders,Homeless,298
213,2020,75.01-100 (Most Healthy),Inpatient,Expected Payer,Private Coverage,All Other Diagnoses,Not Homeless,208940
214,2020,75.01-100 (Most Healthy),Inpatient,Expected Payer,Private Coverage,Co-Occuring Disorders,Not Homeless,15671
215,2020,75.01-100 (Most Healthy),Inpatient,Expected Payer,Private Coverage,Mental Health Disorders,Not Homeless,38418
216,2020,75.01-100 (Most Healthy),Inpatient,Expected Payer,Private Coverage,Substance Use Disorders,Not Homeless,11572
217,2020,75.01-100 (Most Healthy),Inpatient,Expected Payer,Uninsured,All Other Diagnoses,Homeless,175
218,2020,75.01-100 (Most Healthy),Inpatient,Expected Payer,Uninsured,Co-Occuring Disorders,Homeless,589
219,2020,75.01-100 (Most Healthy),Inpatient,Expected Payer,Uninsured,Mental Health Disorders,Homeless,129
220,2020,75.01-100 (Most Healthy),Inpatient,Expected Payer,Uninsured,Substance Use Disorders,Homeless,449
221,2020,75.01-100 (Most Healthy),Inpatient,Expected Payer,Uninsured,All Other Diagnoses,Not Homeless,7271
222,2020,75.01-100 (Most Healthy),Inpatient,Expected Payer,Uninsured,Co-Occuring Disorders,Not Homeless,1182
223,2020,75.01-100 (Most Healthy),Inpatient,Expected Payer,Uninsured,Mental Health Disorders,Not Homeless,1205
224,2020,75.01-100 (Most Healthy),Inpatient,Expected Payer,Uninsured,Substance Use Disorders,Not Homeless,1294
225,2020,0-25 (Least Healthy),Inpatient,Race/Ethnicity Group,Other Race/Ethnicity,All Other Diagnoses,Homeless,282
226,2020,0-25 (Least Healthy),Inpatient,Race/Ethnicity Group,Other Race/Ethnicity,Co-Occuring Disorders,Homeless,1035
227,2020,0-25 (Least Healthy),Inpatient,Race/Ethnicity Group,Other Race/Ethnicity,Mental Health Disorders,Homeless,392
228,2020,0-25 (Least Healthy),Inpatient,Race/Ethnicity Group,Other Race/Ethnicity,Substance Use Disorders,Homeless,636
229,2020,0-25 (Least Healthy),Inpatient,Race/Ethnicity Group,Other Race/Ethnicity,All Other Diagnoses,Not Homeless,34518
230,2020,0-25 (Least Healthy),Inpatient,Race/Ethnicity Group,Other Race/Ethnicity,Co-Occuring Disorders,Not Homeless,3907
231,2020,0-25 (Least Healthy),Inpatient,Race/Ethnicity Group,Other Race/Ethnicity,Mental Health Disorders,Not Homeless,6709
232,2020,0-25 (Least Healthy),Inpatient,Race/Ethnicity Group,Other Race/Ethnicity,Substance Use Disorders,Not Homeless,5259
233,2020,0-25 (Least Healthy),Inpatient,Race/Ethnicity Group,American Indian/Alaska Native,All Other Diagnoses,Homeless,16
234,2020,0-25 (Least Healthy),Inpatient,Race/Ethnicity Group,American Indian/Alaska Native,Co-Occuring Disorders,Homeless,205
235,2020,0-25 (Least Healthy),Inpatient,Race/Ethnicity Group,American Indian/Alaska Native,Mental Health Disorders,Homeless,38
236,2020,0-25 (Least Healthy),Inpatient,Race/Ethnicity Group,American Indian/Alaska Native,Substance Use Disorders,Homeless,89
237,2020,0-25 (Least Healthy),Inpatient,Race/Ethnicity Group,American Indian/Alaska Native,All Other Diagnoses,Not Homeless,1733
238,2020,0-25 (Least Healthy),Inpatient,Race/Ethnicity Group,American Indian/Alaska Native,Co-Occuring Disorders,Not Homeless,437
239,2020,0-25 (Least Healthy),Inpatient,Race/Ethnicity Group,American Indian/Alaska Native,Mental Health Disorders,Not Homeless,472
240,2020,0-25 (Least Healthy),Inpatient,Race/Ethnicity Group,American Indian/Alaska Native,Substance Use Disorders,Not Homeless,620
241,2020,0-25 (Least Healthy),Inpatient,Race/Ethnicity Group,Asian/Pacific Islander,All Other Diagnoses,Homeless,116
242,2020,0-25 (Least Healthy),Inpatient,Race/Ethnicity Group,Asian/Pacific Islander,Co-Occuring Disorders,Homeless,415
243,2020,0-25 (Least Healthy),Inpatient,Race/Ethnicity Group,Asian/Pacific Islander,Mental Health Disorders,Homeless,145
244,2020,0-25 (Least Healthy),Inpatient,Race/Ethnicity Group,Asian/Pacific Islander,Substance Use Disorders,Homeless,139
245,2020,0-25 (Least Healthy),Inpatient,Race/Ethnicity Group,Asian/Pacific Islander,All Other Diagnoses,Not Homeless,37988
246,2020,0-25 (Least Healthy),Inpatient,Race/Ethnicity Group,Asian/Pacific Islander,Co-Occuring Disorders,Not Homeless,1388
247,2020,0-25 (Least Healthy),Inpatient,Race/Ethnicity Group,Asian/Pacific Islander,Mental Health Disorders,Not Homeless,4802
248,2020,0-25 (Least Healthy),Inpatient,Race/Ethnicity Group,Asian/Pacific Islander,Substance Use Disorders,Not Homeless,2778
249,2020,0-25 (Least Healthy),Inpatient,Race/Ethnicity Group,Black,All Other Diagnoses,Homeless,987
250,2020,0-25 (Least Healthy),Inpatient,Race/Ethnicity Group,Black,Co-Occuring Disorders,Homeless,4055
251,2020,0-25 (Least Healthy),Inpatient,Race/Ethnicity Group,Black,Mental Health Disorders,Homeless,1227
252,2020,0-25 (Least Healthy),Inpatient,Race/Ethnicity Group,Black,Substance Use Disorders,Homeless,2284
253,2020,0-25 (Least Healthy),Inpatient,Race/Ethnicity Group,Black,All Other Diagnoses,Not Homeless,66966
254,2020,0-25 (Least Healthy),Inpatient,Race/Ethnicity Group,Black,Co-Occuring Disorders,Not Homeless,12067
255,2020,0-25 (Least Healthy),Inpatient,Race/Ethnicity Group,Black,Mental Health Disorders,Not Homeless,15700
256,2020,0-25 (Least Healthy),Inpatient,Race/Ethnicity Group,Black,Substance Use Disorders,Not Homeless,19231
257,2020,0-25 (Least Healthy),Inpatient,Race/Ethnicity Group,Hispanic,All Other Diagnoses,Homeless,1577
258,2020,0-25 (Least Healthy),Inpatient,Race/Ethnicity Group,Hispanic,Co-Occuring Disorders,Homeless,4817
259,2020,0-25 (Least Healthy),Inpatient,Race/Ethnicity Group,Hispanic,Mental Health Disorders,Homeless,1274
260,2020,0-25 (Least Healthy),Inpatient,Race/Ethnicity Group,Hispanic,Substance Use Disorders,Homeless,3591
261,2020,0-25 (Least Healthy),Inpatient,Race/Ethnicity Group,Hispanic,All Other Diagnoses,Not Homeless,387470
262,2020,0-25 (Least Healthy),Inpatient,Race/Ethnicity Group,Hispanic,Co-Occuring Disorders,Not Homeless,21198
263,2020,0-25 (Least Healthy),Inpatient,Race/Ethnicity Group,Hispanic,Mental Health Disorders,Not Homeless,49919
264,2020,0-25 (Least Healthy),Inpatient,Race/Ethnicity Group,Hispanic,Substance Use Disorders,Not Homeless,39272
265,2020,0-25 (Least Healthy),Inpatient,Race/Ethnicity Group,White,All Other Diagnoses,Homeless,875
266,2020,0-25 (Least Healthy),Inpatient,Race/Ethnicity Group,White,Co-Occuring Disorders,Homeless,5382
267,2020,0-25 (Least Healthy),Inpatient,Race/Ethnicity Group,White,Mental Health Disorders,Homeless,1429
268,2020,0-25 (Least Healthy),Inpatient,Race/Ethnicity Group,White,Substance Use Disorders,Homeless,2775
269,2020,0-25 (Least Healthy),Inpatient,Race/Ethnicity Group,White,All Other Diagnoses,Not Homeless,127421
270,2020,0-25 (Least Healthy),Inpatient,Race/Ethnicity Group,White,Co-Occuring Disorders,Not Homeless,26291
271,2020,0-25 (Least Healthy),Inpatient,Race/Ethnicity Group,White,Mental Health Disorders,Not Homeless,41336
272,2020,0-25 (Least Healthy),Inpatient,Race/Ethnicity Group,White,Substance Use Disorders,Not Homeless,32623
273,2020,25.01-50 (Somewhat Unhealthy),Inpatient,Race/Ethnicity Group,Other Race/Ethnicity,All Other Diagnoses,Homeless,338
274,2020,25.01-50 (Somewhat Unhealthy),Inpatient,Race/Ethnicity Group,Other Race/Ethnicity,Co-Occuring Disorders,Homeless,1131
275,2020,25.01-50 (Somewhat Unhealthy),Inpatient,Race/Ethnicity Group,Other Race/Ethnicity,Mental Health Disorders,Homeless,380
276,2020,25.01-50 (Somewhat Unhealthy),Inpatient,Race/Ethnicity Group,Other Race/Ethnicity,Substance Use Disorders,Homeless,816
277,2020,25.01-50 (Somewhat Unhealthy),Inpatient,Race/Ethnicity Group,Other Race/Ethnicity,All Other Diagnoses,Not Homeless,45425
278,2020,25.01-50 (Somewhat Unhealthy),Inpatient,Race/Ethnicity Group,Other Race/Ethnicity,Co-Occuring Disorders,Not Homeless,4263
279,2020,25.01-50 (Somewhat Unhealthy),Inpatient,Race/Ethnicity Group,Other Race/Ethnicity,Mental Health Disorders,Not Homeless,9023
280,2020,25.01-50 (Somewhat Unhealthy),Inpatient,Race/Ethnicity Group,Other Race/Ethnicity,Substance Use Disorders,Not Homeless,5754
281,2020,25.01-50 (Somewhat Unhealthy),Inpatient,Race/Ethnicity Group,American Indian/Alaska Native,All Other Diagnoses,Homeless,11
282,2020,25.01-50 (Somewhat Unhealthy),Inpatient,Race/Ethnicity Group,American Indian/Alaska Native,Co-Occuring Disorders,Homeless,73
283,2020,25.01-50 (Somewhat Unhealthy),Inpatient,Race/Ethnicity Group,American Indian/Alaska Native,Mental Health Disorders,Homeless,21
284,2020,25.01-50 (Somewhat Unhealthy),Inpatient,Race/Ethnicity Group,American Indian/Alaska Native,Substance Use Disorders,Homeless,57
285,2020,25.01-50 (Somewhat Unhealthy),Inpatient,Race/Ethnicity Group,American Indian/Alaska Native,All Other Diagnoses,Not Homeless,1638
286,2020,25.01-50 (Somewhat Unhealthy),Inpatient,Race/Ethnicity Group,American Indian/Alaska Native,Co-Occuring Disorders,Not Homeless,371
287,2020,25.01-50 (Somewhat Unhealthy),Inpatient,Race/Ethnicity Group,American Indian/Alaska Native,Mental Health Disorders,Not Homeless,458
288,2020,25.01-50 (Somewhat Unhealthy),Inpatient,Race/Ethnicity Group,American Indian/Alaska Native,Substance Use Disorders,Not Homeless,454
289,2020,25.01-50 (Somewhat Unhealthy),Inpatient,Race/Ethnicity Group,Asian/Pacific Islander,All Other Diagnoses,Homeless,139
290,2020,25.01-50 (Somewhat Unhealthy),Inpatient,Race/Ethnicity Group,Asian/Pacific Islander,Co-Occuring Disorders,Homeless,247
291,2020,25.01-50 (Somewhat Unhealthy),Inpatient,Race/Ethnicity Group,Asian/Pacific Islander,Mental Health Disorders,Homeless,145
292,2020,25.01-50 (Somewhat Unhealthy),Inpatient,Race/Ethnicity Group,Asian/Pacific Islander,Substance Use Disorders,Homeless,145
293,2020,25.01-50 (Somewhat Unhealthy),Inpatient,Race/Ethnicity Group,Asian/Pacific Islander,All Other Diagnoses,Not Homeless,68631
294,2020,25.01-50 (Somewhat Unhealthy),Inpatient,Race/Ethnicity Group,Asian/Pacific Islander,Co-Occuring Disorders,Not Homeless,1968
295,2020,25.01-50 (Somewhat Unhealthy),Inpatient,Race/Ethnicity Group,Asian/Pacific Islander,Mental Health Disorders,Not Homeless,8197
296,2020,25.01-50 (Somewhat Unhealthy),Inpatient,Race/Ethnicity Group,Asian/Pacific Islander,Substance Use Disorders,Not Homeless,4173
297,2020,25.01-50 (Somewhat Unhealthy),Inpatient,Race/Ethnicity Group,Black,All Other Diagnoses,Homeless,397
298,2020,25.01-50 (Somewhat Unhealthy),Inpatient,Race/Ethnicity Group,Black,Co-Occuring Disorders,Homeless,2299
299,2020,25.01-50 (Somewhat Unhealthy),Inpatient,Race/Ethnicity Group,Black,Mental Health Disorders,Homeless,630
300,2020,25.01-50 (Somewhat Unhealthy),Inpatient,Race/Ethnicity Group,Black,Substance Use Disorders,Homeless,1051
301,2020,25.01-50 (Somewhat Unhealthy),Inpatient,Race/Ethnicity Group,Black,All Other Diagnoses,Not Homeless,40982
302,2020,25.01-50 (Somewhat Unhealthy),Inpatient,Race/Ethnicity Group,Black,Co-Occuring Disorders,Not Homeless,7162
303,2020,25.01-50 (Somewhat Unhealthy),Inpatient,Race/Ethnicity Group,Black,Mental Health Disorders,Not Homeless,11109
304,2020,25.01-50 (Somewhat Unhealthy),Inpatient,Race/Ethnicity Group,Black,Substance Use Disorders,Not Homeless,9460
305,2020,25.01-50 (Somewhat Unhealthy),Inpatient,Race/Ethnicity Group,Hispanic,All Other Diagnoses,Homeless,1307
306,2020,25.01-50 (Somewhat Unhealthy),Inpatient,Race/Ethnicity Group,Hispanic,Co-Occuring Disorders,Homeless,3211
307,2020,25.01-50 (Somewhat Unhealthy),Inpatient,Race/Ethnicity Group,Hispanic,Mental Health Disorders,Homeless,822
308,2020,25.01-50 (Somewhat Unhealthy),Inpatient,Race/Ethnicity Group,Hispanic,Substance Use Disorders,Homeless,2869
309,2020,25.01-50 (Somewhat Unhealthy),Inpatient,Race/Ethnicity Group,Hispanic,All Other Diagnoses,Not Homeless,262761
310,2020,25.01-50 (Somewhat Unhealthy),Inpatient,Race/Ethnicity Group,Hispanic,Co-Occuring Disorders,Not Homeless,16710
311,2020,25.01-50 (Somewhat Unhealthy),Inpatient,Race/Ethnicity Group,Hispanic,Mental Health Disorders,Not Homeless,40941
312,2020,25.01-50 (Somewhat Unhealthy),Inpatient,Race/Ethnicity Group,Hispanic,Substance Use Disorders,Not Homeless,25526
313,2020,25.01-50 (Somewhat Unhealthy),Inpatient,Race/Ethnicity Group,White,All Other Diagnoses,Homeless,1161
314,2020,25.01-50 (Somewhat Unhealthy),Inpatient,Race/Ethnicity Group,White,Co-Occuring Disorders,Homeless,7171
315,2020,25.01-50 (Somewhat Unhealthy),Inpatient,Race/Ethnicity Group,White,Mental Health Disorders,Homeless,1760
316,2020,25.01-50 (Somewhat Unhealthy),Inpatient,Race/Ethnicity Group,White,Substance Use Disorders,Homeless,4549
317,2020,25.01-50 (Somewhat Unhealthy),Inpatient,Race/Ethnicity Group,White,All Other Diagnoses,Not Homeless,196226
318,2020,25.01-50 (Somewhat Unhealthy),Inpatient,Race/Ethnicity Group,White,Co-Occuring Disorders,Not Homeless,33641
319,2020,25.01-50 (Somewhat Unhealthy),Inpatient,Race/Ethnicity Group,White,Mental Health Disorders,Not Homeless,63671
320,2020,25.01-50 (Somewhat Unhealthy),Inpatient,Race/Ethnicity Group,White,Substance Use Disorders,Not Homeless,36838
321,2020,50.01-75 (Somewhat Healthy),Inpatient,Race/Ethnicity Group,Other Race/Ethnicity,All Other Diagnoses,Homeless,262
322,2020,50.01-75 (Somewhat Healthy),Inpatient,Race/Ethnicity Group,Other Race/Ethnicity,Co-Occuring Disorders,Homeless,929
323,2020,50.01-75 (Somewhat Healthy),Inpatient,Race/Ethnicity Group,Other Race/Ethnicity,Mental Health Disorders,Homeless,276
324,2020,50.01-75 (Somewhat Healthy),Inpatient,Race/Ethnicity Group,Other Race/Ethnicity,Substance Use Disorders,Homeless,587
325,2020,50.01-75 (Somewhat Healthy),Inpatient,Race/Ethnicity Group,Other Race/Ethnicity,All Other Diagnoses,Not Homeless,43482
326,2020,50.01-75 (Somewhat Healthy),Inpatient,Race/Ethnicity Group,Other Race/Ethnicity,Co-Occuring Disorders,Not Homeless,4073
327,2020,50.01-75 (Somewhat Healthy),Inpatient,Race/Ethnicity Group,Other Race/Ethnicity,Mental Health Disorders,Not Homeless,9487
328,2020,50.01-75 (Somewhat Healthy),Inpatient,Race/Ethnicity Group,Other Race/Ethnicity,Substance Use Disorders,Not Homeless,4426
329,2020,50.01-75 (Somewhat Healthy),Inpatient,Race/Ethnicity Group,American Indian/Alaska Native,All Other Diagnoses,Homeless,11
330,2020,50.01-75 (Somewhat Healthy),Inpatient,Race/Ethnicity Group,American Indian/Alaska Native,Co-Occuring Disorders,Homeless,55
331,2020,50.01-75 (Somewhat Healthy),Inpatient,Race/Ethnicity Group,American Indian/Alaska Native,Mental Health Disorders,Homeless,14
332,2020,50.01-75 (Somewhat Healthy),Inpatient,Race/Ethnicity Group,American Indian/Alaska Native,Substance Use Disorders,Homeless,39
333,2020,50.01-75 (Somewhat Healthy),Inpatient,Race/Ethnicity Group,American Indian/Alaska Native,All Other Diagnoses,Not Homeless,1254
334,2020,50.01-75 (Somewhat Healthy),Inpatient,Race/Ethnicity Group,American Indian/Alaska Native,Co-Occuring Disorders,Not Homeless,225
335,2020,50.01-75 (Somewhat Healthy),Inpatient,Race/Ethnicity Group,American Indian/Alaska Native,Mental Health Disorders,Not Homeless,354
336,2020,50.01-75 (Somewhat Healthy),Inpatient,Race/Ethnicity Group,American Indian/Alaska Native,Substance Use Disorders,Not Homeless,248
337,2020,50.01-75 (Somewhat Healthy),Inpatient,Race/Ethnicity Group,Asian/Pacific Islander,All Other Diagnoses,Homeless,106
338,2020,50.01-75 (Somewhat Healthy),Inpatient,Race/Ethnicity Group,Asian/Pacific Islander,Co-Occuring Disorders,Homeless,217
339,2020,50.01-75 (Somewhat Healthy),Inpatient,Race/Ethnicity Group,Asian/Pacific Islander,Mental Health Disorders,Homeless,128
340,2020,50.01-75 (Somewhat Healthy),Inpatient,Race/Ethnicity Group,Asian/Pacific Islander,Substance Use Disorders,Homeless,136
341,2020,50.01-75 (Somewhat Healthy),Inpatient,Race/Ethnicity Group,Asian/Pacific Islander,All Other Diagnoses,Not Homeless,72017
342,2020,50.01-75 (Somewhat Healthy),Inpatient,Race/Ethnicity Group,Asian/Pacific Islander,Co-Occuring Disorders,Not Homeless,1667
343,2020,50.01-75 (Somewhat Healthy),Inpatient,Race/Ethnicity Group,Asian/Pacific Islander,Mental Health Disorders,Not Homeless,8716
344,2020,50.01-75 (Somewhat Healthy),Inpatient,Race/Ethnicity Group,Asian/Pacific Islander,Substance Use Disorders,Not Homeless,3425
345,2020,50.01-75 (Somewhat Healthy),Inpatient,Race/Ethnicity Group,Black,All Other Diagnoses,Homeless,346
346,2020,50.01-75 (Somewhat Healthy),Inpatient,Race/Ethnicity Group,Black,Co-Occuring Disorders,Homeless,1744
347,2020,50.01-75 (Somewhat Healthy),Inpatient,Race/Ethnicity Group,Black,Mental Health Disorders,Homeless,519
348,2020,50.01-75 (Somewhat Healthy),Inpatient,Race/Ethnicity Group,Black,Substance Use Disorders,Homeless,750
349,2020,50.01-75 (Somewhat Healthy),Inpatient,Race/Ethnicity Group,Black,All Other Diagnoses,Not Homeless,28426
350,2020,50.01-75 (Somewhat Healthy),Inpatient,Race/Ethnicity Group,Black,Co-Occuring Disorders,Not Homeless,4572
351,2020,50.01-75 (Somewhat Healthy),Inpatient,Race/Ethnicity Group,Black,Mental Health Disorders,Not Homeless,7814
352,2020,50.01-75 (Somewhat Healthy),Inpatient,Race/Ethnicity Group,Black,Substance Use Disorders,Not Homeless,5434
353,2020,50.01-75 (Somewhat Healthy),Inpatient,Race/Ethnicity Group,Hispanic,All Other Diagnoses,Homeless,678
354,2020,50.01-75 (Somewhat Healthy),Inpatient,Race/Ethnicity Group,Hispanic,Co-Occuring Disorders,Homeless,2870
355,2020,50.01-75 (Somewhat Healthy),Inpatient,Race/Ethnicity Group,Hispanic,Mental Health Disorders,Homeless,570
356,2020,50.01-75 (Somewhat Healthy),Inpatient,Race/Ethnicity Group,Hispanic,Substance Use Disorders,Homeless,1846
357,2020,50.01-75 (Somewhat Healthy),Inpatient,Race/Ethnicity Group,Hispanic,All Other Diagnoses,Not Homeless,128321
358,2020,50.01-75 (Somewhat Healthy),Inpatient,Race/Ethnicity Group,Hispanic,Co-Occuring Disorders,Not Homeless,9245
359,2020,50.01-75 (Somewhat Healthy),Inpatient,Race/Ethnicity Group,Hispanic,Mental Health Disorders,Not Homeless,23159
360,2020,50.01-75 (Somewhat Healthy),Inpatient,Race/Ethnicity Group,Hispanic,Substance Use Disorders,Not Homeless,11805
361,2020,50.01-75 (Somewhat Healthy),Inpatient,Race/Ethnicity Group,White,All Other Diagnoses,Homeless,960
362,2020,50.01-75 (Somewhat Healthy),Inpatient,Race/Ethnicity Group,White,Co-Occuring Disorders,Homeless,6399
363,2020,50.01-75 (Somewhat Healthy),Inpatient,Race/Ethnicity Group,White,Mental Health Disorders,Homeless,1457
364,2020,50.01-75 (Somewhat Healthy),Inpatient,Race/Ethnicity Group,White,Substance Use Disorders,Homeless,3623
365,2020,50.01-75 (Somewhat Healthy),Inpatient,Race/Ethnicity Group,White,All Other Diagnoses,Not Homeless,245268
366,2020,50.01-75 (Somewhat Healthy),Inpatient,Race/Ethnicity Group,White,Co-Occuring Disorders,Not Homeless,35005
367,2020,50.01-75 (Somewhat Healthy),Inpatient,Race/Ethnicity Group,White,Mental Health Disorders,Not Homeless,78685
368,2020,50.01-75 (Somewhat Healthy),Inpatient,Race/Ethnicity Group,White,Substance Use Disorders,Not Homeless,34397
369,2020,75.01-100 (Most Healthy),Inpatient,Race/Ethnicity Group,Other Race/Ethnicity,All Other Diagnoses,Homeless,250
370,2020,75.01-100 (Most Healthy),Inpatient,Race/Ethnicity Group,Other Race/Ethnicity,Co-Occuring Disorders,Homeless,1206
371,2020,75.01-100 (Most Healthy),Inpatient,Race/Ethnicity Group,Other Race/Ethnicity,Mental Health Disorders,Homeless,332
372,2020,75.01-100 (Most Healthy),Inpatient,Race/Ethnicity Group,Other Race/Ethnicity,Substance Use Disorders,Homeless,728
373,2020,75.01-100 (Most Healthy),Inpatient,Race/Ethnicity Group,Other Race/Ethnicity,All Other Diagnoses,Not Homeless,36661
374,2020,75.01-100 (Most Healthy),Inpatient,Race/Ethnicity Group,Other Race/Ethnicity,Co-Occuring Disorders,Not Homeless,3510
375,2020,75.01-100 (Most Healthy),Inpatient,Race/Ethnicity Group,Other Race/Ethnicity,Mental Health Disorders,Not Homeless,8541
376,2020,75.01-100 (Most Healthy),Inpatient,Race/Ethnicity Group,Other Race/Ethnicity,Substance Use Disorders,Not Homeless,2809
377,2020,75.01-100 (Most Healthy),Inpatient,Race/Ethnicity Group,American Indian/Alaska Native,All Other Diagnoses,Homeless,11
378,2020,75.01-100 (Most Healthy),Inpatient,Race/Ethnicity Group,American Indian/Alaska Native,Co-Occuring Disorders,Homeless,43
379,2020,75.01-100 (Most Healthy),Inpatient,Race/Ethnicity Group,American Indian/Alaska Native,Mental Health Disorders,Homeless,11
380,2020,75.01-100 (Most Healthy),Inpatient,Race/Ethnicity Group,American Indian/Alaska Native,Substance Use Disorders,Homeless,33
381,2020,75.01-100 (Most Healthy),Inpatient,Race/Ethnicity Group,American Indian/Alaska Native,All Other Diagnoses,Not Homeless,669
382,2020,75.01-100 (Most Healthy),Inpatient,Race/Ethnicity Group,American Indian/Alaska Native,Co-Occuring Disorders,Not Homeless,118
383,2020,75.01-100 (Most Healthy),Inpatient,Race/Ethnicity Group,American Indian/Alaska Native,Mental Health Disorders,Not Homeless,239
384,2020,75.01-100 (Most Healthy),Inpatient,Race/Ethnicity Group,American Indian/Alaska Native,Substance Use Disorders,Not Homeless,94
385,2020,75.01-100 (Most Healthy),Inpatient,Race/Ethnicity Group,Asian/Pacific Islander,All Other Diagnoses,Homeless,166
386,2020,75.01-100 (Most Healthy),Inpatient,Race/Ethnicity Group,Asian/Pacific Islander,Co-Occuring Disorders,Homeless,323
387,2020,75.01-100 (Most Healthy),Inpatient,Race/Ethnicity Group,Asian/Pacific Islander,Mental Health Disorders,Homeless,186
388,2020,75.01-100 (Most Healthy),Inpatient,Race/Ethnicity Group,Asian/Pacific Islander,Substance Use Disorders,Homeless,201
389,2020,75.01-100 (Most Healthy),Inpatient,Race/Ethnicity Group,Asian/Pacific Islander,All Other Diagnoses,Not Homeless,90754
390,2020,75.01-100 (Most Healthy),Inpatient,Race/Ethnicity Group,Asian/Pacific Islander,Co-Occuring Disorders,Not Homeless,1673
391,2020,75.01-100 (Most Healthy),Inpatient,Race/Ethnicity Group,Asian/Pacific Islander,Mental Health Disorders,Not Homeless,10335
392,2020,75.01-100 (Most Healthy),Inpatient,Race/Ethnicity Group,Asian/Pacific Islander,Substance Use Disorders,Not Homeless,2969
393,2020,75.01-100 (Most Healthy),Inpatient,Race/Ethnicity Group,Black,All Other Diagnoses,Homeless,723
394,2020,75.01-100 (Most Healthy),Inpatient,Race/Ethnicity Group,Black,Co-Occuring Disorders,Homeless,2803
395,2020,75.01-100 (Most Healthy),Inpatient,Race/Ethnicity Group,Black,Mental Health Disorders,Homeless,716
396,2020,75.01-100 (Most Healthy),Inpatient,Race/Ethnicity Group,Black,Substance Use Disorders,Homeless,2241
397,2020,75.01-100 (Most Healthy),Inpatient,Race/Ethnicity Group,Black,All Other Diagnoses,Not Homeless,15962
398,2020,75.01-100 (Most Healthy),Inpatient,Race/Ethnicity Group,Black,Co-Occuring Disorders,Not Homeless,2949
399,2020,75.01-100 (Most Healthy),Inpatient,Race/Ethnicity Group,Black,Mental Health Disorders,Not Homeless,5044
400,2020,75.01-100 (Most Healthy),Inpatient,Race/Ethnicity Group,Black,Substance Use Disorders,Not Homeless,3203
401,2020,75.01-100 (Most Healthy),Inpatient,Race/Ethnicity Group,Hispanic,All Other Diagnoses,Homeless,895
402,2020,75.01-100 (Most Healthy),Inpatient,Race/Ethnicity Group,Hispanic,Co-Occuring Disorders,Homeless,2387
403,2020,75.01-100 (Most Healthy),Inpatient,Race/Ethnicity Group,Hispanic,Mental Health Disorders,Homeless,649
404,2020,75.01-100 (Most Healthy),Inpatient,Race/Ethnicity Group,Hispanic,Substance Use Disorders,Homeless,2342
405,2020,75.01-100 (Most Healthy),Inpatient,Race/Ethnicity Group,Hispanic,All Other Diagnoses,Not Homeless,59649
406,2020,75.01-100 (Most Healthy),Inpatient,Race/Ethnicity Group,Hispanic,Co-Occuring Disorders,Not Homeless,4907
407,2020,75.01-100 (Most Healthy),Inpatient,Race/Ethnicity Group,Hispanic,Mental Health Disorders,Not Homeless,12664
408,2020,75.01-100 (Most Healthy),Inpatient,Race/Ethnicity Group,Hispanic,Substance Use Disorders,Not Homeless,5891
409,2020,75.01-100 (Most Healthy),Inpatient,Race/Ethnicity Group,White,All Other Diagnoses,Homeless,1296
410,2020,75.01-100 (Most Healthy),Inpatient,Race/Ethnicity Group,White,Co-Occuring Disorders,Homeless,6961
411,2020,75.01-100 (Most Healthy),Inpatient,Race/Ethnicity Group,White,Mental Health Disorders,Homeless,1579
412,2020,75.01-100 (Most Healthy),Inpatient,Race/Ethnicity Group,White,Substance Use Disorders,Homeless,4698
413,2020,75.01-100 (Most Healthy),Inpatient,Race/Ethnicity Group,White,All Other Diagnoses,Not Homeless,236511
414,2020,75.01-100 (Most Healthy),Inpatient,Race/Ethnicity Group,White,Co-Occuring Disorders,Not Homeless,28437
415,2020,75.01-100 (Most Healthy),Inpatient,Race/Ethnicity Group,White,Mental Health Disorders,Not Homeless,76088
416,2020,75.01-100 (Most Healthy),Inpatient,Race/Ethnicity Group,White,Substance Use Disorders,Not Homeless,24263
417,2020,0-25 (Least Healthy),Inpatient,Age Group,0 to 18,All Other Diagnoses,Homeless,153
418,2020,0-25 (Least Healthy),Inpatient,Age Group,0 to 18,Co-Occuring Disorders,Homeless,73
419,2020,0-25 (Least Healthy),Inpatient,Age Group,0 to 18,Mental Health Disorders,Homeless,76
420,2020,0-25 (Least Healthy),Inpatient,Age Group,0 to 18,Substance Use Disorders,Homeless,22
421,2020,0-25 (Least Healthy),Inpatient,Age Group,0 to 18,All Other Diagnoses,Not Homeless,165147
422,2020,0-25 (Least Healthy),Inpatient,Age Group,0 to 18,Co-Occuring Disorders,Not Homeless,2561
423,2020,0-25 (Least Healthy),Inpatient,Age Group,0 to 18,Mental Health Disorders,Not Homeless,12174
424,2020,0-25 (Least Healthy),Inpatient,Age Group,0 to 18,Substance Use Disorders,Not Homeless,841
425,2020,0-25 (Least Healthy),Inpatient,Age Group,19 to 39,All Other Diagnoses,Homeless,742
426,2020,0-25 (Least Healthy),Inpatient,Age Group,19 to 39,Co-Occuring Disorders,Homeless,7283
427,2020,0-25 (Least Healthy),Inpatient,Age Group,19 to 39,Mental Health Disorders,Homeless,1925
428,2020,0-25 (Least Healthy),Inpatient,Age Group,19 to 39,Substance Use Disorders,Homeless,2341
429,2020,0-25 (Least Healthy),Inpatient,Age Group,19 to 39,All Other Diagnoses,Not Homeless,167706
430,2020,0-25 (Least Healthy),Inpatient,Age Group,19 to 39,Co-Occuring Disorders,Not Homeless,22930
431,2020,0-25 (Least Healthy),Inpatient,Age Group,19 to 39,Mental Health Disorders,Not Homeless,25288
432,2020,0-25 (Least Healthy),Inpatient,Age Group,19 to 39,Substance Use Disorders,Not Homeless,25760
433,2020,0-25 (Least Healthy),Inpatient,Age Group,40 to 59,All Other Diagnoses,Homeless,1554
434,2020,0-25 (Least Healthy),Inpatient,Age Group,40 to 59,Co-Occuring Disorders,Homeless,6906
435,2020,0-25 (Least Healthy),Inpatient,Age Group,40 to 59,Mental Health Disorders,Homeless,1686
436,2020,0-25 (Least Healthy),Inpatient,Age Group,40 to 59,Substance Use Disorders,Homeless,4707
437,2020,0-25 (Least Healthy),Inpatient,Age Group,40 to 59,All Other Diagnoses,Not Homeless,105941
438,2020,0-25 (Least Healthy),Inpatient,Age Group,40 to 59,Co-Occuring Disorders,Not Homeless,24107
439,2020,0-25 (Least Healthy),Inpatient,Age Group,40 to 59,Mental Health Disorders,Not Homeless,28623
440,2020,0-25 (Least Healthy),Inpatient,Age Group,40 to 59,Substance Use Disorders,Not Homeless,38193
441,2020,0-25 (Least Healthy),Inpatient,Age Group,60+,All Other Diagnoses,Homeless,1403
442,2020,0-25 (Least Healthy),Inpatient,Age Group,60+,Co-Occuring Disorders,Homeless,1647
443,2020,0-25 (Least Healthy),Inpatient,Age Group,60+,Mental Health Disorders,Homeless,818
444,2020,0-25 (Least Healthy),Inpatient,Age Group,60+,Substance Use Disorders,Homeless,2444
445,2020,0-25 (Least Healthy),Inpatient,Age Group,60+,All Other Diagnoses,Not Homeless,217290
446,2020,0-25 (Least Healthy),Inpatient,Age Group,60+,Co-Occuring Disorders,Not Homeless,15689
447,2020,0-25 (Least Healthy),Inpatient,Age Group,60+,Mental Health Disorders,Not Homeless,52853
448,2020,0-25 (Least Healthy),Inpatient,Age Group,60+,Substance Use Disorders,Not Homeless,34987
449,2020,25.01-50 (Somewhat Unhealthy),Inpatient,Age Group,0 to 18,All Other Diagnoses,Homeless,151
450,2020,25.01-50 (Somewhat Unhealthy),Inpatient,Age Group,0 to 18,Co-Occuring Disorders,Homeless,83
451,2020,25.01-50 (Somewhat Unhealthy),Inpatient,Age Group,0 to 18,Mental Health Disorders,Homeless,78
452,2020,25.01-50 (Somewhat Unhealthy),Inpatient,Age Group,0 to 18,Substance Use Disorders,Homeless,17
453,2020,25.01-50 (Somewhat Unhealthy),Inpatient,Age Group,0 to 18,All Other Diagnoses,Not Homeless,141868
454,2020,25.01-50 (Somewhat Unhealthy),Inpatient,Age Group,0 to 18,Co-Occuring Disorders,Not Homeless,2631
455,2020,25.01-50 (Somewhat Unhealthy),Inpatient,Age Group,0 to 18,Mental Health Disorders,Not Homeless,11862
456,2020,25.01-50 (Somewhat Unhealthy),Inpatient,Age Group,0 to 18,Substance Use Disorders,Not Homeless,612
457,2020,25.01-50 (Somewhat Unhealthy),Inpatient,Age Group,19 to 39,All Other Diagnoses,Homeless,583
458,2020,25.01-50 (Somewhat Unhealthy),Inpatient,Age Group,19 to 39,Co-Occuring Disorders,Homeless,5998
459,2020,25.01-50 (Somewhat Unhealthy),Inpatient,Age Group,19 to 39,Mental Health Disorders,Homeless,1306
460,2020,25.01-50 (Somewhat Unhealthy),Inpatient,Age Group,19 to 39,Substance Use Disorders,Homeless,2311
461,2020,25.01-50 (Somewhat Unhealthy),Inpatient,Age Group,19 to 39,All Other Diagnoses,Not Homeless,139504
462,2020,25.01-50 (Somewhat Unhealthy),Inpatient,Age Group,19 to 39,Co-Occuring Disorders,Not Homeless,20904
463,2020,25.01-50 (Somewhat Unhealthy),Inpatient,Age Group,19 to 39,Mental Health Disorders,Not Homeless,24997
464,2020,25.01-50 (Somewhat Unhealthy),Inpatient,Age Group,19 to 39,Substance Use Disorders,Not Homeless,19050
465,2020,25.01-50 (Somewhat Unhealthy),Inpatient,Age Group,40 to 59,All Other Diagnoses,Homeless,1272
466,2020,25.01-50 (Somewhat Unhealthy),Inpatient,Age Group,40 to 59,Co-Occuring Disorders,Homeless,6238
467,2020,25.01-50 (Somewhat Unhealthy),Inpatient,Age Group,40 to 59,Mental Health Disorders,Homeless,1433
468,2020,25.01-50 (Somewhat Unhealthy),Inpatient,Age Group,40 to 59,Substance Use Disorders,Homeless,4718
469,2020,25.01-50 (Somewhat Unhealthy),Inpatient,Age Group,40 to 59,All Other Diagnoses,Not Homeless,91939
470,2020,25.01-50 (Somewhat Unhealthy),Inpatient,Age Group,40 to 59,Co-Occuring Disorders,Not Homeless,22363
471,2020,25.01-50 (Somewhat Unhealthy),Inpatient,Age Group,40 to 59,Mental Health Disorders,Not Homeless,28430
472,2020,25.01-50 (Somewhat Unhealthy),Inpatient,Age Group,40 to 59,Substance Use Disorders,Not Homeless,29925
473,2020,25.01-50 (Somewhat Unhealthy),Inpatient,Age Group,60+,All Other Diagnoses,Homeless,1346
474,2020,25.01-50 (Somewhat Unhealthy),Inpatient,Age Group,60+,Co-Occuring Disorders,Homeless,1813
475,2020,25.01-50 (Somewhat Unhealthy),Inpatient,Age Group,60+,Mental Health Disorders,Homeless,941
476,2020,25.01-50 (Somewhat Unhealthy),Inpatient,Age Group,60+,Substance Use Disorders,Homeless,2441
477,2020,25.01-50 (Somewhat Unhealthy),Inpatient,Age Group,60+,All Other Diagnoses,Not Homeless,242337
478,2020,25.01-50 (Somewhat Unhealthy),Inpatient,Age Group,60+,Co-Occuring Disorders,Not Homeless,18217
479,2020,25.01-50 (Somewhat Unhealthy),Inpatient,Age Group,60+,Mental Health Disorders,Not Homeless,68110
480,2020,25.01-50 (Somewhat Unhealthy),Inpatient,Age Group,60+,Substance Use Disorders,Not Homeless,32618
481,2020,50.01-75 (Somewhat Healthy),Inpatient,Age Group,0 to 18,All Other Diagnoses,Homeless,133
482,2020,50.01-75 (Somewhat Healthy),Inpatient,Age Group,0 to 18,Co-Occuring Disorders,Homeless,80
483,2020,50.01-75 (Somewhat Healthy),Inpatient,Age Group,0 to 18,Mental Health Disorders,Homeless,63
484,2020,50.01-75 (Somewhat Healthy),Inpatient,Age Group,0 to 18,Substance Use Disorders,Homeless,11
485,2020,50.01-75 (Somewhat Healthy),Inpatient,Age Group,0 to 18,All Other Diagnoses,Not Homeless,116802
486,2020,50.01-75 (Somewhat Healthy),Inpatient,Age Group,0 to 18,Co-Occuring Disorders,Not Homeless,2647
487,2020,50.01-75 (Somewhat Healthy),Inpatient,Age Group,0 to 18,Mental Health Disorders,Not Homeless,11014
488,2020,50.01-75 (Somewhat Healthy),Inpatient,Age Group,0 to 18,Substance Use Disorders,Not Homeless,398
489,2020,50.01-75 (Somewhat Healthy),Inpatient,Age Group,19 to 39,All Other Diagnoses,Homeless,352
490,2020,50.01-75 (Somewhat Healthy),Inpatient,Age Group,19 to 39,Co-Occuring Disorders,Homeless,5334
491,2020,50.01-75 (Somewhat Healthy),Inpatient,Age Group,19 to 39,Mental Health Disorders,Homeless,971
492,2020,50.01-75 (Somewhat Healthy),Inpatient,Age Group,19 to 39,Substance Use Disorders,Homeless,1840
493,2020,50.01-75 (Somewhat Healthy),Inpatient,Age Group,19 to 39,All Other Diagnoses,Not Homeless,107139
494,2020,50.01-75 (Somewhat Healthy),Inpatient,Age Group,19 to 39,Co-Occuring Disorders,Not Homeless,17951
495,2020,50.01-75 (Somewhat Healthy),Inpatient,Age Group,19 to 39,Mental Health Disorders,Not Homeless,22911
496,2020,50.01-75 (Somewhat Healthy),Inpatient,Age Group,19 to 39,Substance Use Disorders,Not Homeless,12955
497,2020,50.01-75 (Somewhat Healthy),Inpatient,Age Group,40 to 59,All Other Diagnoses,Homeless,849
498,2020,50.01-75 (Somewhat Healthy),Inpatient,Age Group,40 to 59,Co-Occuring Disorders,Homeless,5261
499,2020,50.01-75 (Somewhat Healthy),Inpatient,Age Group,40 to 59,Mental Health Disorders,Homeless,1143
500,2020,50.01-75 (Somewhat Healthy),Inpatient,Age Group,40 to 59,Substance Use Disorders,Homeless,3335
501,2020,50.01-75 (Somewhat Healthy),Inpatient,Age Group,40 to 59,All Other Diagnoses,Not Homeless,68656
502,2020,50.01-75 (Somewhat Healthy),Inpatient,Age Group,40 to 59,Co-Occuring Disorders,Not Homeless,17931
503,2020,50.01-75 (Somewhat Healthy),Inpatient,Age Group,40 to 59,Mental Health Disorders,Not Homeless,24155
504,2020,50.01-75 (Somewhat Healthy),Inpatient,Age Group,40 to 59,Substance Use Disorders,Not Homeless,20562
505,2020,50.01-75 (Somewhat Healthy),Inpatient,Age Group,60+,All Other Diagnoses,Homeless,1024
506,2020,50.01-75 (Somewhat Healthy),Inpatient,Age Group,60+,Co-Occuring Disorders,Homeless,1539
507,2020,50.01-75 (Somewhat Healthy),Inpatient,Age Group,60+,Mental Health Disorders,Homeless,787
508,2020,50.01-75 (Somewhat Healthy),Inpatient,Age Group,60+,Substance Use Disorders,Homeless,1798
509,2020,50.01-75 (Somewhat Healthy),Inpatient,Age Group,60+,All Other Diagnoses,Not Homeless,226150
510,2020,50.01-75 (Somewhat Healthy),Inpatient,Age Group,60+,Co-Occuring Disorders,Not Homeless,16257
511,2020,50.01-75 (Somewhat Healthy),Inpatient,Age Group,60+,Mental Health Disorders,Not Homeless,70132
512,2020,50.01-75 (Somewhat Healthy),Inpatient,Age Group,60+,Substance Use Disorders,Not Homeless,25819
513,2020,75.01-100 (Most Healthy),Inpatient,Age Group,0 to 18,All Other Diagnoses,Homeless,137
514,2020,75.01-100 (Most Healthy),Inpatient,Age Group,0 to 18,Co-Occuring Disorders,Homeless,60
515,2020,75.01-100 (Most Healthy),Inpatient,Age Group,0 to 18,Mental Health Disorders,Homeless,47
516,2020,75.01-100 (Most Healthy),Inpatient,Age Group,0 to 18,Substance Use Disorders,Homeless,11
517,2020,75.01-100 (Most Healthy),Inpatient,Age Group,0 to 18,All Other Diagnoses,Not Homeless,100800
518,2020,75.01-100 (Most Healthy),Inpatient,Age Group,0 to 18,Co-Occuring Disorders,Not Homeless,2323
519,2020,75.01-100 (Most Healthy),Inpatient,Age Group,0 to 18,Mental Health Disorders,Not Homeless,9700
520,2020,75.01-100 (Most Healthy),Inpatient,Age Group,0 to 18,Substance Use Disorders,Not Homeless,256
521,2020,75.01-100 (Most Healthy),Inpatient,Age Group,19 to 39,All Other Diagnoses,Homeless,538
522,2020,75.01-100 (Most Healthy),Inpatient,Age Group,19 to 39,Co-Occuring Disorders,Homeless,5023
523,2020,75.01-100 (Most Healthy),Inpatient,Age Group,19 to 39,Mental Health Disorders,Homeless,1024
524,2020,75.01-100 (Most Healthy),Inpatient,Age Group,19 to 39,Substance Use Disorders,Homeless,2281
525,2020,75.01-100 (Most Healthy),Inpatient,Age Group,19 to 39,All Other Diagnoses,Not Homeless,87730
526,2020,75.01-100 (Most Healthy),Inpatient,Age Group,19 to 39,Co-Occuring Disorders,Not Homeless,13119
527,2020,75.01-100 (Most Healthy),Inpatient,Age Group,19 to 39,Mental Health Disorders,Not Homeless,18982
528,2020,75.01-100 (Most Healthy),Inpatient,Age Group,19 to 39,Substance Use Disorders,Not Homeless,7524
529,2020,75.01-100 (Most Healthy),Inpatient,Age Group,40 to 59,All Other Diagnoses,Homeless,1176
530,2020,75.01-100 (Most Healthy),Inpatient,Age Group,40 to 59,Co-Occuring Disorders,Homeless,6246
531,2020,75.01-100 (Most Healthy),Inpatient,Age Group,40 to 59,Mental Health Disorders,Homeless,1246
532,2020,75.01-100 (Most Healthy),Inpatient,Age Group,40 to 59,Substance Use Disorders,Homeless,5081
533,2020,75.01-100 (Most Healthy),Inpatient,Age Group,40 to 59,All Other Diagnoses,Not Homeless,52803
534,2020,75.01-100 (Most Healthy),Inpatient,Age Group,40 to 59,Co-Occuring Disorders,Not Homeless,13305
535,2020,75.01-100 (Most Healthy),Inpatient,Age Group,40 to 59,Mental Health Disorders,Not Homeless,19067
536,2020,75.01-100 (Most Healthy),Inpatient,Age Group,40 to 59,Substance Use Disorders,Not Homeless,12967
537,2020,75.01-100 (Most Healthy),Inpatient,Age Group,60+,All Other Diagnoses,Homeless,1484
538,2020,75.01-100 (Most Healthy),Inpatient,Age Group,60+,Co-Occuring Disorders,Homeless,2390
539,2020,75.01-100 (Most Healthy),Inpatient,Age Group,60+,Mental Health Disorders,Homeless,1153
540,2020,75.01-100 (Most Healthy),Inpatient,Age Group,60+,Substance Use Disorders,Homeless,2873
541,2020,75.01-100 (Most Healthy),Inpatient,Age Group,60+,All Other Diagnoses,Not Homeless,198855
542,2020,75.01-100 (Most Healthy),Inpatient,Age Group,60+,Co-Occuring Disorders,Not Homeless,12847
543,2020,75.01-100 (Most Healthy),Inpatient,Age Group,60+,Mental Health Disorders,Not Homeless,65161
544,2020,75.01-100 (Most Healthy),Inpatient,Age Group,60+,Substance Use Disorders,Not Homeless,18480
545,2020,0-25 (Least Healthy),ED Visit,Sex,Female,All Other Diagnoses,Homeless,9321
546,2020,0-25 (Least Healthy),ED Visit,Sex,Female,Co-Occuring Disorders,Homeless,4133
547,2020,0-25 (Least Healthy),ED Visit,Sex,Female,Mental Health Disorders,Homeless,3648
548,2020,0-25 (Least Healthy),ED Visit,Sex,Female,Substance Use Disorders,Homeless,5686
549,2020,0-25 (Least Healthy),ED Visit,Sex,Female,All Other Diagnoses,Not Homeless,1429907
550,2020,0-25 (Least Healthy),ED Visit,Sex,Female,Co-Occuring Disorders,Not Homeless,31761
551,2020,0-25 (Least Healthy),ED Visit,Sex,Female,Mental Health Disorders,Not Homeless,125340
552,2020,0-25 (Least Healthy),ED Visit,Sex,Female,Substance Use Disorders,Not Homeless,112679
553,2020,0-25 (Least Healthy),ED Visit,Sex,Male,All Other Diagnoses,Homeless,21434
554,2020,0-25 (Least Healthy),ED Visit,Sex,Male,Co-Occuring Disorders,Homeless,9880
555,2020,0-25 (Least Healthy),ED Visit,Sex,Male,Mental Health Disorders,Homeless,7105
556,2020,0-25 (Least Healthy),ED Visit,Sex,Male,Substance Use Disorders,Homeless,17344
557,2020,0-25 (Least Healthy),ED Visit,Sex,Male,All Other Diagnoses,Not Homeless,1119192
558,2020,0-25 (Least Healthy),ED Visit,Sex,Male,Co-Occuring Disorders,Not Homeless,38765
559,2020,0-25 (Least Healthy),ED Visit,Sex,Male,Mental Health Disorders,Not Homeless,81591
560,2020,0-25 (Least Healthy),ED Visit,Sex,Male,Substance Use Disorders,Not Homeless,172326
561,2020,25.01-50 (Somewhat Unhealthy),ED Visit,Sex,Female,All Other Diagnoses,Homeless,9016
562,2020,25.01-50 (Somewhat Unhealthy),ED Visit,Sex,Female,Co-Occuring Disorders,Homeless,4437
563,2020,25.01-50 (Somewhat Unhealthy),ED Visit,Sex,Female,Mental Health Disorders,Homeless,3768
564,2020,25.01-50 (Somewhat Unhealthy),ED Visit,Sex,Female,Substance Use Disorders,Homeless,5884
565,2020,25.01-50 (Somewhat Unhealthy),ED Visit,Sex,Female,All Other Diagnoses,Not Homeless,1215504
566,2020,25.01-50 (Somewhat Unhealthy),ED Visit,Sex,Female,Co-Occuring Disorders,Not Homeless,31706
567,2020,25.01-50 (Somewhat Unhealthy),ED Visit,Sex,Female,Mental Health Disorders,Not Homeless,132908
568,2020,25.01-50 (Somewhat Unhealthy),ED Visit,Sex,Female,Substance Use Disorders,Not Homeless,91284
569,2020,25.01-50 (Somewhat Unhealthy),ED Visit,Sex,Male,All Other Diagnoses,Homeless,19136
570,2020,25.01-50 (Somewhat Unhealthy),ED Visit,Sex,Male,Co-Occuring Disorders,Homeless,10167
571,2020,25.01-50 (Somewhat Unhealthy),ED Visit,Sex,Male,Mental Health Disorders,Homeless,6641
572,2020,25.01-50 (Somewhat Unhealthy),ED Visit,Sex,Male,Substance Use Disorders,Homeless,17281
573,2020,25.01-50 (Somewhat Unhealthy),ED Visit,Sex,Male,All Other Diagnoses,Not Homeless,977266
574,2020,25.01-50 (Somewhat Unhealthy),ED Visit,Sex,Male,Co-Occuring Disorders,Not Homeless,36955
575,2020,25.01-50 (Somewhat Unhealthy),ED Visit,Sex,Male,Mental Health Disorders,Not Homeless,81113
576,2020,25.01-50 (Somewhat Unhealthy),ED Visit,Sex,Male,Substance Use Disorders,Not Homeless,145455
577,2020,50.01-75 (Somewhat Healthy),ED Visit,Sex,Female,All Other Diagnoses,Homeless,6182
578,2020,50.01-75 (Somewhat Healthy),ED Visit,Sex,Female,Co-Occuring Disorders,Homeless,3050
579,2020,50.01-75 (Somewhat Healthy),ED Visit,Sex,Female,Mental Health Disorders,Homeless,3320
580,2020,50.01-75 (Somewhat Healthy),ED Visit,Sex,Female,Substance Use Disorders,Homeless,3602
581,2020,50.01-75 (Somewhat Healthy),ED Visit,Sex,Female,All Other Diagnoses,Not Homeless,899271
582,2020,50.01-75 (Somewhat Healthy),ED Visit,Sex,Female,Co-Occuring Disorders,Not Homeless,26972
583,2020,50.01-75 (Somewhat Healthy),ED Visit,Sex,Female,Mental Health Disorders,Not Homeless,122533
584,2020,50.01-75 (Somewhat Healthy),ED Visit,Sex,Female,Substance Use Disorders,Not Homeless,64758
585,2020,50.01-75 (Somewhat Healthy),ED Visit,Sex,Male,All Other Diagnoses,Homeless,14630
586,2020,50.01-75 (Somewhat Healthy),ED Visit,Sex,Male,Co-Occuring Disorders,Homeless,7363
587,2020,50.01-75 (Somewhat Healthy),ED Visit,Sex,Male,Mental Health Disorders,Homeless,5803
588,2020,50.01-75 (Somewhat Healthy),ED Visit,Sex,Male,Substance Use Disorders,Homeless,11689
589,2020,50.01-75 (Somewhat Healthy),ED Visit,Sex,Male,All Other Diagnoses,Not Homeless,748055
590,2020,50.01-75 (Somewhat Healthy),ED Visit,Sex,Male,Co-Occuring Disorders,Not Homeless,29322
591,2020,50.01-75 (Somewhat Healthy),ED Visit,Sex,Male,Mental Health Disorders,Not Homeless,71663
592,2020,50.01-75 (Somewhat Healthy),ED Visit,Sex,Male,Substance Use Disorders,Not Homeless,103638
593,2020,75.01-100 (Most Healthy),ED Visit,Sex,Female,All Other Diagnoses,Homeless,11198
594,2020,75.01-100 (Most Healthy),ED Visit,Sex,Female,Co-Occuring Disorders,Homeless,6528
595,2020,75.01-100 (Most Healthy),ED Visit,Sex,Female,Mental Health Disorders,Homeless,5161
596,2020,75.01-100 (Most Healthy),ED Visit,Sex,Female,Substance Use Disorders,Homeless,8316
597,2020,75.01-100 (Most Healthy),ED Visit,Sex,Female,All Other Diagnoses,Not Homeless,627605
598,2020,75.01-100 (Most Healthy),ED Visit,Sex,Female,Co-Occuring Disorders,Not Homeless,18699
599,2020,75.01-100 (Most Healthy),ED Visit,Sex,Female,Mental Health Disorders,Not Homeless,93692
600,2020,75.01-100 (Most Healthy),ED Visit,Sex,Female,Substance Use Disorders,Not Homeless,37457
601,2020,75.01-100 (Most Healthy),ED Visit,Sex,Male,All Other Diagnoses,Homeless,28426
602,2020,75.01-100 (Most Healthy),ED Visit,Sex,Male,Co-Occuring Disorders,Homeless,18267
603,2020,75.01-100 (Most Healthy),ED Visit,Sex,Male,Mental Health Disorders,Homeless,10580
604,2020,75.01-100 (Most Healthy),ED Visit,Sex,Male,Substance Use Disorders,Homeless,31428
605,2020,75.01-100 (Most Healthy),ED Visit,Sex,Male,All Other Diagnoses,Not Homeless,557518
606,2020,75.01-100 (Most Healthy),ED Visit,Sex,Male,Co-Occuring Disorders,Not Homeless,22661
607,2020,75.01-100 (Most Healthy),ED Visit,Sex,Male,Mental Health Disorders,Not Homeless,56321
608,2020,75.01-100 (Most Healthy),ED Visit,Sex,Male,Substance Use Disorders,Not Homeless,67952
609,2020,0-25 (Least Healthy),ED Visit,Expected Payer,Medi-Cal,All Other Diagnoses,Homeless,20223
610,2020,0-25 (Least Healthy),ED Visit,Expected Payer,Medi-Cal,Co-Occuring Disorders,Not Homeless,9886
611,2020,0-25 (Least Healthy),ED Visit,Expected Payer,Medi-Cal,Mental Health Disorders,Homeless,6879
612,2020,0-25 (Least Healthy),ED Visit,Expected Payer,Medi-Cal,Substance Use Disorders,Homeless,15972
613,2020,0-25 (Least Healthy),ED Visit,Expected Payer,Medi-Cal,All Other Diagnoses,Not Homeless,1387893
614,2020,0-25 (Least Healthy),ED Visit,Expected Payer,Medi-Cal,Co-Occuring Disorders,Not Homeless,42607
615,2020,0-25 (Least Healthy),ED Visit,Expected Payer,Medi-Cal,Mental Health Disorders,Not Homeless,105358
616,2020,0-25 (Least Healthy),ED Visit,Expected Payer,Medi-Cal,Substance Use Disorders,Not Homeless,165606
617,2020,0-25 (Least Healthy),ED Visit,Expected Payer,Medicare,All Other Diagnoses,Homeless,3999
618,2020,0-25 (Least Healthy),ED Visit,Expected Payer,Medicare,Co-Occuring Disorders,Not Homeless,2123
619,2020,0-25 (Least Healthy),ED Visit,Expected Payer,Medicare,Mental Health Disorders,Homeless,1808
620,2020,0-25 (Least Healthy),ED Visit,Expected Payer,Medicare,Substance Use Disorders,Homeless,2435
621,2020,0-25 (Least Healthy),ED Visit,Expected Payer,Medicare,All Other Diagnoses,Not Homeless,361005
622,2020,0-25 (Least Healthy),ED Visit,Expected Payer,Medicare,Co-Occuring Disorders,Not Homeless,12307
623,2020,0-25 (Least Healthy),ED Visit,Expected Payer,Medicare,Mental Health Disorders,Not Homeless,44147
624,2020,0-25 (Least Healthy),ED Visit,Expected Payer,Medicare,Substance Use Disorders,Not Homeless,37510
625,2020,0-25 (Least Healthy),ED Visit,Expected Payer,Other Payer,All Other Diagnoses,Homeless,943
626,2020,0-25 (Least Healthy),ED Visit,Expected Payer,Other Payer,Co-Occuring Disorders,Not Homeless,532
627,2020,0-25 (Least Healthy),ED Visit,Expected Payer,Other Payer,Mental Health Disorders,Homeless,367
628,2020,0-25 (Least Healthy),ED Visit,Expected Payer,Other Payer,Substance Use Disorders,Homeless,618
629,2020,0-25 (Least Healthy),ED Visit,Expected Payer,Other Payer,All Other Diagnoses,Not Homeless,78319
630,2020,0-25 (Least Healthy),ED Visit,Expected Payer,Other Payer,Co-Occuring Disorders,Not Homeless,1792
631,2020,0-25 (Least Healthy),ED Visit,Expected Payer,Other Payer,Mental Health Disorders,Not Homeless,5344
632,2020,0-25 (Least Healthy),ED Visit,Expected Payer,Other Payer,Substance Use Disorders,Not Homeless,8239
633,2020,0-25 (Least Healthy),ED Visit,Expected Payer,Private Coverage,All Other Diagnoses,Homeless,917
634,2020,0-25 (Least Healthy),ED Visit,Expected Payer,Private Coverage,Co-Occuring Disorders,Not Homeless,436
635,2020,0-25 (Least Healthy),ED Visit,Expected Payer,Private Coverage,Mental Health Disorders,Homeless,322
636,2020,0-25 (Least Healthy),ED Visit,Expected Payer,Private Coverage,Substance Use Disorders,Homeless,749
637,2020,0-25 (Least Healthy),ED Visit,Expected Payer,Private Coverage,All Other Diagnoses,Not Homeless,539774
638,2020,0-25 (Least Healthy),ED Visit,Expected Payer,Private Coverage,Co-Occuring Disorders,Not Homeless,9604
639,2020,0-25 (Least Healthy),ED Visit,Expected Payer,Private Coverage,Mental Health Disorders,Not Homeless,41954
640,2020,0-25 (Least Healthy),ED Visit,Expected Payer,Private Coverage,Substance Use Disorders,Not Homeless,45550
641,2020,0-25 (Least Healthy),ED Visit,Expected Payer,Uninsured,All Other Diagnoses,Homeless,4679
642,2020,0-25 (Least Healthy),ED Visit,Expected Payer,Uninsured,Co-Occuring Disorders,Not Homeless,1036
643,2020,0-25 (Least Healthy),ED Visit,Expected Payer,Uninsured,Mental Health Disorders,Homeless,1380
644,2020,0-25 (Least Healthy),ED Visit,Expected Payer,Uninsured,Substance Use Disorders,Homeless,3260
645,2020,0-25 (Least Healthy),ED Visit,Expected Payer,Uninsured,All Other Diagnoses,Not Homeless,182260
646,2020,0-25 (Least Healthy),ED Visit,Expected Payer,Uninsured,Co-Occuring Disorders,Not Homeless,4224
647,2020,0-25 (Least Healthy),ED Visit,Expected Payer,Uninsured,Mental Health Disorders,Not Homeless,10154
648,2020,0-25 (Least Healthy),ED Visit,Expected Payer,Uninsured,Substance Use Disorders,Not Homeless,28124
649,2020,25.01-50 (Somewhat Unhealthy),ED Visit,Expected Payer,Medi-Cal,All Other Diagnoses,Homeless,17517
650,2020,25.01-50 (Somewhat Unhealthy),ED Visit,Expected Payer,Medi-Cal,Co-Occuring Disorders,Not Homeless,9683
651,2020,25.01-50 (Somewhat Unhealthy),ED Visit,Expected Payer,Medi-Cal,Mental Health Disorders,Homeless,6236
652,2020,25.01-50 (Somewhat Unhealthy),ED Visit,Expected Payer,Medi-Cal,Substance Use Disorders,Homeless,15407
653,2020,25.01-50 (Somewhat Unhealthy),ED Visit,Expected Payer,Medi-Cal,All Other Diagnoses,Not Homeless,946701
654,2020,25.01-50 (Somewhat Unhealthy),ED Visit,Expected Payer,Medi-Cal,Co-Occuring Disorders,Not Homeless,36052
655,2020,25.01-50 (Somewhat Unhealthy),ED Visit,Expected Payer,Medi-Cal,Mental Health Disorders,Not Homeless,86458
656,2020,25.01-50 (Somewhat Unhealthy),ED Visit,Expected Payer,Medi-Cal,Substance Use Disorders,Not Homeless,120472
657,2020,25.01-50 (Somewhat Unhealthy),ED Visit,Expected Payer,Medicare,All Other Diagnoses,Homeless,4462
658,2020,25.01-50 (Somewhat Unhealthy),ED Visit,Expected Payer,Medicare,Co-Occuring Disorders,Not Homeless,2787
659,2020,25.01-50 (Somewhat Unhealthy),ED Visit,Expected Payer,Medicare,Mental Health Disorders,Homeless,2452
660,2020,25.01-50 (Somewhat Unhealthy),ED Visit,Expected Payer,Medicare,Substance Use Disorders,Homeless,3238
661,2020,25.01-50 (Somewhat Unhealthy),ED Visit,Expected Payer,Medicare,All Other Diagnoses,Not Homeless,406232
662,2020,25.01-50 (Somewhat Unhealthy),ED Visit,Expected Payer,Medicare,Co-Occuring Disorders,Not Homeless,14343
663,2020,25.01-50 (Somewhat Unhealthy),ED Visit,Expected Payer,Medicare,Mental Health Disorders,Not Homeless,56055
664,2020,25.01-50 (Somewhat Unhealthy),ED Visit,Expected Payer,Medicare,Substance Use Disorders,Not Homeless,36050
665,2020,25.01-50 (Somewhat Unhealthy),ED Visit,Expected Payer,Other Payer,All Other Diagnoses,Homeless,1063
666,2020,25.01-50 (Somewhat Unhealthy),ED Visit,Expected Payer,Other Payer,Co-Occuring Disorders,Not Homeless,265
667,2020,25.01-50 (Somewhat Unhealthy),ED Visit,Expected Payer,Other Payer,Mental Health Disorders,Homeless,314
668,2020,25.01-50 (Somewhat Unhealthy),ED Visit,Expected Payer,Other Payer,Substance Use Disorders,Homeless,635
669,2020,25.01-50 (Somewhat Unhealthy),ED Visit,Expected Payer,Other Payer,All Other Diagnoses,Not Homeless,76659
670,2020,25.01-50 (Somewhat Unhealthy),ED Visit,Expected Payer,Other Payer,Co-Occuring Disorders,Not Homeless,1535
671,2020,25.01-50 (Somewhat Unhealthy),ED Visit,Expected Payer,Other Payer,Mental Health Disorders,Not Homeless,5393
672,2020,25.01-50 (Somewhat Unhealthy),ED Visit,Expected Payer,Other Payer,Substance Use Disorders,Not Homeless,6727
673,2020,25.01-50 (Somewhat Unhealthy),ED Visit,Expected Payer,Private Coverage,All Other Diagnoses,Homeless,1131
674,2020,25.01-50 (Somewhat Unhealthy),ED Visit,Expected Payer,Private Coverage,Co-Occuring Disorders,Not Homeless,700
675,2020,25.01-50 (Somewhat Unhealthy),ED Visit,Expected Payer,Private Coverage,Mental Health Disorders,Homeless,454
676,2020,25.01-50 (Somewhat Unhealthy),ED Visit,Expected Payer,Private Coverage,Substance Use Disorders,Homeless,935
677,2020,25.01-50 (Somewhat Unhealthy),ED Visit,Expected Payer,Private Coverage,All Other Diagnoses,Not Homeless,611849
678,2020,25.01-50 (Somewhat Unhealthy),ED Visit,Expected Payer,Private Coverage,Co-Occuring Disorders,Not Homeless,12552
679,2020,25.01-50 (Somewhat Unhealthy),ED Visit,Expected Payer,Private Coverage,Mental Health Disorders,Not Homeless,56242
680,2020,25.01-50 (Somewhat Unhealthy),ED Visit,Expected Payer,Private Coverage,Substance Use Disorders,Not Homeless,48794
681,2020,25.01-50 (Somewhat Unhealthy),ED Visit,Expected Payer,Uninsured,All Other Diagnoses,Homeless,3981
682,2020,25.01-50 (Somewhat Unhealthy),ED Visit,Expected Payer,Uninsured,Co-Occuring Disorders,Not Homeless,1171
683,2020,25.01-50 (Somewhat Unhealthy),ED Visit,Expected Payer,Uninsured,Mental Health Disorders,Homeless,953
684,2020,25.01-50 (Somewhat Unhealthy),ED Visit,Expected Payer,Uninsured,Substance Use Disorders,Homeless,2955
685,2020,25.01-50 (Somewhat Unhealthy),ED Visit,Expected Payer,Uninsured,All Other Diagnoses,Not Homeless,151474
686,2020,25.01-50 (Somewhat Unhealthy),ED Visit,Expected Payer,Uninsured,Co-Occuring Disorders,Not Homeless,4184
687,2020,25.01-50 (Somewhat Unhealthy),ED Visit,Expected Payer,Uninsured,Mental Health Disorders,Not Homeless,9892
688,2020,25.01-50 (Somewhat Unhealthy),ED Visit,Expected Payer,Uninsured,Substance Use Disorders,Not Homeless,24713
689,2020,50.01-75 (Somewhat Healthy),ED Visit,Expected Payer,Medi-Cal,All Other Diagnoses,Homeless,12978
690,2020,50.01-75 (Somewhat Healthy),ED Visit,Expected Payer,Medi-Cal,Co-Occuring Disorders,Not Homeless,6964
691,2020,50.01-75 (Somewhat Healthy),ED Visit,Expected Payer,Medi-Cal,Mental Health Disorders,Homeless,5515
692,2020,50.01-75 (Somewhat Healthy),ED Visit,Expected Payer,Medi-Cal,Substance Use Disorders,Homeless,9815
693,2020,50.01-75 (Somewhat Healthy),ED Visit,Expected Payer,Medi-Cal,All Other Diagnoses,Not Homeless,500706
694,2020,50.01-75 (Somewhat Healthy),ED Visit,Expected Payer,Medi-Cal,Co-Occuring Disorders,Not Homeless,24688
695,2020,50.01-75 (Somewhat Healthy),ED Visit,Expected Payer,Medi-Cal,Mental Health Disorders,Not Homeless,56884
696,2020,50.01-75 (Somewhat Healthy),ED Visit,Expected Payer,Medi-Cal,Substance Use Disorders,Not Homeless,71762
697,2020,50.01-75 (Somewhat Healthy),ED Visit,Expected Payer,Medicare,All Other Diagnoses,Homeless,3026
698,2020,50.01-75 (Somewhat Healthy),ED Visit,Expected Payer,Medicare,Co-Occuring Disorders,Not Homeless,1634
699,2020,50.01-75 (Somewhat Healthy),ED Visit,Expected Payer,Medicare,Mental Health Disorders,Homeless,1854
700,2020,50.01-75 (Somewhat Healthy),ED Visit,Expected Payer,Medicare,Substance Use Disorders,Homeless,1854
701,2020,50.01-75 (Somewhat Healthy),ED Visit,Expected Payer,Medicare,All Other Diagnoses,Not Homeless,384191
702,2020,50.01-75 (Somewhat Healthy),ED Visit,Expected Payer,Medicare,Co-Occuring Disorders,Not Homeless,11843
703,2020,50.01-75 (Somewhat Healthy),ED Visit,Expected Payer,Medicare,Mental Health Disorders,Not Homeless,57978
704,2020,50.01-75 (Somewhat Healthy),ED Visit,Expected Payer,Medicare,Substance Use Disorders,Not Homeless,27308
705,2020,50.01-75 (Somewhat Healthy),ED Visit,Expected Payer,Other Payer,All Other Diagnoses,Homeless,464
706,2020,50.01-75 (Somewhat Healthy),ED Visit,Expected Payer,Other Payer,Co-Occuring Disorders,Not Homeless,151
707,2020,50.01-75 (Somewhat Healthy),ED Visit,Expected Payer,Other Payer,Mental Health Disorders,Homeless,162
708,2020,50.01-75 (Somewhat Healthy),ED Visit,Expected Payer,Other Payer,Substance Use Disorders,Homeless,303
709,2020,50.01-75 (Somewhat Healthy),ED Visit,Expected Payer,Other Payer,All Other Diagnoses,Not Homeless,71007
710,2020,50.01-75 (Somewhat Healthy),ED Visit,Expected Payer,Other Payer,Co-Occuring Disorders,Not Homeless,1650
711,2020,50.01-75 (Somewhat Healthy),ED Visit,Expected Payer,Other Payer,Mental Health Disorders,Not Homeless,5900
712,2020,50.01-75 (Somewhat Healthy),ED Visit,Expected Payer,Other Payer,Substance Use Disorders,Not Homeless,6153
713,2020,50.01-75 (Somewhat Healthy),ED Visit,Expected Payer,Private Coverage,All Other Diagnoses,Homeless,1180
714,2020,50.01-75 (Somewhat Healthy),ED Visit,Expected Payer,Private Coverage,Co-Occuring Disorders,Not Homeless,669
715,2020,50.01-75 (Somewhat Healthy),ED Visit,Expected Payer,Private Coverage,Mental Health Disorders,Homeless,436
716,2020,50.01-75 (Somewhat Healthy),ED Visit,Expected Payer,Private Coverage,Substance Use Disorders,Homeless,1140
717,2020,50.01-75 (Somewhat Healthy),ED Visit,Expected Payer,Private Coverage,All Other Diagnoses,Not Homeless,594754
718,2020,50.01-75 (Somewhat Healthy),ED Visit,Expected Payer,Private Coverage,Co-Occuring Disorders,Not Homeless,14935
719,2020,50.01-75 (Somewhat Healthy),ED Visit,Expected Payer,Private Coverage,Mental Health Disorders,Not Homeless,65901
720,2020,50.01-75 (Somewhat Healthy),ED Visit,Expected Payer,Private Coverage,Substance Use Disorders,Not Homeless,46735
721,2020,50.01-75 (Somewhat Healthy),ED Visit,Expected Payer,Uninsured,All Other Diagnoses,Homeless,3174
722,2020,50.01-75 (Somewhat Healthy),ED Visit,Expected Payer,Uninsured,Co-Occuring Disorders,Not Homeless,997
723,2020,50.01-75 (Somewhat Healthy),ED Visit,Expected Payer,Uninsured,Mental Health Disorders,Homeless,1160
724,2020,50.01-75 (Somewhat Healthy),ED Visit,Expected Payer,Uninsured,Substance Use Disorders,Homeless,2186
725,2020,50.01-75 (Somewhat Healthy),ED Visit,Expected Payer,Uninsured,All Other Diagnoses,Not Homeless,96763
726,2020,50.01-75 (Somewhat Healthy),ED Visit,Expected Payer,Uninsured,Co-Occuring Disorders,Not Homeless,3190
727,2020,50.01-75 (Somewhat Healthy),ED Visit,Expected Payer,Uninsured,Mental Health Disorders,Not Homeless,7551
728,2020,50.01-75 (Somewhat Healthy),ED Visit,Expected Payer,Uninsured,Substance Use Disorders,Not Homeless,16451
729,2020,75.01-100 (Most Healthy),ED Visit,Expected Payer,Medi-Cal,All Other Diagnoses,Homeless,23695
730,2020,75.01-100 (Most Healthy),ED Visit,Expected Payer,Medi-Cal,Co-Occuring Disorders,Not Homeless,17081
731,2020,75.01-100 (Most Healthy),ED Visit,Expected Payer,Medi-Cal,Mental Health Disorders,Homeless,9125
732,2020,75.01-100 (Most Healthy),ED Visit,Expected Payer,Medi-Cal,Substance Use Disorders,Homeless,26692
733,2020,75.01-100 (Most Healthy),ED Visit,Expected Payer,Medi-Cal,All Other Diagnoses,Not Homeless,256470
734,2020,75.01-100 (Most Healthy),ED Visit,Expected Payer,Medi-Cal,Co-Occuring Disorders,Not Homeless,15747
735,2020,75.01-100 (Most Healthy),ED Visit,Expected Payer,Medi-Cal,Mental Health Disorders,Not Homeless,31347
736,2020,75.01-100 (Most Healthy),ED Visit,Expected Payer,Medi-Cal,Substance Use Disorders,Not Homeless,40568
737,2020,75.01-100 (Most Healthy),ED Visit,Expected Payer,Medicare,All Other Diagnoses,Homeless,7433
738,2020,75.01-100 (Most Healthy),ED Visit,Expected Payer,Medicare,Co-Occuring Disorders,Not Homeless,4380
739,2020,75.01-100 (Most Healthy),ED Visit,Expected Payer,Medicare,Mental Health Disorders,Homeless,3849
740,2020,75.01-100 (Most Healthy),ED Visit,Expected Payer,Medicare,Substance Use Disorders,Homeless,5633
741,2020,75.01-100 (Most Healthy),ED Visit,Expected Payer,Medicare,All Other Diagnoses,Not Homeless,312378
742,2020,75.01-100 (Most Healthy),ED Visit,Expected Payer,Medicare,Co-Occuring Disorders,Not Homeless,8829
743,2020,75.01-100 (Most Healthy),ED Visit,Expected Payer,Medicare,Mental Health Disorders,Not Homeless,49092
744,2020,75.01-100 (Most Healthy),ED Visit,Expected Payer,Medicare,Substance Use Disorders,Not Homeless,17947
745,2020,75.01-100 (Most Healthy),ED Visit,Expected Payer,Other Payer,All Other Diagnoses,Homeless,1752
746,2020,75.01-100 (Most Healthy),ED Visit,Expected Payer,Other Payer,Co-Occuring Disorders,Not Homeless,717
747,2020,75.01-100 (Most Healthy),ED Visit,Expected Payer,Other Payer,Mental Health Disorders,Homeless,649
748,2020,75.01-100 (Most Healthy),ED Visit,Expected Payer,Other Payer,Substance Use Disorders,Homeless,1253
749,2020,75.01-100 (Most Healthy),ED Visit,Expected Payer,Other Payer,All Other Diagnoses,Not Homeless,37927
750,2020,75.01-100 (Most Healthy),ED Visit,Expected Payer,Other Payer,Co-Occuring Disorders,Not Homeless,885
751,2020,75.01-100 (Most Healthy),ED Visit,Expected Payer,Other Payer,Mental Health Disorders,Not Homeless,2729
752,2020,75.01-100 (Most Healthy),ED Visit,Expected Payer,Other Payer,Substance Use Disorders,Not Homeless,2904
753,2020,75.01-100 (Most Healthy),ED Visit,Expected Payer,Private Coverage,All Other Diagnoses,Homeless,1166
754,2020,75.01-100 (Most Healthy),ED Visit,Expected Payer,Private Coverage,Co-Occuring Disorders,Not Homeless,796
755,2020,75.01-100 (Most Healthy),ED Visit,Expected Payer,Private Coverage,Mental Health Disorders,Homeless,530
756,2020,75.01-100 (Most Healthy),ED Visit,Expected Payer,Private Coverage,Substance Use Disorders,Homeless,984
757,2020,75.01-100 (Most Healthy),ED Visit,Expected Payer,Private Coverage,All Other Diagnoses,Not Homeless,513719
758,2020,75.01-100 (Most Healthy),ED Visit,Expected Payer,Private Coverage,Co-Occuring Disorders,Not Homeless,13353
759,2020,75.01-100 (Most Healthy),ED Visit,Expected Payer,Private Coverage,Mental Health Disorders,Not Homeless,61097
760,2020,75.01-100 (Most Healthy),ED Visit,Expected Payer,Private Coverage,Substance Use Disorders,Not Homeless,33072
761,2020,75.01-100 (Most Healthy),ED Visit,Expected Payer,Uninsured,All Other Diagnoses,Homeless,5599
762,2020,75.01-100 (Most Healthy),ED Visit,Expected Payer,Uninsured,Co-Occuring Disorders,Not Homeless,1828
763,2020,75.01-100 (Most Healthy),ED Visit,Expected Payer,Uninsured,Mental Health Disorders,Homeless,1602
764,2020,75.01-100 (Most Healthy),ED Visit,Expected Payer,Uninsured,Substance Use Disorders,Homeless,5198
765,2020,75.01-100 (Most Healthy),ED Visit,Expected Payer,Uninsured,All Other Diagnoses,Not Homeless,64762
766,2020,75.01-100 (Most Healthy),ED Visit,Expected Payer,Uninsured,Co-Occuring Disorders,Not Homeless,2549
767,2020,75.01-100 (Most Healthy),ED Visit,Expected Payer,Uninsured,Mental Health Disorders,Not Homeless,5775
768,2020,75.01-100 (Most Healthy),ED Visit,Expected Payer,Uninsured,Substance Use Disorders,Not Homeless,10941
769,2020,0-25 (Least Healthy),ED Visit,Race/Ethnicity Group,Other Race/Ethnicity,All Other Diagnoses,Homeless,2329
770,2020,0-25 (Least Healthy),ED Visit,Race/Ethnicity Group,Other Race/Ethnicity,Co-Occuring Disorders,Homeless,811
771,2020,0-25 (Least Healthy),ED Visit,Race/Ethnicity Group,Other Race/Ethnicity,Mental Health Disorders,Homeless,1266
772,2020,0-25 (Least Healthy),ED Visit,Race/Ethnicity Group,Other Race/Ethnicity,Substance Use Disorders,Homeless,1463
773,2020,0-25 (Least Healthy),ED Visit,Race/Ethnicity Group,Other Race/Ethnicity,All Other Diagnoses,Not Homeless,120977
774,2020,0-25 (Least Healthy),ED Visit,Race/Ethnicity Group,Other Race/Ethnicity,Co-Occuring Disorders,Not Homeless,3860
775,2020,0-25 (Least Healthy),ED Visit,Race/Ethnicity Group,Other Race/Ethnicity,Mental Health Disorders,Not Homeless,10933
776,2020,0-25 (Least Healthy),ED Visit,Race/Ethnicity Group,Other Race/Ethnicity,Substance Use Disorders,Not Homeless,15034
777,2020,0-25 (Least Healthy),ED Visit,Race/Ethnicity Group,American Indian/Alaska Native,All Other Diagnoses,Homeless,268
778,2020,0-25 (Least Healthy),ED Visit,Race/Ethnicity Group,American Indian/Alaska Native,Co-Occuring Disorders,Homeless,70
779,2020,0-25 (Least Healthy),ED Visit,Race/Ethnicity Group,American Indian/Alaska Native,Mental Health Disorders,Homeless,70
780,2020,0-25 (Least Healthy),ED Visit,Race/Ethnicity Group,American Indian/Alaska Native,Substance Use Disorders,Homeless,130
781,2020,0-25 (Least Healthy),ED Visit,Race/Ethnicity Group,American Indian/Alaska Native,All Other Diagnoses,Not Homeless,7755
782,2020,0-25 (Least Healthy),ED Visit,Race/Ethnicity Group,American Indian/Alaska Native,Co-Occuring Disorders,Not Homeless,339
783,2020,0-25 (Least Healthy),ED Visit,Race/Ethnicity Group,American Indian/Alaska Native,Mental Health Disorders,Not Homeless,765
784,2020,0-25 (Least Healthy),ED Visit,Race/Ethnicity Group,American Indian/Alaska Native,Substance Use Disorders,Not Homeless,1569
785,2020,0-25 (Least Healthy),ED Visit,Race/Ethnicity Group,Asian/Pacific Islander,All Other Diagnoses,Homeless,477
786,2020,0-25 (Least Healthy),ED Visit,Race/Ethnicity Group,Asian/Pacific Islander,Co-Occuring Disorders,Homeless,205
787,2020,0-25 (Least Healthy),ED Visit,Race/Ethnicity Group,Asian/Pacific Islander,Mental Health Disorders,Homeless,197
788,2020,0-25 (Least Healthy),ED Visit,Race/Ethnicity Group,Asian/Pacific Islander,Substance Use Disorders,Homeless,277
789,2020,0-25 (Least Healthy),ED Visit,Race/Ethnicity Group,Asian/Pacific Islander,All Other Diagnoses,Not Homeless,78514
790,2020,0-25 (Least Healthy),ED Visit,Race/Ethnicity Group,Asian/Pacific Islander,Co-Occuring Disorders,Not Homeless,1035
791,2020,0-25 (Least Healthy),ED Visit,Race/Ethnicity Group,Asian/Pacific Islander,Mental Health Disorders,Not Homeless,5163
792,2020,0-25 (Least Healthy),ED Visit,Race/Ethnicity Group,Asian/Pacific Islander,Substance Use Disorders,Not Homeless,5187
793,2020,0-25 (Least Healthy),ED Visit,Race/Ethnicity Group,Black,All Other Diagnoses,Homeless,8542
794,2020,0-25 (Least Healthy),ED Visit,Race/Ethnicity Group,Black,Co-Occuring Disorders,Homeless,4635
795,2020,0-25 (Least Healthy),ED Visit,Race/Ethnicity Group,Black,Mental Health Disorders,Homeless,3445
796,2020,0-25 (Least Healthy),ED Visit,Race/Ethnicity Group,Black,Substance Use Disorders,Homeless,5551
797,2020,0-25 (Least Healthy),ED Visit,Race/Ethnicity Group,Black,All Other Diagnoses,Not Homeless,320374
798,2020,0-25 (Least Healthy),ED Visit,Race/Ethnicity Group,Black,Co-Occuring Disorders,Not Homeless,14531
799,2020,0-25 (Least Healthy),ED Visit,Race/Ethnicity Group,Black,Mental Health Disorders,Not Homeless,29320
800,2020,0-25 (Least Healthy),ED Visit,Race/Ethnicity Group,Black,Substance Use Disorders,Not Homeless,60322
801,2020,0-25 (Least Healthy),ED Visit,Race/Ethnicity Group,Hispanic,All Other Diagnoses,Homeless,10615
802,2020,0-25 (Least Healthy),ED Visit,Race/Ethnicity Group,Hispanic,Co-Occuring Disorders,Homeless,3613
803,2020,0-25 (Least Healthy),ED Visit,Race/Ethnicity Group,Hispanic,Mental Health Disorders,Homeless,2813
804,2020,0-25 (Least Healthy),ED Visit,Race/Ethnicity Group,Hispanic,Substance Use Disorders,Homeless,7524
805,2020,0-25 (Least Healthy),ED Visit,Race/Ethnicity Group,Hispanic,All Other Diagnoses,Not Homeless,1574957
806,2020,0-25 (Least Healthy),ED Visit,Race/Ethnicity Group,Hispanic,Co-Occuring Disorders,Not Homeless,25732
807,2020,0-25 (Least Healthy),ED Visit,Race/Ethnicity Group,Hispanic,Mental Health Disorders,Not Homeless,106565
808,2020,0-25 (Least Healthy),ED Visit,Race/Ethnicity Group,Hispanic,Substance Use Disorders,Not Homeless,112615
809,2020,0-25 (Least Healthy),ED Visit,Race/Ethnicity Group,White,All Other Diagnoses,Homeless,8530
810,2020,0-25 (Least Healthy),ED Visit,Race/Ethnicity Group,White,Co-Occuring Disorders,Homeless,4679
811,2020,0-25 (Least Healthy),ED Visit,Race/Ethnicity Group,White,Mental Health Disorders,Homeless,2965
812,2020,0-25 (Least Healthy),ED Visit,Race/Ethnicity Group,White,Substance Use Disorders,Homeless,8089
813,2020,0-25 (Least Healthy),ED Visit,Race/Ethnicity Group,White,All Other Diagnoses,Not Homeless,446674
814,2020,0-25 (Least Healthy),ED Visit,Race/Ethnicity Group,White,Co-Occuring Disorders,Not Homeless,25037
815,2020,0-25 (Least Healthy),ED Visit,Race/Ethnicity Group,White,Mental Health Disorders,Not Homeless,54211
816,2020,0-25 (Least Healthy),ED Visit,Race/Ethnicity Group,White,Substance Use Disorders,Not Homeless,90302
817,2020,25.01-50 (Somewhat Unhealthy),ED Visit,Race/Ethnicity Group,Other Race/Ethnicity,All Other Diagnoses,Homeless,2656
818,2020,25.01-50 (Somewhat Unhealthy),ED Visit,Race/Ethnicity Group,Other Race/Ethnicity,Co-Occuring Disorders,Homeless,1310
819,2020,25.01-50 (Somewhat Unhealthy),ED Visit,Race/Ethnicity Group,Other Race/Ethnicity,Mental Health Disorders,Homeless,1369
820,2020,25.01-50 (Somewhat Unhealthy),ED Visit,Race/Ethnicity Group,Other Race/Ethnicity,Substance Use Disorders,Homeless,1940
821,2020,25.01-50 (Somewhat Unhealthy),ED Visit,Race/Ethnicity Group,Other Race/Ethnicity,All Other Diagnoses,Not Homeless,144433
822,2020,25.01-50 (Somewhat Unhealthy),ED Visit,Race/Ethnicity Group,Other Race/Ethnicity,Co-Occuring Disorders,Not Homeless,3948
823,2020,25.01-50 (Somewhat Unhealthy),ED Visit,Race/Ethnicity Group,Other Race/Ethnicity,Mental Health Disorders,Not Homeless,13742
824,2020,25.01-50 (Somewhat Unhealthy),ED Visit,Race/Ethnicity Group,Other Race/Ethnicity,Substance Use Disorders,Not Homeless,13873
825,2020,25.01-50 (Somewhat Unhealthy),ED Visit,Race/Ethnicity Group,American Indian/Alaska Native,All Other Diagnoses,Homeless,190
826,2020,25.01-50 (Somewhat Unhealthy),ED Visit,Race/Ethnicity Group,American Indian/Alaska Native,Co-Occuring Disorders,Homeless,152
827,2020,25.01-50 (Somewhat Unhealthy),ED Visit,Race/Ethnicity Group,American Indian/Alaska Native,Mental Health Disorders,Homeless,95
828,2020,25.01-50 (Somewhat Unhealthy),ED Visit,Race/Ethnicity Group,American Indian/Alaska Native,Substance Use Disorders,Homeless,231
829,2020,25.01-50 (Somewhat Unhealthy),ED Visit,Race/Ethnicity Group,American Indian/Alaska Native,All Other Diagnoses,Not Homeless,7246
830,2020,25.01-50 (Somewhat Unhealthy),ED Visit,Race/Ethnicity Group,American Indian/Alaska Native,Co-Occuring Disorders,Not Homeless,529
831,2020,25.01-50 (Somewhat Unhealthy),ED Visit,Race/Ethnicity Group,American Indian/Alaska Native,Mental Health Disorders,Not Homeless,893
832,2020,25.01-50 (Somewhat Unhealthy),ED Visit,Race/Ethnicity Group,American Indian/Alaska Native,Substance Use Disorders,Not Homeless,1591
833,2020,25.01-50 (Somewhat Unhealthy),ED Visit,Race/Ethnicity Group,Asian/Pacific Islander,All Other Diagnoses,Homeless,452
834,2020,25.01-50 (Somewhat Unhealthy),ED Visit,Race/Ethnicity Group,Asian/Pacific Islander,Co-Occuring Disorders,Homeless,212
835,2020,25.01-50 (Somewhat Unhealthy),ED Visit,Race/Ethnicity Group,Asian/Pacific Islander,Mental Health Disorders,Homeless,163
836,2020,25.01-50 (Somewhat Unhealthy),ED Visit,Race/Ethnicity Group,Asian/Pacific Islander,Substance Use Disorders,Homeless,292
837,2020,25.01-50 (Somewhat Unhealthy),ED Visit,Race/Ethnicity Group,Asian/Pacific Islander,All Other Diagnoses,Not Homeless,137097
838,2020,25.01-50 (Somewhat Unhealthy),ED Visit,Race/Ethnicity Group,Asian/Pacific Islander,Co-Occuring Disorders,Not Homeless,1803
839,2020,25.01-50 (Somewhat Unhealthy),ED Visit,Race/Ethnicity Group,Asian/Pacific Islander,Mental Health Disorders,Not Homeless,9629
840,2020,25.01-50 (Somewhat Unhealthy),ED Visit,Race/Ethnicity Group,Asian/Pacific Islander,Substance Use Disorders,Not Homeless,7572
841,2020,25.01-50 (Somewhat Unhealthy),ED Visit,Race/Ethnicity Group,Black,All Other Diagnoses,Homeless,4179
842,2020,25.01-50 (Somewhat Unhealthy),ED Visit,Race/Ethnicity Group,Black,Co-Occuring Disorders,Homeless,2090
843,2020,25.01-50 (Somewhat Unhealthy),ED Visit,Race/Ethnicity Group,Black,Mental Health Disorders,Homeless,1700
844,2020,25.01-50 (Somewhat Unhealthy),ED Visit,Race/Ethnicity Group,Black,Substance Use Disorders,Homeless,2716
845,2020,25.01-50 (Somewhat Unhealthy),ED Visit,Race/Ethnicity Group,Black,All Other Diagnoses,Not Homeless,205892
846,2020,25.01-50 (Somewhat Unhealthy),ED Visit,Race/Ethnicity Group,Black,Co-Occuring Disorders,Not Homeless,8506
847,2020,25.01-50 (Somewhat Unhealthy),ED Visit,Race/Ethnicity Group,Black,Mental Health Disorders,Not Homeless,21572
848,2020,25.01-50 (Somewhat Unhealthy),ED Visit,Race/Ethnicity Group,Black,Substance Use Disorders,Not Homeless,31222
849,2020,25.01-50 (Somewhat Unhealthy),ED Visit,Race/Ethnicity Group,Hispanic,All Other Diagnoses,Homeless,8157
850,2020,25.01-50 (Somewhat Unhealthy),ED Visit,Race/Ethnicity Group,Hispanic,Co-Occuring Disorders,Homeless,3237
851,2020,25.01-50 (Somewhat Unhealthy),ED Visit,Race/Ethnicity Group,Hispanic,Mental Health Disorders,Homeless,2372
852,2020,25.01-50 (Somewhat Unhealthy),ED Visit,Race/Ethnicity Group,Hispanic,Substance Use Disorders,Homeless,6111
853,2020,25.01-50 (Somewhat Unhealthy),ED Visit,Race/Ethnicity Group,Hispanic,All Other Diagnoses,Not Homeless,1054645
854,2020,25.01-50 (Somewhat Unhealthy),ED Visit,Race/Ethnicity Group,Hispanic,Co-Occuring Disorders,Not Homeless,19946
855,2020,25.01-50 (Somewhat Unhealthy),ED Visit,Race/Ethnicity Group,Hispanic,Mental Health Disorders,Not Homeless,83460
856,2020,25.01-50 (Somewhat Unhealthy),ED Visit,Race/Ethnicity Group,Hispanic,Substance Use Disorders,Not Homeless,75982
857,2020,25.01-50 (Somewhat Unhealthy),ED Visit,Race/Ethnicity Group,White,All Other Diagnoses,Homeless,12520
858,2020,25.01-50 (Somewhat Unhealthy),ED Visit,Race/Ethnicity Group,White,Co-Occuring Disorders,Homeless,7605
859,2020,25.01-50 (Somewhat Unhealthy),ED Visit,Race/Ethnicity Group,White,Mental Health Disorders,Homeless,4710
860,2020,25.01-50 (Somewhat Unhealthy),ED Visit,Race/Ethnicity Group,White,Substance Use Disorders,Homeless,11880
861,2020,25.01-50 (Somewhat Unhealthy),ED Visit,Race/Ethnicity Group,White,All Other Diagnoses,Not Homeless,643602
862,2020,25.01-50 (Somewhat Unhealthy),ED Visit,Race/Ethnicity Group,White,Co-Occuring Disorders,Not Homeless,33934
863,2020,25.01-50 (Somewhat Unhealthy),ED Visit,Race/Ethnicity Group,White,Mental Health Disorders,Not Homeless,84744
864,2020,25.01-50 (Somewhat Unhealthy),ED Visit,Race/Ethnicity Group,White,Substance Use Disorders,Not Homeless,106516
865,2020,50.01-75 (Somewhat Healthy),ED Visit,Race/Ethnicity Group,Other Race/Ethnicity,All Other Diagnoses,Homeless,1904
866,2020,50.01-75 (Somewhat Healthy),ED Visit,Race/Ethnicity Group,Other Race/Ethnicity,Co-Occuring Disorders,Homeless,912
867,2020,50.01-75 (Somewhat Healthy),ED Visit,Race/Ethnicity Group,Other Race/Ethnicity,Mental Health Disorders,Homeless,989
868,2020,50.01-75 (Somewhat Healthy),ED Visit,Race/Ethnicity Group,Other Race/Ethnicity,Substance Use Disorders,Homeless,1244
869,2020,50.01-75 (Somewhat Healthy),ED Visit,Race/Ethnicity Group,Other Race/Ethnicity,All Other Diagnoses,Not Homeless,128216
870,2020,50.01-75 (Somewhat Healthy),ED Visit,Race/Ethnicity Group,Other Race/Ethnicity,Co-Occuring Disorders,Not Homeless,3332
871,2020,50.01-75 (Somewhat Healthy),ED Visit,Race/Ethnicity Group,Other Race/Ethnicity,Mental Health Disorders,Not Homeless,12793
872,2020,50.01-75 (Somewhat Healthy),ED Visit,Race/Ethnicity Group,Other Race/Ethnicity,Substance Use Disorders,Not Homeless,11248
873,2020,50.01-75 (Somewhat Healthy),ED Visit,Race/Ethnicity Group,American Indian/Alaska Native,All Other Diagnoses,Homeless,78
874,2020,50.01-75 (Somewhat Healthy),ED Visit,Race/Ethnicity Group,American Indian/Alaska Native,Co-Occuring Disorders,Homeless,41
875,2020,50.01-75 (Somewhat Healthy),ED Visit,Race/Ethnicity Group,American Indian/Alaska Native,Mental Health Disorders,Homeless,27
876,2020,50.01-75 (Somewhat Healthy),ED Visit,Race/Ethnicity Group,American Indian/Alaska Native,Substance Use Disorders,Homeless,83
877,2020,50.01-75 (Somewhat Healthy),ED Visit,Race/Ethnicity Group,American Indian/Alaska Native,All Other Diagnoses,Not Homeless,5105
878,2020,50.01-75 (Somewhat Healthy),ED Visit,Race/Ethnicity Group,American Indian/Alaska Native,Co-Occuring Disorders,Not Homeless,290
879,2020,50.01-75 (Somewhat Healthy),ED Visit,Race/Ethnicity Group,American Indian/Alaska Native,Mental Health Disorders,Not Homeless,630
880,2020,50.01-75 (Somewhat Healthy),ED Visit,Race/Ethnicity Group,American Indian/Alaska Native,Substance Use Disorders,Not Homeless,888
881,2020,50.01-75 (Somewhat Healthy),ED Visit,Race/Ethnicity Group,Asian/Pacific Islander,All Other Diagnoses,Homeless,881
882,2020,50.01-75 (Somewhat Healthy),ED Visit,Race/Ethnicity Group,Asian/Pacific Islander,Co-Occuring Disorders,Homeless,141
883,2020,50.01-75 (Somewhat Healthy),ED Visit,Race/Ethnicity Group,Asian/Pacific Islander,Mental Health Disorders,Homeless,145
884,2020,50.01-75 (Somewhat Healthy),ED Visit,Race/Ethnicity Group,Asian/Pacific Islander,Substance Use Disorders,Homeless,197
885,2020,50.01-75 (Somewhat Healthy),ED Visit,Race/Ethnicity Group,Asian/Pacific Islander,All Other Diagnoses,Not Homeless,145268
886,2020,50.01-75 (Somewhat Healthy),ED Visit,Race/Ethnicity Group,Asian/Pacific Islander,Co-Occuring Disorders,Not Homeless,1609
887,2020,50.01-75 (Somewhat Healthy),ED Visit,Race/Ethnicity Group,Asian/Pacific Islander,Mental Health Disorders,Not Homeless,11365
888,2020,50.01-75 (Somewhat Healthy),ED Visit,Race/Ethnicity Group,Asian/Pacific Islander,Substance Use Disorders,Not Homeless,6917
889,2020,50.01-75 (Somewhat Healthy),ED Visit,Race/Ethnicity Group,Black,All Other Diagnoses,Homeless,4459
890,2020,50.01-75 (Somewhat Healthy),ED Visit,Race/Ethnicity Group,Black,Co-Occuring Disorders,Homeless,1919
891,2020,50.01-75 (Somewhat Healthy),ED Visit,Race/Ethnicity Group,Black,Mental Health Disorders,Homeless,2064
892,2020,50.01-75 (Somewhat Healthy),ED Visit,Race/Ethnicity Group,Black,Substance Use Disorders,Homeless,2209
893,2020,50.01-75 (Somewhat Healthy),ED Visit,Race/Ethnicity Group,Black,All Other Diagnoses,Not Homeless,136711
894,2020,50.01-75 (Somewhat Healthy),ED Visit,Race/Ethnicity Group,Black,Co-Occuring Disorders,Not Homeless,5490
895,2020,50.01-75 (Somewhat Healthy),ED Visit,Race/Ethnicity Group,Black,Mental Health Disorders,Not Homeless,15823
896,2020,50.01-75 (Somewhat Healthy),ED Visit,Race/Ethnicity Group,Black,Substance Use Disorders,Not Homeless,18530
897,2020,50.01-75 (Somewhat Healthy),ED Visit,Race/Ethnicity Group,Hispanic,All Other Diagnoses,Homeless,4292
898,2020,50.01-75 (Somewhat Healthy),ED Visit,Race/Ethnicity Group,Hispanic,Co-Occuring Disorders,Homeless,2028
899,2020,50.01-75 (Somewhat Healthy),ED Visit,Race/Ethnicity Group,Hispanic,Mental Health Disorders,Homeless,1840
900,2020,50.01-75 (Somewhat Healthy),ED Visit,Race/Ethnicity Group,Hispanic,Substance Use Disorders,Homeless,3214
901,2020,50.01-75 (Somewhat Healthy),ED Visit,Race/Ethnicity Group,Hispanic,All Other Diagnoses,Not Homeless,503404
902,2020,50.01-75 (Somewhat Healthy),ED Visit,Race/Ethnicity Group,Hispanic,Co-Occuring Disorders,Not Homeless,11556
903,2020,50.01-75 (Somewhat Healthy),ED Visit,Race/Ethnicity Group,Hispanic,Mental Health Disorders,Not Homeless,48924
904,2020,50.01-75 (Somewhat Healthy),ED Visit,Race/Ethnicity Group,Hispanic,Substance Use Disorders,Not Homeless,38046
905,2020,50.01-75 (Somewhat Healthy),ED Visit,Race/Ethnicity Group,White,All Other Diagnoses,Homeless,9208
906,2020,50.01-75 (Somewhat Healthy),ED Visit,Race/Ethnicity Group,White,Co-Occuring Disorders,Homeless,5374
907,2020,50.01-75 (Somewhat Healthy),ED Visit,Race/Ethnicity Group,White,Mental Health Disorders,Homeless,4062
908,2020,50.01-75 (Somewhat Healthy),ED Visit,Race/Ethnicity Group,White,Substance Use Disorders,Homeless,8351
909,2020,50.01-75 (Somewhat Healthy),ED Visit,Race/Ethnicity Group,White,All Other Diagnoses,Not Homeless,728717
910,2020,50.01-75 (Somewhat Healthy),ED Visit,Race/Ethnicity Group,White,Co-Occuring Disorders,Not Homeless,34029
911,2020,50.01-75 (Somewhat Healthy),ED Visit,Race/Ethnicity Group,White,Mental Health Disorders,Not Homeless,104679
912,2020,50.01-75 (Somewhat Healthy),ED Visit,Race/Ethnicity Group,White,Substance Use Disorders,Not Homeless,92780
913,2020,75.01-100 (Most Healthy),ED Visit,Race/Ethnicity Group,Other Race/Ethnicity,All Other Diagnoses,Homeless,2508
914,2020,75.01-100 (Most Healthy),ED Visit,Race/Ethnicity Group,Other Race/Ethnicity,Co-Occuring Disorders,Homeless,1445
915,2020,75.01-100 (Most Healthy),ED Visit,Race/Ethnicity Group,Other Race/Ethnicity,Mental Health Disorders,Homeless,939
916,2020,75.01-100 (Most Healthy),ED Visit,Race/Ethnicity Group,Other Race/Ethnicity,Substance Use Disorders,Homeless,2602
917,2020,75.01-100 (Most Healthy),ED Visit,Race/Ethnicity Group,Other Race/Ethnicity,All Other Diagnoses,Not Homeless,101033
918,2020,75.01-100 (Most Healthy),ED Visit,Race/Ethnicity Group,Other Race/Ethnicity,Co-Occuring Disorders,Not Homeless,2727
919,2020,75.01-100 (Most Healthy),ED Visit,Race/Ethnicity Group,Other Race/Ethnicity,Mental Health Disorders,Not Homeless,10817
920,2020,75.01-100 (Most Healthy),ED Visit,Race/Ethnicity Group,Other Race/Ethnicity,Substance Use Disorders,Not Homeless,7720
921,2020,75.01-100 (Most Healthy),ED Visit,Race/Ethnicity Group,American Indian/Alaska Native,All Other Diagnoses,Homeless,133
922,2020,75.01-100 (Most Healthy),ED Visit,Race/Ethnicity Group,American Indian/Alaska Native,Co-Occuring Disorders,Homeless,96
923,2020,75.01-100 (Most Healthy),ED Visit,Race/Ethnicity Group,American Indian/Alaska Native,Mental Health Disorders,Homeless,50
924,2020,75.01-100 (Most Healthy),ED Visit,Race/Ethnicity Group,American Indian/Alaska Native,Substance Use Disorders,Homeless,145
925,2020,75.01-100 (Most Healthy),ED Visit,Race/Ethnicity Group,American Indian/Alaska Native,All Other Diagnoses,Not Homeless,2633
926,2020,75.01-100 (Most Healthy),ED Visit,Race/Ethnicity Group,American Indian/Alaska Native,Co-Occuring Disorders,Not Homeless,127
927,2020,75.01-100 (Most Healthy),ED Visit,Race/Ethnicity Group,American Indian/Alaska Native,Mental Health Disorders,Not Homeless,348
928,2020,75.01-100 (Most Healthy),ED Visit,Race/Ethnicity Group,American Indian/Alaska Native,Substance Use Disorders,Not Homeless,396
929,2020,75.01-100 (Most Healthy),ED Visit,Race/Ethnicity Group,Asian/Pacific Islander,All Other Diagnoses,Homeless,972
930,2020,75.01-100 (Most Healthy),ED Visit,Race/Ethnicity Group,Asian/Pacific Islander,Co-Occuring Disorders,Homeless,500
931,2020,75.01-100 (Most Healthy),ED Visit,Race/Ethnicity Group,Asian/Pacific Islander,Mental Health Disorders,Homeless,486
932,2020,75.01-100 (Most Healthy),ED Visit,Race/Ethnicity Group,Asian/Pacific Islander,Substance Use Disorders,Homeless,726
933,2020,75.01-100 (Most Healthy),ED Visit,Race/Ethnicity Group,Asian/Pacific Islander,All Other Diagnoses,Not Homeless,161602
934,2020,75.01-100 (Most Healthy),ED Visit,Race/Ethnicity Group,Asian/Pacific Islander,Co-Occuring Disorders,Not Homeless,1721
935,2020,75.01-100 (Most Healthy),ED Visit,Race/Ethnicity Group,Asian/Pacific Islander,Mental Health Disorders,Not Homeless,12795
936,2020,75.01-100 (Most Healthy),ED Visit,Race/Ethnicity Group,Asian/Pacific Islander,Substance Use Disorders,Not Homeless,6790
937,2020,75.01-100 (Most Healthy),ED Visit,Race/Ethnicity Group,Black,All Other Diagnoses,Homeless,11680
938,2020,75.01-100 (Most Healthy),ED Visit,Race/Ethnicity Group,Black,Co-Occuring Disorders,Homeless,6845
939,2020,75.01-100 (Most Healthy),ED Visit,Race/Ethnicity Group,Black,Mental Health Disorders,Homeless,5165
940,2020,75.01-100 (Most Healthy),ED Visit,Race/Ethnicity Group,Black,Substance Use Disorders,Homeless,8956
941,2020,75.01-100 (Most Healthy),ED Visit,Race/Ethnicity Group,Black,All Other Diagnoses,Not Homeless,75179
942,2020,75.01-100 (Most Healthy),ED Visit,Race/Ethnicity Group,Black,Co-Occuring Disorders,Not Homeless,3930
943,2020,75.01-100 (Most Healthy),ED Visit,Race/Ethnicity Group,Black,Mental Health Disorders,Not Homeless,9690
944,2020,75.01-100 (Most Healthy),ED Visit,Race/Ethnicity Group,Black,Substance Use Disorders,Not Homeless,11452
945,2020,75.01-100 (Most Healthy),ED Visit,Race/Ethnicity Group,Hispanic,All Other Diagnoses,Homeless,6975
946,2020,75.01-100 (Most Healthy),ED Visit,Race/Ethnicity Group,Hispanic,Co-Occuring Disorders,Homeless,3687
947,2020,75.01-100 (Most Healthy),ED Visit,Race/Ethnicity Group,Hispanic,Mental Health Disorders,Homeless,2194
948,2020,75.01-100 (Most Healthy),ED Visit,Race/Ethnicity Group,Hispanic,Substance Use Disorders,Homeless,7794
949,2020,75.01-100 (Most Healthy),ED Visit,Race/Ethnicity Group,Hispanic,All Other Diagnoses,Not Homeless,237232
950,2020,75.01-100 (Most Healthy),ED Visit,Race/Ethnicity Group,Hispanic,Co-Occuring Disorders,Not Homeless,6010
951,2020,75.01-100 (Most Healthy),ED Visit,Race/Ethnicity Group,Hispanic,Mental Health Disorders,Not Homeless,24341
952,2020,75.01-100 (Most Healthy),ED Visit,Race/Ethnicity Group,Hispanic,Substance Use Disorders,Not Homeless,19025
953,2020,75.01-100 (Most Healthy),ED Visit,Race/Ethnicity Group,White,All Other Diagnoses,Homeless,17377
954,2020,75.01-100 (Most Healthy),ED Visit,Race/Ethnicity Group,White,Co-Occuring Disorders,Homeless,12229
955,2020,75.01-100 (Most Healthy),ED Visit,Race/Ethnicity Group,White,Mental Health Disorders,Homeless,6921
956,2020,75.01-100 (Most Healthy),ED Visit,Race/Ethnicity Group,White,Substance Use Disorders,Homeless,19537
957,2020,75.01-100 (Most Healthy),ED Visit,Race/Ethnicity Group,White,All Other Diagnoses,Not Homeless,607577
958,2020,75.01-100 (Most Healthy),ED Visit,Race/Ethnicity Group,White,Co-Occuring Disorders,Not Homeless,26848
959,2020,75.01-100 (Most Healthy),ED Visit,Race/Ethnicity Group,White,Mental Health Disorders,Not Homeless,92049
960,2020,75.01-100 (Most Healthy),ED Visit,Race/Ethnicity Group,White,Substance Use Disorders,Not Homeless,60049
961,2020,0-25 (Least Healthy),ED Visit,Age Group,0 to 18,All Other Diagnoses,Homeless,523
962,2020,0-25 (Least Healthy),ED Visit,Age Group,0 to 18,Co-Occuring Disorders,Homeless,25
963,2020,0-25 (Least Healthy),ED Visit,Age Group,0 to 18,Mental Health Disorders,Homeless,94
964,2020,0-25 (Least Healthy),ED Visit,Age Group,0 to 18,Substance Use Disorders,Homeless,68
965,2020,0-25 (Least Healthy),ED Visit,Age Group,0 to 18,All Other Diagnoses,Not Homeless,609847
966,2020,0-25 (Least Healthy),ED Visit,Age Group,0 to 18,Co-Occuring Disorders,Not Homeless,2176
967,2020,0-25 (Least Healthy),ED Visit,Age Group,0 to 18,Mental Health Disorders,Not Homeless,26970
968,2020,0-25 (Least Healthy),ED Visit,Age Group,0 to 18,Substance Use Disorders,Not Homeless,6471
969,2020,0-25 (Least Healthy),ED Visit,Age Group,19 to 39,All Other Diagnoses,Homeless,11859
970,2020,0-25 (Least Healthy),ED Visit,Age Group,19 to 39,Co-Occuring Disorders,Homeless,6520
971,2020,0-25 (Least Healthy),ED Visit,Age Group,19 to 39,Mental Health Disorders,Homeless,5277
972,2020,0-25 (Least Healthy),ED Visit,Age Group,19 to 39,Substance Use Disorders,Homeless,8933
973,2020,0-25 (Least Healthy),ED Visit,Age Group,19 to 39,All Other Diagnoses,Not Homeless,911568
974,2020,0-25 (Least Healthy),ED Visit,Age Group,19 to 39,Co-Occuring Disorders,Not Homeless,33848
975,2020,0-25 (Least Healthy),ED Visit,Age Group,19 to 39,Mental Health Disorders,Not Homeless,81563
976,2020,0-25 (Least Healthy),ED Visit,Age Group,19 to 39,Substance Use Disorders,Not Homeless,131998
977,2020,0-25 (Least Healthy),ED Visit,Age Group,40 to 59,All Other Diagnoses,Homeless,12924
978,2020,0-25 (Least Healthy),ED Visit,Age Group,40 to 59,Co-Occuring Disorders,Homeless,5967
979,2020,0-25 (Least Healthy),ED Visit,Age Group,40 to 59,Mental Health Disorders,Homeless,4211
980,2020,0-25 (Least Healthy),ED Visit,Age Group,40 to 59,Substance Use Disorders,Homeless,10278
981,2020,0-25 (Least Healthy),ED Visit,Age Group,40 to 59,All Other Diagnoses,Not Homeless,581421
982,2020,0-25 (Least Healthy),ED Visit,Age Group,40 to 59,Co-Occuring Disorders,Not Homeless,25497
983,2020,0-25 (Least Healthy),ED Visit,Age Group,40 to 59,Mental Health Disorders,Not Homeless,57653
984,2020,0-25 (Least Healthy),ED Visit,Age Group,40 to 59,Substance Use Disorders,Not Homeless,101441
985,2020,0-25 (Least Healthy),ED Visit,Age Group,60+,All Other Diagnoses,Homeless,5454
986,2020,0-25 (Least Healthy),ED Visit,Age Group,60+,Co-Occuring Disorders,Homeless,1501
987,2020,0-25 (Least Healthy),ED Visit,Age Group,60+,Mental Health Disorders,Homeless,1174
988,2020,0-25 (Least Healthy),ED Visit,Age Group,60+,Substance Use Disorders,Homeless,3755
989,2020,0-25 (Least Healthy),ED Visit,Age Group,60+,All Other Diagnoses,Not Homeless,446404
990,2020,0-25 (Least Healthy),ED Visit,Age Group,60+,Co-Occuring Disorders,Not Homeless,9013
991,2020,0-25 (Least Healthy),ED Visit,Age Group,60+,Mental Health Disorders,Not Homeless,40771
992,2020,0-25 (Least Healthy),ED Visit,Age Group,60+,Substance Use Disorders,Not Homeless,45112
993,2020,25.01-50 (Somewhat Unhealthy),ED Visit,Age Group,0 to 18,All Other Diagnoses,Homeless,568
994,2020,25.01-50 (Somewhat Unhealthy),ED Visit,Age Group,0 to 18,Co-Occuring Disorders,Homeless,52
995,2020,25.01-50 (Somewhat Unhealthy),ED Visit,Age Group,0 to 18,Mental Health Disorders,Homeless,124
996,2020,25.01-50 (Somewhat Unhealthy),ED Visit,Age Group,0 to 18,Substance Use Disorders,Homeless,75
997,2020,25.01-50 (Somewhat Unhealthy),ED Visit,Age Group,0 to 18,All Other Diagnoses,Not Homeless,456114
998,2020,25.01-50 (Somewhat Unhealthy),ED Visit,Age Group,0 to 18,Co-Occuring Disorders,Not Homeless,2318
999,2020,25.01-50 (Somewhat Unhealthy),ED Visit,Age Group,0 to 18,Mental Health Disorders,Not Homeless,24811
1000,2020,25.01-50 (Somewhat Unhealthy),ED Visit,Age Group,0 to 18,Substance Use Disorders,Not Homeless,5530
1001,2020,25.01-50 (Somewhat Unhealthy),ED Visit,Age Group,19 to 39,All Other Diagnoses,Homeless,10198
1002,2020,25.01-50 (Somewhat Unhealthy),ED Visit,Age Group,19 to 39,Co-Occuring Disorders,Homeless,7136
1003,2020,25.01-50 (Somewhat Unhealthy),ED Visit,Age Group,19 to 39,Mental Health Disorders,Homeless,4594
1004,2020,25.01-50 (Somewhat Unhealthy),ED Visit,Age Group,19 to 39,Substance Use Disorders,Homeless,8433
1005,2020,25.01-50 (Somewhat Unhealthy),ED Visit,Age Group,19 to 39,All Other Diagnoses,Not Homeless,730352
1006,2020,25.01-50 (Somewhat Unhealthy),ED Visit,Age Group,19 to 39,Co-Occuring Disorders,Not Homeless,32048
1007,2020,25.01-50 (Somewhat Unhealthy),ED Visit,Age Group,19 to 39,Mental Health Disorders,Not Homeless,77866
1008,2020,25.01-50 (Somewhat Unhealthy),ED Visit,Age Group,19 to 39,Substance Use Disorders,Not Homeless,106760
1009,2020,25.01-50 (Somewhat Unhealthy),ED Visit,Age Group,40 to 59,All Other Diagnoses,Homeless,12068
1010,2020,25.01-50 (Somewhat Unhealthy),ED Visit,Age Group,40 to 59,Co-Occuring Disorders,Homeless,6054
1011,2020,25.01-50 (Somewhat Unhealthy),ED Visit,Age Group,40 to 59,Mental Health Disorders,Homeless,4231
1012,2020,25.01-50 (Somewhat Unhealthy),ED Visit,Age Group,40 to 59,Substance Use Disorders,Homeless,10781
1013,2020,25.01-50 (Somewhat Unhealthy),ED Visit,Age Group,40 to 59,All Other Diagnoses,Not Homeless,516224
1014,2020,25.01-50 (Somewhat Unhealthy),ED Visit,Age Group,40 to 59,Co-Occuring Disorders,Not Homeless,24178
1015,2020,25.01-50 (Somewhat Unhealthy),ED Visit,Age Group,40 to 59,Mental Health Disorders,Not Homeless,58411
1016,2020,25.01-50 (Somewhat Unhealthy),ED Visit,Age Group,40 to 59,Substance Use Disorders,Not Homeless,83500
1017,2020,25.01-50 (Somewhat Unhealthy),ED Visit,Age Group,60+,All Other Diagnoses,Homeless,5317
1018,2020,25.01-50 (Somewhat Unhealthy),ED Visit,Age Group,60+,Co-Occuring Disorders,Homeless,1364
1019,2020,25.01-50 (Somewhat Unhealthy),ED Visit,Age Group,60+,Mental Health Disorders,Homeless,1460
1020,2020,25.01-50 (Somewhat Unhealthy),ED Visit,Age Group,60+,Substance Use Disorders,Homeless,3881
1021,2020,25.01-50 (Somewhat Unhealthy),ED Visit,Age Group,60+,All Other Diagnoses,Not Homeless,490218
1022,2020,25.01-50 (Somewhat Unhealthy),ED Visit,Age Group,60+,Co-Occuring Disorders,Not Homeless,10122
1023,2020,25.01-50 (Somewhat Unhealthy),ED Visit,Age Group,60+,Mental Health Disorders,Not Homeless,52952
1024,2020,25.01-50 (Somewhat Unhealthy),ED Visit,Age Group,60+,Substance Use Disorders,Not Homeless,40964
1025,2020,50.01-75 (Somewhat Healthy),ED Visit,Age Group,0 to 18,All Other Diagnoses,Homeless,265
1026,2020,50.01-75 (Somewhat Healthy),ED Visit,Age Group,0 to 18,Co-Occuring Disorders,Homeless,47
1027,2020,50.01-75 (Somewhat Healthy),ED Visit,Age Group,0 to 18,Mental Health Disorders,Homeless,78
1028,2020,50.01-75 (Somewhat Healthy),ED Visit,Age Group,0 to 18,Substance Use Disorders,Homeless,36
1029,2020,50.01-75 (Somewhat Healthy),ED Visit,Age Group,0 to 18,All Other Diagnoses,Not Homeless,295031
1030,2020,50.01-75 (Somewhat Healthy),ED Visit,Age Group,0 to 18,Co-Occuring Disorders,Not Homeless,2072
1031,2020,50.01-75 (Somewhat Healthy),ED Visit,Age Group,0 to 18,Mental Health Disorders,Not Homeless,21735
1032,2020,50.01-75 (Somewhat Healthy),ED Visit,Age Group,0 to 18,Substance Use Disorders,Not Homeless,3755
1033,2020,50.01-75 (Somewhat Healthy),ED Visit,Age Group,19 to 39,All Other Diagnoses,Homeless,7689
1034,2020,50.01-75 (Somewhat Healthy),ED Visit,Age Group,19 to 39,Co-Occuring Disorders,Homeless,4796
1035,2020,50.01-75 (Somewhat Healthy),ED Visit,Age Group,19 to 39,Mental Health Disorders,Homeless,4059
1036,2020,50.01-75 (Somewhat Healthy),ED Visit,Age Group,19 to 39,Substance Use Disorders,Homeless,5841
1037,2020,50.01-75 (Somewhat Healthy),ED Visit,Age Group,19 to 39,All Other Diagnoses,Not Homeless,497918
1038,2020,50.01-75 (Somewhat Healthy),ED Visit,Age Group,19 to 39,Co-Occuring Disorders,Not Homeless,25935
1039,2020,50.01-75 (Somewhat Healthy),ED Visit,Age Group,19 to 39,Mental Health Disorders,Not Homeless,65095
1040,2020,50.01-75 (Somewhat Healthy),ED Visit,Age Group,19 to 39,Substance Use Disorders,Not Homeless,73190
1041,2020,50.01-75 (Somewhat Healthy),ED Visit,Age Group,40 to 59,All Other Diagnoses,Homeless,9207
1042,2020,50.01-75 (Somewhat Healthy),ED Visit,Age Group,40 to 59,Co-Occuring Disorders,Homeless,4590
1043,2020,50.01-75 (Somewhat Healthy),ED Visit,Age Group,40 to 59,Mental Health Disorders,Homeless,3765
1044,2020,50.01-75 (Somewhat Healthy),ED Visit,Age Group,40 to 59,Substance Use Disorders,Homeless,6987
1045,2020,50.01-75 (Somewhat Healthy),ED Visit,Age Group,40 to 59,All Other Diagnoses,Not Homeless,388859
1046,2020,50.01-75 (Somewhat Healthy),ED Visit,Age Group,40 to 59,Co-Occuring Disorders,Not Homeless,19175
1047,2020,50.01-75 (Somewhat Healthy),ED Visit,Age Group,40 to 59,Mental Health Disorders,Not Homeless,50231
1048,2020,50.01-75 (Somewhat Healthy),ED Visit,Age Group,40 to 59,Substance Use Disorders,Not Homeless,59526
1049,2020,50.01-75 (Somewhat Healthy),ED Visit,Age Group,60+,All Other Diagnoses,Homeless,3661
1050,2020,50.01-75 (Somewhat Healthy),ED Visit,Age Group,60+,Co-Occuring Disorders,Homeless,982
1051,2020,50.01-75 (Somewhat Healthy),ED Visit,Age Group,60+,Mental Health Disorders,Homeless,1225
1052,2020,50.01-75 (Somewhat Healthy),ED Visit,Age Group,60+,Substance Use Disorders,Homeless,2434
1053,2020,50.01-75 (Somewhat Healthy),ED Visit,Age Group,60+,All Other Diagnoses,Not Homeless,465612
1054,2020,50.01-75 (Somewhat Healthy),ED Visit,Age Group,60+,Co-Occuring Disorders,Not Homeless,9123
1055,2020,50.01-75 (Somewhat Healthy),ED Visit,Age Group,60+,Mental Health Disorders,Not Homeless,57153
1056,2020,50.01-75 (Somewhat Healthy),ED Visit,Age Group,60+,Substance Use Disorders,Not Homeless,31935
1057,2020,75.01-100 (Most Healthy),ED Visit,Age Group,0 to 18,All Other Diagnoses,Homeless,480
1058,2020,75.01-100 (Most Healthy),ED Visit,Age Group,0 to 18,Co-Occuring Disorders,Homeless,41
1059,2020,75.01-100 (Most Healthy),ED Visit,Age Group,0 to 18,Mental Health Disorders,Homeless,96
1060,2020,75.01-100 (Most Healthy),ED Visit,Age Group,0 to 18,Substance Use Disorders,Homeless,60
1061,2020,75.01-100 (Most Healthy),ED Visit,Age Group,0 to 18,All Other Diagnoses,Not Homeless,193299
1062,2020,75.01-100 (Most Healthy),ED Visit,Age Group,0 to 18,Co-Occuring Disorders,Not Homeless,1575
1063,2020,75.01-100 (Most Healthy),ED Visit,Age Group,0 to 18,Mental Health Disorders,Not Homeless,16351
1064,2020,75.01-100 (Most Healthy),ED Visit,Age Group,0 to 18,Substance Use Disorders,Not Homeless,2569
1065,2020,75.01-100 (Most Healthy),ED Visit,Age Group,19 to 39,All Other Diagnoses,Homeless,13230
1066,2020,75.01-100 (Most Healthy),ED Visit,Age Group,19 to 39,Co-Occuring Disorders,Homeless,10384
1067,2020,75.01-100 (Most Healthy),ED Visit,Age Group,19 to 39,Mental Health Disorders,Homeless,6448
1068,2020,75.01-100 (Most Healthy),ED Visit,Age Group,19 to 39,Substance Use Disorders,Homeless,13082
1069,2020,75.01-100 (Most Healthy),ED Visit,Age Group,19 to 39,All Other Diagnoses,Not Homeless,316625
1070,2020,75.01-100 (Most Healthy),ED Visit,Age Group,19 to 39,Co-Occuring Disorders,Not Homeless,18355
1071,2020,75.01-100 (Most Healthy),ED Visit,Age Group,19 to 39,Mental Health Disorders,Not Homeless,45483
1072,2020,75.01-100 (Most Healthy),ED Visit,Age Group,19 to 39,Substance Use Disorders,Not Homeless,42702
1073,2020,75.01-100 (Most Healthy),ED Visit,Age Group,40 to 59,All Other Diagnoses,Homeless,17238
1074,2020,75.01-100 (Most Healthy),ED Visit,Age Group,40 to 59,Co-Occuring Disorders,Homeless,11310
1075,2020,75.01-100 (Most Healthy),ED Visit,Age Group,40 to 59,Mental Health Disorders,Homeless,6516
1076,2020,75.01-100 (Most Healthy),ED Visit,Age Group,40 to 59,Substance Use Disorders,Homeless,18778
1077,2020,75.01-100 (Most Healthy),ED Visit,Age Group,40 to 59,All Other Diagnoses,Not Homeless,285112
1078,2020,75.01-100 (Most Healthy),ED Visit,Age Group,40 to 59,Co-Occuring Disorders,Not Homeless,14303
1079,2020,75.01-100 (Most Healthy),ED Visit,Age Group,40 to 59,Mental Health Disorders,Not Homeless,37626
1080,2020,75.01-100 (Most Healthy),ED Visit,Age Group,40 to 59,Substance Use Disorders,Not Homeless,38256
1081,2020,75.01-100 (Most Healthy),ED Visit,Age Group,60+,All Other Diagnoses,Homeless,8684
1082,2020,75.01-100 (Most Healthy),ED Visit,Age Group,60+,Co-Occuring Disorders,Homeless,3051
1083,2020,75.01-100 (Most Healthy),ED Visit,Age Group,60+,Mental Health Disorders,Homeless,2682
1084,2020,75.01-100 (Most Healthy),ED Visit,Age Group,60+,Substance Use Disorders,Homeless,7812
1085,2020,75.01-100 (Most Healthy),ED Visit,Age Group,60+,All Other Diagnoses,Not Homeless,390202
1086,2020,75.01-100 (Most Healthy),ED Visit,Age Group,60+,Co-Occuring Disorders,Not Homeless,7128
1087,2020,75.01-100 (Most Healthy),ED Visit,Age Group,60+,Mental Health Disorders,Not Homeless,50572
1088,2020,75.01-100 (Most Healthy),ED Visit,Age Group,60+,Substance Use Disorders,Not Homeless,21883
